,id,event_full_datetime,date,event_type,event_name,count,part_name,input,output,start_time,end_time,end_setup,first_yield,first_pass_yield,part,error,program,runtime,downtime,repair,maintain,state_type,previous_state_id,minutes_since_last_failure,minutes_since_last_error,minutes_since_last_repair,minutes_since_last_maintain,minutes_since_last_io
0,105,2022-03-02 11:02:47+00:00,2022-03-02,IO,LANDING_LEDGE_48,1,LANDING_LEDGE_48,5.0,5.0,2022-04-26 11:02:47.890,2022-04-26 11:10:25.473,,,,,,,,,,,,,,,,,
1,106,2022-03-02 11:44:23+00:00,2022-03-02,IO,LANDING_LEDGE_48 RERUN,1,LANDING_LEDGE_48 RERUN,2.0,2.0,2022-04-26 11:44:23.826,2022-04-26 11:46:47.563,,,,,,,,,,,,105.0,,,,,
2,111,2022-03-03 14:35:30+00:00,2022-03-03,IO,BACK FLUE PANEL,1,BACK FLUE PANEL,6.0,6.0,2022-04-26 14:35:30.370,2022-04-26 14:59:14.996,,,,,,,,,,,,106.0,,,,,
3,118,2022-03-04 09:48:23+00:00,2022-03-04,IO,SRB_VALVE_COVER_36,1,SRB_VALVE_COVER_36,6.0,5.0,2022-04-26 09:48:23.340,2022-04-26 10:05:24.690,,,,,,,,,,,,111.0,,,,,
4,113,2022-03-04 11:40:23+00:00,2022-03-04,IO,SSP_FRONT_CROSS_SUPPORT,1,SSP_FRONT_CROSS_SUPPORT,80.0,80.0,2022-04-26 11:40:23.850,2022-04-26 13:31:23.663,,,,,,,,,,,,118.0,,,,,
5,122,2022-03-07 11:09:02+00:00,2022-03-07,IO,SSP DBL SIDE PANEL 24 H,1,SSP DBL SIDE PANEL 24 H,22.0,21.0,2022-04-26 11:09:02.000,2022-04-26 11:51:02.836,,,,,,,,,,,,113.0,,,,,
6,130,2022-03-07 11:58:34+00:00,2022-03-07,IO,SSP DBL SIDE PANEL 24 H,1,SSP DBL SIDE PANEL 24 H,34.0,34.0,2022-04-26 11:58:34.926,2022-04-26 12:16:35.803,,,,,,,,,,,,122.0,,,,,
7,128,2022-03-07 12:40:10+00:00,2022-03-07,IO,SSP VALVE COVER REGULAR,1,SSP VALVE COVER REGULAR,45.0,45.0,2022-04-26 12:40:10.413,2022-04-26 13:07:11.396,,,,,,,,,,,,130.0,,,,,
8,125,2022-03-07 13:12:28+00:00,2022-03-07,IO,SSP VALVE COVER JET,1,SSP VALVE COVER JET,9.0,9.0,2022-04-26 13:12:28.900,2022-04-26 13:21:08.663,,,,,,,,,,,,128.0,,,,,
9,127,2022-03-07 13:59:02+00:00,2022-03-07,IO,SHP VALVE COVER 12 DBL,1,SHP VALVE COVER 12 DBL,10.0,10.0,2022-04-26 13:59:02.446,2022-04-26 14:10:44.103,,,,,,,,,,,,125.0,,,,,
10,126,2022-03-07 14:17:30+00:00,2022-03-07,IO,SCB VALVE COVER 12,1,SCB VALVE COVER 12,2.0,2.0,2022-04-26 14:17:30.623,2022-04-26 14:26:31.790,,,,,,,,,,,,127.0,,,,,
11,129,2022-03-07 14:28:13+00:00,2022-03-07,IO,SMG VALVE COVER,1,SMG VALVE COVER,11.0,11.0,2022-04-26 14:28:13.783,2022-04-26 14:42:58.536,,,,,,,,,,,,126.0,,,,,
12,124,2022-03-07 14:51:28+00:00,2022-03-07,IO,SCB VALVE COVER 12,1,SCB VALVE COVER 12,9.0,9.0,2022-04-26 14:51:28.266,2022-04-26 15:05:36.940,,,,,,,,,,,,129.0,,,,,
13,135,2022-03-08 09:27:26+00:00,2022-03-08,IO,DBL SSP BACK PANEL 18 H,1,DBL SSP BACK PANEL 18 H,22.0,22.0,2022-04-26 09:27:26.050,2022-04-26 10:02:05.026,,,,,,,,,,,,124.0,,,,,
14,131,2022-03-08 10:06:06+00:00,2022-03-08,IO,DBBL SSP BACK PANEL 24,1,DBBL SSP BACK PANEL 24,6.0,6.0,2022-04-26 10:06:06.373,2022-04-26 10:24:35.053,,,,,,,,,,,,135.0,,,,,
15,133,2022-03-08 10:26:08+00:00,2022-03-08,IO,DBBL SSP BACK PANEL 24,1,DBBL SSP BACK PANEL 24,20.0,20.0,2022-04-26 10:26:08.186,2022-04-26 11:18:20.123,,,,,,,,,,,,131.0,,,,,
16,132,2022-03-08 11:25:31+00:00,2022-03-08,IO,DBL SSP LEG CHANEL,1,DBL SSP LEG CHANEL,15.0,15.0,2022-04-26 11:25:31.903,2022-04-26 11:43:06.056,,,,,,,,,,,,133.0,,,,,
17,134,2022-03-08 12:46:01+00:00,2022-03-08,IO,BACK PANEL SSP 24 H,1,BACK PANEL SSP 24 H,40.0,40.0,2022-04-26 12:46:01.326,2022-04-26 13:22:36.110,,,,,,,,,,,,132.0,,,,,
18,144,2022-03-09 10:04:02+00:00,2022-03-09,IO,BIG BURNER,1,BIG BURNER,15.0,15.0,2022-04-26 10:04:02.886,2022-04-26 10:18:52.120,,,,,,,,,,,,134.0,,,,,
19,143,2022-03-09 10:21:34+00:00,2022-03-09,IO,TRACKS HOT PLATE SRB SHP,1,TRACKS HOT PLATE SRB SHP,14.0,14.0,2022-04-26 10:21:34.673,2022-04-26 10:32:40.966,,,,,,,,,,,,144.0,,,,,
20,140,2022-03-09 11:18:12+00:00,2022-03-09,IO,TRACKS HOT PLATE SRB SHP,1,TRACKS HOT PLATE SRB SHP,39.0,39.0,2022-04-26 11:18:12.603,2022-04-26 11:18:14.053,,,,,,,,,,,,143.0,,,,,
21,142,2022-03-09 11:18:47+00:00,2022-03-09,IO,TRACKS SHP,1,TRACKS SHP,160.0,160.0,2022-04-26 11:18:47.220,2022-04-26 12:28:36.403,,,,,,,,,,,,140.0,,,,,
22,136,2022-03-09 12:49:46+00:00,2022-03-09,IO,VALVE COVER REGULAR,1,VALVE COVER REGULAR,8.0,8.0,2022-04-26 12:49:46.746,2022-04-26 13:09:58.646,,,,,,,,,,,,142.0,,,,,
23,137,2022-03-09 13:23:45+00:00,2022-03-09,IO,DBL SSP JET ORIFIC BRACKET,1,DBL SSP JET ORIFIC BRACKET,9.0,9.0,2022-04-26 13:23:45.013,2022-04-26 14:02:46.873,,,,,,,,,,,,136.0,,,,,
24,138,2022-03-09 14:05:18+00:00,2022-03-09,IO,SSP BURNER CONNECTOR,1,SSP BURNER CONNECTOR,1.0,1.0,2022-04-26 14:05:18.536,2022-04-26 14:09:35.296,,,,,,,,,,,,137.0,,,,,
25,139,2022-03-09 14:09:59+00:00,2022-03-09,IO,SSP BURNER CONNECTOR,1,SSP BURNER CONNECTOR,11.0,11.0,2022-04-26 14:09:59.713,2022-04-26 14:34:24.810,,,,,,,,,,,,138.0,,,,,
26,145,2022-03-09 14:55:49+00:00,2022-03-09,IO,CRUMB TRAY 12,1,CRUMB TRAY 12,10.0,10.0,2022-04-26 14:55:49.813,2022-04-26 15:03:19.046,,,,,,,,,,,,139.0,,,,,
27,141,2022-03-09 15:03:49+00:00,2022-03-09,IO,DBL SSP BACK SPACER,1,DBL SSP BACK SPACER,18.0,18.0,2022-04-26 15:03:49.813,2022-04-26 15:23:41.043,,,,,,,,,,,,145.0,,,,,
28,146,2022-03-10 09:43:42+00:00,2022-03-10,IO,SHP BACK STOP 12,1,SHP BACK STOP 12,5.0,4.0,2022-04-26 09:43:42.970,2022-04-26 09:43:46.043,,,,,,,,,,,,141.0,,,,,
29,147,2022-03-10 09:44:00+00:00,2022-03-10,IO,SHP BACK STOP 12,1,SHP BACK STOP 12,24.0,24.0,2022-04-26 09:44:00.936,2022-04-26 10:09:51.620,,,,,,,,,,,,146.0,,,,,
30,148,2022-03-10 10:20:53+00:00,2022-03-10,IO,BACKSTOP DBL SHP 12,1,BACKSTOP DBL SHP 12,15.0,15.0,2022-04-26 10:20:53.780,2022-04-26 10:28:36.316,,,,,,,,,,,,147.0,,,,,
31,149,2022-03-10 11:08:14+00:00,2022-03-10,IO,SSP CRUMB TRAY,1,SSP CRUMB TRAY,28.0,28.0,2022-04-26 11:08:14.156,2022-04-26 11:31:00.963,,,,,,,,,,,,148.0,,,,,
32,151,2022-03-10 11:40:03+00:00,2022-03-10,IO,FRONT MANIFOLD SUPPORT 12,1,FRONT MANIFOLD SUPPORT 12,54.0,54.0,2022-04-26 11:40:03.000,2022-04-26 13:16:30.846,,,,,,,,,,,,149.0,,,,,
33,152,2022-03-10 13:02:38+00:00,2022-03-10,IO,MANIFOLD SUPPORT 12,1,MANIFOLD SUPPORT 12,18.0,18.0,2022-04-26 13:02:38.076,2022-04-26 13:16:30.846,,,,,,,,,,,,151.0,,,,,
34,150,2022-03-10 13:18:21+00:00,2022-03-10,IO,INSIDE PANEL SHP,1,INSIDE PANEL SHP,15.0,15.0,2022-04-26 13:18:21.000,2022-04-26 14:54:11.130,,,,,,,,,,,,152.0,,,,,
35,154,2022-03-14 08:34:15+00:00,2022-03-14,IO,BACK LINER 24 RANGE,1,BACK LINER 24 RANGE,13.0,13.0,2022-04-26 08:34:15.566,2022-04-26 09:14:54.176,,,,,,,,,,,,150.0,,,,,
36,158,2022-03-14 09:33:41+00:00,2022-03-14,IO,VALVE COVER THERMO 36 SMG,1,VALVE COVER THERMO 36 SMG,5.0,5.0,2022-04-26 09:33:41.993,2022-04-26 09:40:21.343,,,,,,,,,,,,154.0,,,,,
37,153,2022-03-14 09:42:21+00:00,2022-03-14,IO,VALVE COVER THEWRMO 48,1,VALVE COVER THEWRMO 48,6.0,6.0,2022-04-26 09:42:21.353,2022-04-26 09:52:58.183,,,,,,,,,,,,158.0,,,,,
38,157,2022-03-14 09:55:22+00:00,2022-03-14,IO,VALVE COVER 60,1,VALVE COVER 60,6.0,6.0,2022-04-26 09:55:22.743,2022-04-26 10:03:46.543,,,,,,,,,,,,153.0,,,,,
39,161,2022-03-14 10:05:59+00:00,2022-03-14,IO,VALVECOVER THERMO 76 SMG,1,VALVECOVER THERMO 76 SMG,3.0,3.0,2022-04-26 10:05:59.440,2022-04-26 10:12:55.176,,,,,,,,,,,,157.0,,,,,
40,160,2022-03-14 11:03:46+00:00,2022-03-14,IO,HIGH FRONT RANGE 24,1,HIGH FRONT RANGE 24,6.0,6.0,2022-04-26 11:03:46.320,2022-04-26 11:25:37.490,,,,,,,,,,,,161.0,,,,,
41,156,2022-03-14 12:23:21+00:00,2022-03-14,IO,LANDING LEDGE 72 ENDS HERE,1,LANDING LEDGE 72 ENDS HERE,6.0,6.0,2022-04-26 12:23:21.900,2022-04-26 12:23:24.843,,,,,,,,,,,,160.0,,,,,
42,155,2022-03-14 12:37:07+00:00,2022-03-14,IO,LANDING LEDGE 60 GRIDDLE,1,LANDING LEDGE 60 GRIDDLE,2.0,2.0,2022-04-26 12:37:07.146,2022-04-26 12:42:15.410,,,,,,,,,,,,156.0,,,,,
43,159,2022-03-14 12:49:20+00:00,2022-03-14,IO,LANDING LEDGE 36,1,LANDING LEDGE 36,8.0,8.0,2022-04-26 12:49:20.350,2022-04-26 12:54:07.876,,,,,,,,,,,,155.0,,,,,
44,162,2022-03-15 09:09:20+00:00,2022-03-15,IO,BACK FLUE PANEL SMG ALL,1,BACK FLUE PANEL SMG ALL,14.0,14.0,2022-04-26 09:09:20.613,2022-04-26 10:06:50.333,,,,,,,,,,,,159.0,,,,,
45,163,2022-03-15 10:11:29+00:00,2022-03-15,IO,OVEN BASE 60,1,OVEN BASE 60,13.0,13.0,2022-04-26 10:11:29.790,2022-04-26 11:44:51.726,,,,,,,,,,,,162.0,,,,,
46,164,2022-03-15 12:30:19+00:00,2022-03-15,IO,SHP BACK PANEL,1,SHP BACK PANEL,153.0,153.0,2022-04-26 12:30:19.390,2022-04-26 14:19:13.963,,,,,,,,,,,,163.0,,,,,
47,62,2022-03-16 09:21:00+00:00,2022-03-16,SETUP,Tool Change,1,,,,2022-04-26 09:21:00.000,2022-04-26 09:25:00.000,,,,,,,,,,,,164.0,,,,,
48,63,2022-03-16 09:30:00+00:00,2022-03-16,SETUP,Clamp Reposition,1,,,,2022-04-26 09:30:00.000,2022-04-26 09:34:00.000,,,,,,,,,,,,62.0,,,,,
49,64,2022-03-16 09:45:00+00:00,2022-03-16,ERROR,Axis Error C,1,,,,2022-04-26 09:45:00.000,2022-04-26 09:46:00.000,,,,,,,,,,,,63.0,,0.0,,,
50,200,2022-03-16 10:00:00+00:00,2022-03-16,IO,Oven Base 60,1,Oven Base 60,10.0,10.0,2022-04-26 10:00:00.000,2022-04-26 11:14:00.000,10:18:00,10:19:00,False,,,,,,,,,64.0,,15.0,,,
51,65,2022-03-16 11:11:00+00:00,2022-03-16,ERROR,No Punch Zone,1,,,,2022-04-26 11:11:00.000,2022-04-26 11:12:00.000,,,,,,,,,,,,200.0,,0.0,,,
52,199,2022-03-16 21:21:00+00:00,2022-03-16,IO,Back Flue Griddle,1,Back Flue Griddle,14.0,13.0,2022-04-26 21:21:00.000,2022-04-26 10:00:00.000,09:34:00,09:35:00,False,,,,,,,,,65.0,,610.0,,,
53,210,2022-03-17 09:57:00+00:00,2022-03-17,IO,Inside Panel SHP,1,Inside Panel SHP,1.0,1.0,2022-04-26 09:57:00.000,2022-04-26 10:31:00.000,10:26:00,10:31:00,False,,,,,,,,,199.0,,1366.0,,,
54,38,2022-03-17 13:06:00+00:00,2022-03-17,ERROR,Axis Error C,1,,,,2022-04-26 13:06:00.000,2022-04-26 13:07:00.000,,,,,,,,,,,,210.0,,0.0,,,
55,211,2022-03-17 13:17:00+00:00,2022-03-17,IO,Inside Panel SHP,1,Inside Panel SHP,14.0,14.0,2022-04-26 13:17:00.000,2022-04-26 13:26:00.000,13:17:00,13:19:00,False,,,,,,,,,38.0,,11.0,,,
56,40,2022-03-18 10:15:00+00:00,2022-03-18,SETUP,Clamp Reposition,1,,,,2022-04-26 10:15:00.000,2022-04-26 10:20:00.000,,,,,,,,,,,,211.0,,1269.0,,,
57,39,2022-03-18 10:20:00+00:00,2022-03-18,SETUP,Tool Change,2,,,,2022-04-26 10:20:00.000,2022-04-26 10:30:00.000,,,,,,,,,,,,40.0,,1274.0,,,
58,41,2022-03-18 14:57:00+00:00,2022-03-18,ERROR,Axis Error X,2,,,,2022-04-26 14:57:00.000,2022-04-26 15:20:00.000,,,,,,,,,,,,39.0,,0.0,,,
60,60,2022-03-22 09:00:00+00:00,2022-03-22,SETUP,Tool Change,2,,,,2022-04-26 09:00:00.000,2022-04-26 09:20:00.000,,,,,,,,,,,,13.0,,5403.0,,,
61,197,2022-03-22 09:20:00+00:00,2022-03-22,IO,Burner Hangover SSP,1,Burner Hangover SSP,13.0,12.0,2022-04-26 09:20:00.000,2022-04-26 09:42:00.000,09:43:00,09:45:00,False,,,,,,,,,60.0,,5423.0,,,
62,198,2022-03-22 09:42:00+00:00,2022-03-22,IO,Leg Chanel Double SSP,1,Leg Chanel Double SSP,35.0,35.0,2022-04-26 09:42:00.000,2022-04-26 10:15:00.000,09:42:00,09:42:00,True,,,,,,,,,197.0,,5445.0,,,
63,61,2022-03-23 11:53:00+00:00,2022-03-23,FAILURE,Clamp Base Broken,1,,,,2022-04-26 11:53:00.000,2022-04-26 02:00:00.000,,,,,,,,,,,,198.0,,7016.0,,,
64,5,2022-03-24 12:35:00+00:00,2022-03-24,SETUP,landing ledge 12 tool_change,1,,,,2022-04-26 12:35:00.000,2022-04-26 12:44:00.000,,,,,,,,,,,,61.0,,8498.0,,,
65,3,2022-03-24 12:44:00+00:00,2022-03-24,SETUP,landing ledge SHP 12 tool_change 2,1,,,,2022-04-26 12:44:00.000,2022-04-26 12:46:00.000,,,,,,,,,,,,5.0,,8507.0,,,
66,4,2022-03-24 13:58:00+00:00,2022-03-24,SETUP,Oven Manifold Support 36 tool_change,2,,,,2022-04-26 13:58:00.000,2022-04-26 14:12:00.000,,,,,,,,,,,,3.0,,8581.0,,,
67,8,2022-03-24 14:13:00+00:00,2022-03-24,SETUP,Oven Manifold Support 36 camp,1,,,,2022-04-26 14:13:00.000,2022-04-26 14:13:00.000,,,,,,,,,,,,4.0,,8596.0,,,
68,9,2022-03-25 12:31:00+00:00,2022-03-25,SETUP,Tool Change 2,1,,,,2022-04-26 12:31:00.000,2022-04-26 12:31:00.000,,,,,,,,,,,,8.0,,9934.0,,,
69,2,2022-03-25 13:17:00+00:00,2022-03-25,REPAIR,Tool Change 2,1,,,,2022-04-26 13:17:00.000,2022-04-26 13:17:00.000,,,,,,,,,,,,9.0,,9980.0,,,
70,16,2022-03-25 13:17:00+00:00,2022-03-25,REPAIR,Tool Repair 1,1,,,,2022-04-26 13:17:00.000,2022-04-26 13:17:00.000,,,,,,,,,,,,2.0,,9980.0,,,
71,6,2022-03-28 09:41:00+00:00,2022-03-28,SETUP,Part Inspection,1,,,,2022-04-26 09:41:00.000,2022-04-26 09:47:00.000,,,,,,,,,,,,16.0,,14084.0,,,
72,17,2022-03-28 10:24:00+00:00,2022-03-28,SETUP,tool change,1,,,,2022-04-26 10:24:00.000,2022-04-26 10:26:00.000,,,,,,,,,,,,6.0,,14127.0,,,
73,11,2022-03-28 10:27:00+00:00,2022-03-28,SETUP,Clamp Move,1,,,,2022-04-26 10:27:00.000,2022-04-26 10:29:00.000,,,,,,,,,,,,17.0,,14130.0,,,
74,7,2022-03-28 12:35:00+00:00,2022-03-28,SETUP,Clamp,1,,,,2022-04-26 12:35:00.000,2022-04-26 12:35:00.000,,,,,,,,,,,,11.0,,14258.0,,,
75,10,2022-03-28 12:35:00+00:00,2022-03-28,SETUP,tool change,2,,,,2022-04-26 12:35:00.000,2022-04-26 12:35:00.000,,,,,,,,,,,,7.0,,14258.0,,,
76,201,2022-03-29 09:05:00+00:00,2022-03-29,IO,Outside Panel SHP ,1,Outside Panel SHP ,120.0,120.0,2022-04-26 09:05:00.000,2022-04-26 23:25:00.000,09:14:00,09:23:00,False,,,,,,,,,10.0,,15488.0,,,
77,19,2022-03-29 09:27:00+00:00,2022-03-29,ERROR,No Punch Zone,1,,,,2022-04-26 09:27:00.000,2022-04-26 09:27:00.000,,,,,,,,,,,,201.0,,0.0,,,
78,20,2022-03-29 11:30:00+00:00,2022-03-29,SETUP,Tool Change,1,,,,2022-04-26 11:30:00.000,2022-04-26 11:36:00.000,,,,,,,,,,,,19.0,,123.0,,,
79,202,2022-03-29 11:30:00+00:00,2022-03-29,IO,Griddle Grease Can,1,Griddle Grease Can,52.0,52.0,2022-04-26 11:30:00.000,2022-04-26 12:30:00.000,11:40:00,11:40:00,True,,,,,,,,,20.0,,123.0,,,
80,15,2022-03-29 11:34:00+00:00,2022-03-29,SETUP,Tool Change SSP Back Panel,2,,,,2022-04-26 11:34:00.000,2022-04-26 11:34:00.000,,,,,,,,,,,,202.0,,127.0,,,
81,21,2022-03-29 11:36:00+00:00,2022-03-29,SETUP,Clamp Reposition,1,,,,2022-04-26 11:36:00.000,2022-04-26 11:40:00.000,,,,,,,,,,,,15.0,,129.0,,,
82,22,2022-03-29 11:40:00+00:00,2022-03-29,ERROR,Tool Sticking to Material,1,,,,2022-04-26 11:40:00.000,2022-04-26 11:42:00.000,,,,,,,,,,,,21.0,,0.0,,,
83,18,2022-03-29 13:59:00+00:00,2022-03-29,SETUP,part search,1,,,,2022-04-26 13:59:00.000,2022-04-26 14:03:00.000,,,,,,,,,,,,22.0,,139.0,,,
84,14,2022-03-29 14:42:00+00:00,2022-03-29,SETUP,Clamp Move,1,,,,2022-04-26 14:42:00.000,2022-04-26 15:02:00.000,,,,,,,,,,,,18.0,,182.0,,,
85,12,2022-03-30 12:16:00+00:00,2022-03-30,SETUP,clamps,1,,,,2022-04-26 12:16:00.000,2022-04-26 12:16:00.000,,,,,,,,,,,,14.0,,1476.0,,,
86,217,2022-04-01 01:31:00+00:00,2022-04-01,IO,Oven Top SR 36,1,Oven Top SR 36,28.0,27.0,2022-04-26 01:31:00.000,2022-04-26 02:00:00.000,13:33:00,01:33:00,False,,,,,,,,,12.0,,3711.0,,,
87,215,2022-04-01 02:36:00+00:00,2022-04-01,IO,Oven Kick Plate Braket,1,Oven Kick Plate Braket,10.0,7.0,2022-04-26 02:36:00.000,2022-04-26 03:06:00.000,02:36:00,02:52:00,False,,,,,,,,,217.0,,3776.0,,,
88,29,2022-04-01 09:10:00+00:00,2022-04-01,ERROR,Axis Error C,1,,,,2022-04-26 09:10:00.000,2022-04-26 09:14:00.000,,,,,,,,,,,,215.0,,0.0,,,
89,48,2022-04-01 09:26:00+00:00,2022-04-01,ERROR,No Punch Zone,1,,,,2022-04-26 09:26:00.000,2022-04-26 09:28:00.000,,,,,,,,,,,,29.0,,0.0,,,
90,47,2022-04-01 09:28:00+00:00,2022-04-01,ERROR,NA,1,,,,2022-04-26 09:28:00.000,2022-04-26 09:29:00.000,,,,,,,,,,,,48.0,,0.0,,,
91,218,2022-04-01 09:28:00+00:00,2022-04-01,IO,Griddle Baffel SR 48,1,Griddle Baffel SR 48,16.0,16.0,2022-04-26 09:28:00.000,2022-04-26 09:46:00.000,09:28:00,09:28:00,True,,,,,,,,,47.0,,0.0,,,
92,46,2022-04-01 09:29:00+00:00,2022-04-01,SETUP,Clamp Reposition,1,,,,2022-04-26 09:29:00.000,2022-04-26 09:30:00.000,,,,,,,,,,,,218.0,,1.0,,,
93,219,2022-04-01 09:46:00+00:00,2022-04-01,IO,Tracks SMG,1,Tracks SMG,93.0,93.0,2022-04-26 09:46:00.000,2022-04-26 12:04:00.000,10:12:00,10:12:00,True,,,,,,,,,46.0,,18.0,,,
94,216,2022-04-01 13:06:00+00:00,2022-04-01,IO,Griddle Baffel SMG 72,1,Griddle Baffel SMG 72,8.0,7.0,2022-04-26 13:06:00.000,2022-04-26 13:31:00.000,13:16:00,13:17:00,False,,,,,,,,,219.0,,218.0,,,
95,25,2022-04-04 08:48:00+00:00,2022-04-04,STOP,Task Abandon,1,,,,2022-04-26 08:48:00.000,2022-04-26 09:08:00.000,,,,,,,,,,,,216.0,,4280.0,,,
96,26,2022-04-04 09:08:00+00:00,2022-04-04,STOP,Task Abandon,1,,,,2022-04-26 09:08:00.000,2022-04-26 09:14:00.000,,,,,,,,,,,,25.0,,4300.0,,,
97,23,2022-04-04 09:10:00+00:00,2022-04-04,ERROR,Axis Error,1,,,,2022-04-26 09:10:00.000,2022-04-26 09:14:00.000,,,,,,,,,,,,26.0,,0.0,,,
98,203,2022-04-04 09:14:00+00:00,2022-04-04,IO,Oven Kick Plate Bracket,1,Oven Kick Plate Bracket,14.0,14.0,2022-04-26 09:14:00.000,2022-04-26 09:30:00.000,09:17:00,09:17:00,False,,,,,,,,,23.0,,4.0,,,
99,27,2022-04-04 09:30:00+00:00,2022-04-04,SETUP,Tool Change,3,,,,2022-04-26 09:30:00.000,2022-04-26 09:51:00.000,,,,,,,,,,,,203.0,,20.0,,,
100,204,2022-04-04 09:51:00+00:00,2022-04-04,IO,Valve Cover SMG 18,1,Valve Cover SMG 18,15.0,11.0,2022-04-26 09:51:00.000,2022-04-26 10:36:00.000,10:25:00,11:30:00,False,,,,,,,,,27.0,,41.0,,,
101,205,2022-04-04 10:45:00+00:00,2022-04-04,IO,Front Burner Support SMG,1,Front Burner Support SMG,15.0,14.0,2022-04-26 10:45:00.000,2022-04-26 12:18:00.000,11:47:00,11:50:00,False,,,,,,,,,204.0,,95.0,,,
102,28,2022-04-04 11:47:00+00:00,2022-04-04,ERROR,No Punch Zone,1,,,,2022-04-26 11:47:00.000,2022-04-26 11:50:00.000,,,,,,,,,,,,205.0,,0.0,,,
103,206,2022-04-04 12:29:00+00:00,2022-04-04,IO,Griddle Valve Cover SMG 36,1,Griddle Valve Cover SMG 36,14.0,14.0,2022-04-26 12:29:00.000,2022-04-26 12:43:00.000,12:29:00,12:31:00,True,,,,,,,,,28.0,,42.0,,,
104,24,2022-04-04 12:49:00+00:00,2022-04-04,STOP,Task Abandon,1,,,,2022-04-26 12:49:00.000,2022-04-26 12:51:00.000,,,,,,,,,,,,206.0,,62.0,,,
105,207,2022-04-04 12:49:00+00:00,2022-04-04,IO,Griddle Baffle SMG 18,1,Griddle Baffle SMG 18,0.0,0.0,2022-04-26 12:49:00.000,2022-04-26 13:01:00.000,12:51:00,12:53:00,False,,,,,,,,,24.0,,62.0,,,
106,32,2022-04-04 12:52:00+00:00,2022-04-04,ERROR,Punch Hold ,1,,,,2022-04-26 12:52:00.000,2022-04-26 12:54:00.000,,,,,,,,,,,,207.0,,0.0,,,
107,33,2022-04-04 13:15:00+00:00,2022-04-04,ERROR,No Punch Zone,1,,,,2022-04-26 13:15:00.000,2022-04-26 13:18:00.000,,,,,,,,,,,,32.0,,0.0,,,
108,208,2022-04-04 13:19:00+00:00,2022-04-04,IO,Cross Support SMG 24,1,Cross Support SMG 24,0.0,0.0,2022-04-26 13:19:00.000,2022-04-26 13:21:00.000,13:21:00,13:22:00,False,,,,,,,,,33.0,,4.0,,,
109,209,2022-04-04 13:50:00+00:00,2022-04-04,IO,Grill D SHP,1,Grill D SHP,15.0,15.0,2022-04-26 13:50:00.000,2022-04-26 14:17:00.000,14:00:00,14:00:00,True,,,,,,,,,208.0,,35.0,,,
110,1,2022-04-05 09:41:00+00:00,2022-04-05,SETUP,tool change,2,,,,2022-04-26 09:41:00.000,2022-04-26 09:56:00.000,,,,,,,,,,,,209.0,,1226.0,,,
111,30,2022-04-05 11:52:00+00:00,2022-04-05,DOWN,DOWN,1,,,,2022-04-26 11:52:00.000,2022-04-26 11:54:00.000,,,,,,,,,,,,1.0,,1357.0,,,
112,31,2022-04-05 12:18:00+00:00,2022-04-05,ERROR,No Punch Zone,1,,,,2022-04-26 12:18:00.000,2022-04-26 12:21:00.000,,,,,,,,,,,,30.0,,0.0,,,
114,212,2022-04-11 09:30:00+00:00,2022-04-11,IO,Inner Back Baffle SCRB 24,1,Inner Back Baffle SCRB 24,15.0,14.0,2022-04-26 09:30:00.000,2022-04-26 10:14:00.000,09:34:00,09:35:00,False,,,,,,,,,196.0,,8472.0,,,
115,213,2022-04-11 11:04:00+00:00,2022-04-11,IO,Outside Panel SRB,1,Outside Panel SRB,4.0,4.0,2022-04-26 11:04:00.000,2022-04-26 11:50:00.000,11:18:00,11:19:00,False,,,,,,,,,212.0,,8566.0,,,
116,42,2022-04-11 11:19:00+00:00,2022-04-11,ERROR,No Punch Zone,1,,,,2022-04-26 11:19:00.000,2022-04-26 11:20:00.000,,,,,,,,,,,,213.0,,0.0,,,
117,43,2022-04-11 11:19:00+00:00,2022-04-11,FAILIURE,Hose Broke,1,,,,2022-04-26 11:19:00.000,2022-04-26 11:22:00.000,,,,,,,,,,,,42.0,,0.0,,,
118,44,2022-04-11 11:50:00+00:00,2022-04-11,REPAIR,Repair Clamp,1,,,,2022-04-26 11:50:00.000,2022-04-26 12:01:00.000,,,,,,,,,,,,43.0,,31.0,,,
119,214,2022-04-11 12:01:00+00:00,2022-04-11,IO,Outside Panel SRB,1,Outside Panel SRB,38.0,38.0,2022-04-26 12:01:00.000,2022-04-26 13:30:00.000,12:02:00,12:44:00,False,,,,,,,,,44.0,,42.0,,,
120,34,2022-04-11 13:18:00+00:00,2022-04-11,ERROR,No Punch Zone,1,,,,2022-04-26 13:18:00.000,2022-04-26 13:19:00.000,,,,,,,,,,,,214.0,,0.0,,,
121,35,2022-04-11 13:19:00+00:00,2022-04-11,STOP,Task Abandon,1,,,,2022-04-26 13:19:00.000,2022-04-26 13:21:00.000,,,,,,,,,,,,34.0,,1.0,,,
122,36,2022-04-11 13:21:00+00:00,2022-04-11,SETUP,Tool Change,1,,,,2022-04-26 13:21:00.000,2022-04-26 13:30:00.000,,,,,,,,,,,,35.0,,3.0,,,
123,37,2022-04-11 14:33:00+00:00,2022-04-11,ERROR,No Punch Zone,1,,,,2022-04-26 14:33:00.000,2022-04-26 14:35:00.000,,,,,,,,,,,,36.0,,0.0,,,
124,45,2022-04-12 13:21:00+00:00,2022-04-12,SETUP,Tool Change,4,,,,2022-04-26 13:21:00.000,2022-04-26 13:30:00.000,,,,,,,,,,,,37.0,,1368.0,,,
125,229,2022-04-13 02:35:00+00:00,2022-04-13,IO,Cross Support 24 RERUN,1,Cross Support 24 RERUN,40.0,40.0,2022-04-26 02:35:00.000,2022-04-26 02:51:00.000,14:36:00,14:37:00,True,,,,,,,,,45.0,,2162.0,,,
126,230,2022-04-13 02:50:00+00:00,2022-04-13,IO,Manifold Support RERUN,1,Manifold Support RERUN,10.0,10.0,2022-04-26 02:50:00.000,2022-04-26 02:59:00.000,14:51:00,14:51:00,True,,,,,,,,,229.0,,2177.0,,,
127,220,2022-04-13 09:23:00+00:00,2022-04-13,IO,Gutter SRB 24,1,Gutter SRB 24,10.0,10.0,2022-04-26 09:23:00.000,2022-04-26 09:30:00.000,09:23:00,09:23:00,True,,,,,,,,,230.0,,2570.0,,,
128,221,2022-04-13 09:30:00+00:00,2022-04-13,IO,Gutter SRB 36,1,Gutter SRB 36,10.0,10.0,2022-04-26 09:30:00.000,2022-04-26 09:44:00.000,09:32:00,09:32:00,True,,,,,,,,,220.0,,2577.0,,,
129,222,2022-04-13 09:44:00+00:00,2022-04-13,IO,Valve Cover SRB 24,1,Valve Cover SRB 24,12.0,12.0,2022-04-26 09:44:00.000,2022-04-26 10:10:00.000,09:46:00,09:47:00,False,,,,,,,,,221.0,,2591.0,,,
130,49,2022-04-13 09:47:00+00:00,2022-04-13,FAILIURE,Hose Broke,1,,,,2022-04-26 09:47:00.000,2022-04-26 09:51:00.000,,,,,,,,,,,,222.0,,2594.0,,,
131,50,2022-04-13 09:55:00+00:00,2022-04-13,FAILIURE,Hose Broke,1,,,,2022-04-26 09:55:00.000,2022-04-26 09:56:00.000,,,,,,,,,,,,49.0,,2602.0,,,
132,51,2022-04-13 09:56:00+00:00,2022-04-13,ERROR,T Not Referenced ,1,,,,2022-04-26 09:56:00.000,2022-04-26 09:57:00.000,,,,,,,,,,,,50.0,,0.0,,,
133,223,2022-04-13 10:10:00+00:00,2022-04-13,IO,Valve Cover SRB 36,1,Valve Cover SRB 36,10.0,10.0,2022-04-26 10:10:00.000,2022-04-26 10:23:00.000,10:12:00,10:12:00,True,,,,,,,,,51.0,,14.0,,,
134,224,2022-04-13 10:23:00+00:00,2022-04-13,IO,Valve Cover SRB 48,1,Valve Cover SRB 48,10.0,9.0,2022-04-26 10:23:00.000,2022-04-26 11:15:00.000,10:25:00,10:30:00,False,,,,,,,,,223.0,,27.0,,,
135,225,2022-04-13 11:15:00+00:00,2022-04-13,IO,Valve Cover SCB 24,1,Valve Cover SCB 24,7.0,7.0,2022-04-26 11:15:00.000,2022-04-26 11:24:00.000,11:16:00,11:17:00,True,,,,,,,,,224.0,,79.0,,,
136,226,2022-04-13 11:26:00+00:00,2022-04-13,IO,Outter Back SRB 24,1,Outter Back SRB 24,11.0,10.0,2022-04-26 11:26:00.000,2022-04-26 11:46:00.000,11:27:00,11:40:00,False,,,,,,,,,225.0,,90.0,,,
137,52,2022-04-13 11:27:00+00:00,2022-04-13,ERROR,No Punch Zone,1,,,,2022-04-26 11:27:00.000,2022-04-26 11:28:00.000,,,,,,,,,,,,226.0,,0.0,,,
138,53,2022-04-13 11:32:00+00:00,2022-04-13,ERROR,No Punch Zone,1,,,,2022-04-26 11:32:00.000,2022-04-26 11:33:00.000,,,,,,,,,,,,52.0,,0.0,,,
139,54,2022-04-13 11:32:00+00:00,2022-04-13,SETUP,Clamp Reposition,1,,,,2022-04-26 11:32:00.000,2022-04-26 11:33:00.000,,,,,,,,,,,,53.0,,0.0,,,
140,55,2022-04-13 11:35:00+00:00,2022-04-13,SETUP,Clamp Reposition,1,,,,2022-04-26 11:35:00.000,2022-04-26 11:36:00.000,,,,,,,,,,,,54.0,,3.0,,,
141,56,2022-04-13 11:46:00+00:00,2022-04-13,STOP,Task Abandon,1,,,,2022-04-26 11:46:00.000,2022-04-26 11:51:00.000,,,,,,,,,,,,55.0,,14.0,,,
142,227,2022-04-13 11:51:00+00:00,2022-04-13,IO,Outter Front Baffle SCB 24,1,Outter Front Baffle SCB 24,15.0,15.0,2022-04-26 11:51:00.000,2022-04-26 12:18:00.000,11:53:00,12:06:00,False,,,,,,,,,56.0,,19.0,,,
143,57,2022-04-13 11:54:00+00:00,2022-04-13,FAILIURE,Hose Broke,1,,,,2022-04-26 11:54:00.000,2022-04-26 11:55:00.000,,,,,,,,,,,,227.0,,22.0,,,
144,58,2022-04-13 12:24:00+00:00,2022-04-13,SETUP,Tool Change,1,,,,2022-04-26 12:24:00.000,2022-04-26 12:32:00.000,,,,,,,,,,,,57.0,,52.0,,,
145,228,2022-04-13 12:32:00+00:00,2022-04-13,IO,Side Splash SMG 36,1,Side Splash SMG 36,10.0,10.0,2022-04-26 12:32:00.000,2022-04-26 12:39:00.000,12:34:00,12:35:00,True,,,,,,,,,58.0,,60.0,,,
146,59,2022-04-13 12:32:00+00:00,2022-04-13,SETUP,Tool Change,2,,,,2022-04-26 12:32:00.000,2022-04-26 12:47:00.000,,,,,,,,,,,,228.0,,60.0,,,
147,66,2022-04-21 09:30:00+00:00,2022-04-21,FAILIURE,Ram Failure ,1,,,,2022-04-26 09:30:00.000,2022-04-26 15:30:00.000,,,,,,,,,,,,,,11398.0,,,
