{
  "DataType": "MachineOperationFact",
  "fsdate": "2022-03-22",
  "start_time": "09:42",
  "end_time": "10:14",
  "fsdatetime": "",
  "error_severity_tag": "",
  "error_score": "0",
  "repair_description": "",
  "repair_lag_minutes": "0",
  "product_name": "SSP",
  "product_category": "Stock Pot Double ",
  "part_name": "Leg Chanel Double ",
  "part_size": "38x8",
  "part_height": "8",
  "part_width": "38",
  "part_material": "GAL",
  "part_material_gage": "0",
  "part_material_steel_type": "GAL",
  "punch_count": "33",
  "event_duration_minutes": "0",
  "tools": "T19, T01",
  "part_flip": "0",
  "error_string": "",
  "good_parts_produced": "35",
  "scrap_parts_produce": "0",
  "amount_parts_input": "35",
  "amount_parts_output": "35",
  "program_errors_count": "0",
  "interrupts_count": "0",
  "total_process_lag_minutes": "0",
  "time_until_first_pass_minutes": "0",
  "error_resolution_lag_minutes": "0",
  "setup_lag_minutes": "5",
  "cycle_time_lag_seconds": "0",
  "program_run_time_lag_seconds": "27",
  "debur_time_lag_seconds": "7",
  "program_load_unload_lag_seconds": "9",
  "csrfmiddlewaretoken": "jDjwnAr8p4ZoPJ8MvriKsUVROmPm8g7eilPwGMhV8hXBxIPBzpOpb9JO72CH4xrN"
}