{
  "DataType": "MachineOperationFact",
  "fsdate": "2022-03-22",
  "start_time": "10:14",
  "end_time": "09:20",
  "fsdatetime": "",
  "error_severity_tag": "",
  "error_score": "0",
  "repair_description": "",
  "repair_lag_minutes": "0",
  "product_name": "SSP",
  "product_category": "Stock Pot ",
  "part_name": "SSP Burner Hangover",
  "part_size": "21x12",
  "part_height": "12",
  "part_width": "21",
  "part_material": "GAL",
  "part_material_gage": "0",
  "part_material_steel_type": "GAL",
  "punch_count": "0",
  "tool_change_count": "2",
  "event_duration_minutes": "0",
  "tools": "T5,T4,T20,T3,T8,T12,T1",
  "part_flip": "1",
  "error_string": "",
  "good_parts_produced": "12",
  "scrap_parts_produce": "1",
  "amount_parts_input": "13",
  "amount_parts_output": "13",
  "program_errors_count": "0",
  "interrupts_count": "0",
  "total_process_lag_minutes": "16",
  "time_until_first_pass_minutes": "0",
  "parts_until_first_good": "1",
  "inspect_time_lag_minutes": "0",
  "error_resolution_lag_minutes": "0",
  "setup_lag_minutes": "0",
  "cycle_time_lag_seconds": "0",
  "program_run_time_lag_seconds": "139",
  "debur_time_lag_seconds": "7",
  "program_load_unload_lag_seconds": "8",
  "csrfmiddlewaretoken": "NkNBDrtQ3KbDpDOUQOr0fd0YXd12xLzlM2jBWDjDMX9Q7CvJUMXFYsOVgTOnt2TU"
}