{
  "DataType": "NotSure",
  "fsdate": "",
  "start_time": "",
  "end_time": "",
  "setup_start_time": "",
  "setup_end_time": "",
  "tc_start_time": "",
  "tc_end_time": "",
  "fsdatetime": "",
  "error_severity_tag": "",
  "error_score": "0",
  "repair_description": "",
  "repair_lag_minutes": "0",
  "product_name": "CRB",
  "product_category": "Char Rock Broiler",
  "part_name": "Inside Panel",
  "part_size": "24x14",
  "part_height": "14",
  "part_width": "24",
  "part_material": "16ga Aluminized Steal",
  "part_material_gage": "16",
  "part_material_steel_type": "Aluminized Steal",
  "punch_count": "0",
  "tool_change_count": "0",
  "event_duration_minutes": "0",
  "tools": "",
  "part_flip": "0",
  "error_string": "",
  "good_parts_produced": "0",
  "scrap_parts_produce": "0",
  "amount_parts_input": "0",
  "amount_parts_output": "0",
  "program_errors_count": "0",
  "interrupts_count": "0",
  "total_process_lag_minutes": "0",
  "time_until_first_pass_minutes": "0",
  "parts_until_first_good": "0",
  "inspect_time_lag_minutes": "0",
  "error_resolution_lag_minutes": "0",
  "setup_lag_minutes": "0",
  "cycle_time_lag_seconds": "0",
  "program_run_time_lag_seconds": "0",
  "debur_time_lag_seconds": "0",
  "program_load_unload_lag_seconds": "0",
  "csrfmiddlewaretoken": "ABczdJrkxDUAbvz1r8kUVNkkBLTqLqtGzjIzwVh7gQSNTugQv6QzE28hUrGLHHNf"
}