﻿"A Little Bit Extra Tim,E Cause Was Distracted After Finish",Add,Add (Jobs),Additional,Additional (Jobs),Addto,Addto (Jobs),Break,Breakend,Breakend (Jobs),Cancveld,Debur Time,Debur Time (Jobs),Document Index (generated),Down Start,Downstart,Downtime,Downtime Start,End,End (Jobs),Enddown,Enddowntime,Error,Error (Jobs),Error Count,Error Downtime,Error Type,Error Wron Part,Ideal Time,jobs. Index (generated),Lunch,Lunch (Jobs),Machine,Machine (Jobs),Material,Material (Jobs),Name,Note,Note (Jobs),Outputed Embeded,Part Count (Jobs),Path,Plus Lunch,Product Class,Punch Count,Reason,Scrap,Search Book Time,Search Dir Time,See Notes For Count,See Paper Notes,Setup,Setup Continued,Setup Continued (Jobs),Setup Finished,Setup Finished (Jobs),Setup Finished1,Setup Including Inspect Ideal,Size,Start,Start (Jobs),Start Downtime,Start Inspect,Stop For Repair,Stop For Repair (Jobs),T Type,T Type (Jobs),Task,Task (Jobs),Task Type,Task Type (Jobs),Theone,Theone (Jobs),Time Type,Time Type (Jobs),Tool Change Count,Tools,Ttl,Ttl (Jobs),Type,Type (Jobs),Waterbreak,Waterbreak (Jobs),Width,Wrong Program,Yield,Cycle Time,Height,Number of Records per JobsMonday.json+,Part Count
,,,,,,,,,,,,15,1,,,,,,2022-03-07 12:16:35.804365,,,,,,,,,39,1,,,,Strippit,,null,,,,,34,final_data/JobsMonday.json,,,64,,,,,,,,,,,,,,,,2022-03-07 11:58:34.925267,,,,,,,,Ssp dbl side panel 24 h,,Setup,,,,Uptime,,"4,16,2,9,1,14",,,,ssp dbl side panel 24 h,,,,,1,49,,1,
,,,,,,,,,,,,null,1,,,,,,2022-03-07 12:26:56.389055,start down is delta from last,,,,,,,,null,2,,,,Strippit,,null,,,,,0,final_data/JobsMonday.json,,,13,wrong part,,,,,,,,,,,,,null,,2022-03-07 11:59:56.389055,,,,,,,,Valve cover dbll ssp,,Repair,,,,DownTime,,"14,10,11,1",,,,strippit,,,,,1,,,1,
,,,,,,,,,,,,,1,,,,,,2022-03-07 12:39:41.351999,,reason wrong part,,,,,,,,3,,,,Strippit,,,,,,,0,final_data/JobsMonday.json,,,,,,,,,,,,,,,,,,,2022-03-07 12:37:36.192979,,,,,,,,Clamp hose,,Repair,,,,DownTime,,,,,,repair,,,,,,,,1,
,,,,,,,,,,,,null,1,,,,,,2022-03-07 13:07:11.398097,,,,,,,,,34,4,,,,Strippit,,null,,,,first task from today -> out,45,final_data/JobsMonday.json,,,13,,,,,,,,,,,,,,null,,2022-03-07 12:40:10.414850,,,,,,,,Ssp valve cover regular,,Production,,,,UpTime,,"14,10,11,1",,,,strippit,,,,,1,44,,1,
,,,,,,,,,,,,19,1,,,,,,2022-03-07 13:21:08.662775,,,,slug up,,,,,39,5,,,,Strippit ,,null,,,,,9,final_data/JobsMonday.json,,,22,,,,,,,,,,,,,,null,,2022-03-07 13:12:28.901062,,,,,,,,Ssp valve cover jet,,Production,,,,SSP valve Cover jet,,"1,14,12",,,,strippit,,,,,1,55,,1,
,,,,,,,,,,,,null,1,,,,,,2022-03-07 13:28:58.863201,,,,,,,,,null,6,,,,Strippit,,null,,,,,0,final_data/JobsMonday.json,,,37,,,,,,,,,,,,,,null,,2022-03-07 13:26:26.560133,1,,,,,,,Shp valve cover 12,,Production,,,,UpTime,,"14,17,10,11,1",,,,strippit,,,,,1,,,1,
,,,,,,,,,,,,,1,,,,,,2022-03-07 13:49:24.728954,,,,,,,,,,7,,,,Strippit,,,,,,,1,final_data/JobsMonday.json,,,,,,,,,,,,,,,,,,,2022-03-07 13:29:29.142854,,,,,,,,Shp valve cover 12,,Search,,,,DownTime,,,,,,search file,,,,,,,,1,
,,,,,,,,,,,,,1,,,,1,,2022-03-07 13:55:04.606751,,,,,,,,,,8,,,,Strippit,,,,,,,0,final_data/JobsMonday.json,,,,,,,,,,,,,,,,,,,2022-03-07 13:49:58.518613,,,,,,,,Shp valve cover 12 dbl,,Repair,,,,DownTime,,,,,,strippit,,,,,,,,1,
,,,,,,,,,,,,,1,,,,,,2022-03-07 13:58:34.395919,,,,,,,,,,9,,,,Strippit,,,,,,,0,final_data/JobsMonday.json,,,,,,,,,,,,,,,,,,,2022-03-07 13:55:38.802011,,,,,,,,Error t17,,Repair,,,,Downtime,,,,,,repair,,,,,,,,1,
,,,,,,,,,,,,,1,,,,,,2022-03-07 14:10:44.102801,,,,,,,,,,10,,,,Strippit,,,,,,,10,final_data/JobsMonday.json,,,,,,,,,,,,,,,,,,,2022-03-07 13:59:02.444769,,,,,,,,Shp valve cover 12 dbl,,Production,,,,Uptime,,,,,,shp valve cover 12 dbl,,,,,,,,1,
,,,,,,,,,,,,null,1,,,,,,2022-03-07 09:37:45.100424,,,,,,,,,49,11,,,,Strippit,,null,,,,,0,final_data/JobsMonday.json,,,"4,16,2,9,1,14",,,,,,,,,,,,,,null,,2022-03-07 09:32:48.559503,,,,,,,,Ssp dbl side panel 18 h,,Debug,,,,DownTime,,64,,,,strippit,,,,,1,64,,1,
,,,,,,,,,,,,,1,,,,,,2022-03-07 14:17:08.347076,,,,,,,,,null,12,,,,Strippit,,,,,,,0,final_data/JobsMonday.json,,,20,,,,,,,,,,,,,,,,2022-03-07 14:12:18.607767,,1,,,,,,Scb valve cover 12 setup,,Setup,,,,DownTime,,"14,20",,,,strippit,,,,,,,,1,
,,,,,,,,,,code smell,,,1,,,,,,2022-03-07 14:26:31.788865,,,,,,,,,,13,,,,Strippit,,,,,,,2,final_data/JobsMonday.json,,,,,,,,,,,,,,,,,,,2022-03-07 14:17:30.623915,,,,,,,,Scb valve cover 12 ,,Production,,,,Uptime,,,,,,scb valve cover 12 ,,,,,,,,1,
,,,,,,,,,,,,,1,,,,,,2022-03-07 14:42:58.537399,,,,,,,,,,14,,,,Strippit,,,,,,,11,final_data/JobsMonday.json,,,22,,,,,,,,,,,,,,,,2022-03-07 14:28:13.781845,,,,,,,,Shp or smg valve cover,,Production,,,,UpTime,,"14,17,10",,,,strippit,,,,,,,,1,
,,,,,,,,,,,,,1,,,,,,2022-03-07 14:50:51.592630,,,,,,,,,,15,,,,,,,,,,,0,final_data/JobsMonday.json,,,,,,,,,,,,,,,,,,,2022-03-07 14:44:58.142809,,,,,,,,Valve cover 12 shp ,,,,,,,,,,,,strippit,,,,scrap 1,,,,1,
,,,,,,,,,,,,,1,,,,,,2022-03-07 15:05:36.940985,,,,,,,,,,16,,,,Strippit,,,,,,,9,final_data/JobsMonday.json,,,,,,,,,,,,,,,,,,,2022-03-07 14:51:28.268294,,,,,,,,Scb valve cover 12,,Production,,,,Uptime,,,,,,scb valve cover 1`2,,,,,,,,1,
,,,,,,,,,,,,,1,,,,,,2022-03-07 09:53:20.462467,,,,,,,,,,17,,,,Strippit,,,,,,,1,final_data/JobsMonday.json,,,,,,,,,,1,,,,,,,,,2022-03-07 09:38:08.999666,,,,,,,,Ssp dbl sidew panel 18 h,,Setp,,,,Uptime,,,,,,strippit,,,,,,,,1,
,,,,,,,,,,,,,1,,,,,,2022-03-07 10:14:26.935091,,,,,,,,,,18,,,,Strippit,,,,,,,22,final_data/JobsMonday.json,,,64,,1,,,,,,,,,,,,,,2022-03-07 09:53:55.843329,,,,,,,,Ssp dbl side panel 18 h,,Production,,,,Uptime,,"4,16,2,9,14",,,,strippit,,,,,,,,1,
,,,,,,,,,,,,,1,,,,,,2022-03-07 10:27:42.848489,,,,,,,,,,19,,,,Strippit,,,,,,,0,final_data/JobsMonday.json,,,13,,,,,,,,,,,,,,,,2022-03-07 10:15:12.986372,,,,,,,,Ssp dbl side panel 24 h,,Setup,,,,Downtime,,"14,10,11,1",,,,strippit,,,,,,,,1,
,,,,,,,,,,,,,1,,,,,,2022-03-07 11:08:35.749997,,,,,,,,,,20,,,,Strippit,,,,,,,0,final_data/JobsMonday.json,1,,,,,,,,,,,,,,,,,,2022-03-07 10:27:57.216114,,,,,,,,Strippit hose broke,,ScheduledDownTime,,,,Downtime,,,,,,repair,,,,,,,,1,
,,,,,,,,,,,,,1,,1,,,,2022-03-07 11:34:36.439139,,,,,,,,,,21,,,,Strippit,,,,,,,use totals,final_data/JobsMonday.json,,,,,,,,,,,,,,,,,,,2022-03-07 11:09:01.755243,,,,,,,,Ssp dbl side panel 24 h,,Repair,,,,Downtime,,,,,,ssp dbl side panel 24 h,,,,,,,,1,
,,,,,,,,,,,,,1,,,,,,2022-03-07 11:42:59.968824,,,,,,,,,,22,,,,,,,,,,,0,final_data/JobsMonday.json,,,,,,,,,,,,,,,,,,,2022-03-07 11:35:12.553202,,,,,,,,Strippit,,,,,,,,,,,,downtime,,,,,,,,1,
,,,,,,,,,,,,,1,1,,,,,2022-03-07 11:51:02.836473,,,,,,,,,,23,,,,Strippit,,,,,,,use total,final_data/JobsMonday.json,,,,,,,,,,,,,,,,,,,2022-03-07 11:43:15.802852,,,,,,,,Ssp dbl side panel 24 h,,Production,,,,UpTime,,,,,,ssp dbl side panel 24 h,,,,,,,,1,
,,,,,,,,,,,,,1,,,,,,2022-03-07 11:58:23.069246,,,,,,,,,,24,,,,,,,,,,,0,final_data/JobsMonday.json,,,,,,,,,,,,,,,,,,,2022-03-07 11:51:45.736548,,,,,,,,Downend,,,,,,,,,,,,ssp dbl side panel 24 h,,,,,,,,1,
1,,,,,,,,,,,,,2,,,,,,2022-03-08 11:43:06.057773,,,,,,,,,,1,,,,Strippit,,,,,,,15,final_data/JobsTuesday1.json,,,,,,,,,,,,,,,,,,,2022-03-08 11:25:31.901522,,,,,,,,Dbl ssp leg chanel ,,,,,,UpTime,,,,,,strippit,,,,,,,,1,
,,,,,,,,,,,,,2,,,,,,2022-03-08 11:53:42.991292,,,,,,error caxis about half the time,,,,2,,,,Strippit,,,,,,,1,final_data/JobsTuesday1.json,,,,,,,,,,,,,,,,,,,2022-03-08 11:44:42.980743,,,,,,,,Ssp back panel 18 h setup,,Setup,,,,DownTime,,,,,,strippit,,,,,,,,1,
,,,,,,,,,,,,,2,,,,,,2022-03-08 12:20:20.044097,,,,,,,,,,3,,,,,,,,,,,0,final_data/JobsTuesday1.json,,,,,,,,1,,,,,,,,,,,2022-03-08 11:54:21.133359,,,,,,,,Ssp back panel 18 h ,,,,,,,,,,,,strippit,,,,,,,,1,
,,,,,,,,,,,,,2,,,,,,2022-03-08 12:34:50.010825,,,,,,,,,,4,,,,,,,,,,,0,final_data/JobsTuesday1.json,,,,,,,,,,,,,,,,,,,2022-03-08 12:22:21.459110,,,,,,,,Back panel ssp 24 h,,,,,,,,,,,,strippit,,,,,,,,1,
,,,,,,,,,,,,,2,,,,,,2022-03-08 12:45:37.739563,,,,,,,,1,,5,,,,Strippit,,,,,,,0,final_data/JobsTuesday1.json,,,,,,,,,,,,,,,,,,,2022-03-08 12:35:19.619677,,,,,,,,Back panel ssp 24 h debug,,Debug,,,,DownTime,,,,,,error,,,,,,,,1,
,,,,,,,,,,,,,2,,,,,,2022-03-08 13:22:36.110259,,,,,,,,,,6,,,,Strippit,,,,,,,40,final_data/JobsTuesday1.json,,,,,,,,,,,,,,,,,,,2022-03-08 12:46:01.326804,,,,,,,,Back panel ssp 24 h ,,Production,,,,UpTime,,,,,,strippit,,,,,,,,1,
,,,,,,,,,,,,,2,,,,,,2022-03-08 13:48:36.799400,,,,,,,,,,7,,,,Strippit,,,,,,,0,final_data/JobsTuesday1.json,,,,,,,,,,,,,,,,,,,2022-03-08 13:22:51.538686,,,,,,,,Break,,Scheduled,,,,DownTime,,,,,,break,,,,,,,,1,
,,,,,,,,,,,,,2,,,,,,2022-03-08 09:26:57.968626,,,,,,,,,,8,,,,Strippit,,,,,,,1,final_data/JobsTuesday1.json,,,,,,,,,,,,,1,,,,,,2022-03-08 08:58:12.161595,,,,,,,,Dbl ssp back panel 18 h,,Production,,,,SSP back Panel 18,,,,,,strippit,,,,,,,,1,
,,,,,,,,,,,,,2,,,,,,2022-03-08 10:02:05.025927,,,,,,,,,,9,,,,Strippit,,,,,,,22,final_data/JobsTuesday1.json,,,,,,,,,1,,,,,,,,,,2022-03-08 09:27:26.048676,,,,,,,,Dbl ssp back panel 18 h,,Production,,,,UpTime,,,,,,strippit,,,,,,,,1,
,,,,,,,,,,,,,2,,,,,,2022-03-08 10:05:52.349527,,,,,,,,,,10,,,,Strippit,,,,,,,1,final_data/JobsTuesday1.json,,,,,,,,,,,,,,,,,,,2022-03-08 10:03:08.814439,,,,,,,,Dbbl ssp back panel 24 setup,,Setup,,,,DownTime,,,,,,strippit,,,,,,,,1,
,,,,,,,,,,,,,2,,,start,,,2022-03-08 10:24:35.052299,,,,,,,,,,11,,,,Strippit,,,,,,,6,final_data/JobsTuesday1.json,,,,,,,,,,,,,,,,,,,2022-03-08 10:06:06.373951,,,,,,,,Dbbl ssp back panel 24 ,,Debug,,,,DownTime,,,,,,dbbl ssp back panel 24 ,,,,,,,,1,
,,,,,,,,,,,,,2,,,,,,2022-03-08 10:26:08.855263,,,,,,,,,,12,,,,Strippit,,,,,,,0,final_data/JobsTuesday1.json,,,,,,,,,,,,,,,,,,,2022-03-08 10:25:22.632382,,,,,,,,Dbbl ssp back panel 24 down,,Debug,,,,DownTime,,,,,,dbbl ssp back panel 24 down,,,,,,,,1,
,,,,,,,start,,,,,,2,,,,,,2022-03-08 10:31:27.532623,,,,,,,,,,13,,,,,,,,,check next for actual number,,2,final_data/JobsTuesday1.json,,,,,,,,,,,,,,,,,,,2022-03-08 10:26:38.573316,,,,,,,,Dbbl ssp back panel 24 ,,,,,,,,,,,,dbbl ssp back panel 24 ,,,,,,,,1,
,,,,,,,,,,,,,2,,,,,,2022-03-08 10:32:20.619516,,,,,,,,,,14,,,,,,,,,,,0,final_data/JobsTuesday1.json,,,,,,,,,,,,,,,,,,,2022-03-08 10:32:17.499511,,,,,,,,,,,,,,,,,,,,dbbl ssp back panel 24 ,,,,,,,,1,
,,,,,,,,,,,,n,2,,,,,,2022-03-08 11:18:20.123963,,,,,,,,,n,15,,,,Strippit,,n,,,,,20,final_data/JobsTuesday1.json,,,n,,,,,,,,,,,,,,n,,2022-03-08 11:06:08.186278,,,,,,,,Dbbl ssp back panel 24 ,,PRoduction,,,,Uptime,,n,,,,dbbl ssp back panel 24 break end,,,,,n,,,1,
,,,,,,,,,,,,,2,,,,,,2022-03-08 11:24:52.823453,,,,,,,,,,16,,,,Strippit,,,,,,,1,final_data/JobsTuesday1.json,,,,,,,,,,,,,,,,1,,,2022-03-08 11:19:19.435267,,,,,,,,Dbl ssp leg chanel setup,,Setup,,,,UpTime,,,,,,strippit,,,,,,,,1,
,,,,,,,,,,,,,3,,,,,,2022-03-10 09:43:46.041968,,,,,,,,,,1,,,,,,,,,,,5,final_data/Thursday.json,,,,,,,,,,,,,,,,,,,2022-03-10 09:43:42.970096,,,,,,,,shp back stop 12,,,,,,,,,,,,strippit,,,,,,,,1,
,,,,,,,,,,,,,3,,,,,,2022-03-10 10:09:51.618821,,,,clamp too close,,,,,,2,,,,,,,,,,,24,final_data/Thursday.json,,,,,,,,,,,,,,,,,,,2022-03-10 09:44:00.938240,,,,,,,,shp back 12 real,,,,,,,,,,,,strippit,,,,,,,,1,
,,,,,,,,,,,,,3,,,,,,2022-03-10 10:19:11.915089,,,,,,,,,,3,,,,,,,,,,,0,final_data/Thursday.json,,,,,,,,,,,,,,1,,,,,2022-03-10 10:16:52.954979,,,,,,,,backstop dbl shp 12,,,,,,,,,,,,Strippit,,,,,,,,1,
,,,,,,,,,,,,,3,,,,,,2022-03-10 10:28:36.315248,,,,,,,,,,4,,,,,,,,,,,15,final_data/Thursday.json,,,,,,,,,,,,,,,,,,,2022-03-10 10:20:53.779099,,,,,,,,samelast,,,,,,,,,,,,Strippit,,,,,,,,1,
,,,,,,,,,,,,,3,,,,,,2022-03-10 10:31:20.091225,,,,,,,,,,5,,start,,,,,,,,,1,final_data/Thursday.json,,,,,,,,,,,,,,,,,,,2022-03-10 10:29:27.003313,,,,,,,,ssp crumb tray,,,,,,,,,,,,Strippit,,,,,,,,1,
,,,,,,,,,,,,,3,,,,,,2022-03-10 11:31:00.964463,,,,,,,,,,6,,,,,,,,,,,28,final_data/Thursday.json,,,,,,,,,,,,,,,,,,,2022-03-10 11:08:14.155977,,,,,,,,ssp crumb tray,,,,,,,,,,,,Strippit,,,,,,,,1,
,,,,,,,,,,,,,3,,,,,,2022-03-10 11:39:30.876853,,,,,,,,,,7,,,,,,,,,,,0,final_data/Thursday.json,,,,,,,,,,,,confirm part,,,,,,,2022-03-10 11:36:23.428443,,,,,,,,front manifold support ,,,,,,,,,,,,Strippit,,,,,,,,1,
,,,,,,,,,,,,,3,,,,,,2022-03-10 12:04:33.349316,,,,,,,,,,8,,,,,,,,,,,1,final_data/Thursday.json,,,,,,,,,,,,current 16m,,,,,,,2022-03-10 11:40:03.404657,,,,,,,,front manifold support 12,,,,,,,,,,,,Strippit,,,,,,,,1,
,,,,,,,,,,,,,3,,,,,,2022-03-10 12:52:28.502221,,,,,,,,,,9,,,,,,,,,,,36,final_data/Thursday.json,,,,,,,,,,,,,,,,,,,2022-03-10 12:08:26.989254,,,,,,,,front manifold suppoprt 12,,,,1,,,,,,,,Strippit,,,,,,,,1,
,,,,,,20,,,,,,,3,,,,,,2022-03-10 10:20:24.283031,,,,,,,,,,10,,,,,,,,,,,1,final_data/Thursday.json,,,,,,,,,,,,,,,,,,,2022-03-10 10:19:55.890947,,,,,,,,above,,,,,,,,,,,,backstop dbl shp confirm part,,,,,,,,1,
,,,,,,,,,yes,,,,3,,,,,,2022-03-10 11:07:25.540021,,,,,,,,,,11,,,,,,,,,,,0,final_data/Thursday.json,,,,,,,,,,,,,,,,,,,2022-03-10 10:31:38.187340,,,,,,,,start,,,,,,,,,,,,lunchbreak,,,,,,,,1,
,,,,,,,,,,,,,3,,,,,,2022-03-10 11:35:56.260588,,,,,,,,,,12,,,,,,,,,,,0,final_data/Thursday.json,,,,,,,,,,,,,,,,,,,2022-03-10 11:35:49.260659,,,,,,,,searchfortask,,,,,,,,,,,,setup,,,,,,,,1,
,,,,,,,,,,,,,3,,,,,,2022-03-10 12:08:07.797456,,,,,,,,,,13,,,,,,,,,,,1,final_data/Thursday.json,,,,,,,,,,,,,,,,,,,2022-03-10 12:05:04.581256,,,,,,,,manifold support,,,,,,,,,,end,,Debug,,,,,,,,1,
,,,,,,,,,,,,,3,,,,,,2022-03-10 12:54:51.214128,,,,,,,,,,14,,,,,,,,,,,0,final_data/Thursday.json,,,,,,,,,,,,,,,,,,,2022-03-10 12:52:55.246105,,,,,,,,smoke,,,,,,,,,,,,break,,1,,,,,,1,
,,,,,,,,,,,,,3,,,,,,2022-03-10 13:02:20.133906,,,,,,,,,,15,,,,,,,,,,,0,final_data/Thursday.json,,,,,,,,,,,,,,,,,,,2022-03-10 12:55:57.125746,,,,,,,,smoke,,,,,,,,,,,,break,,,,,,,,1,
,,,,,,,,,,,,,3,,,,,,2022-03-10 13:16:30.846582,,,,,,,,,,16,,,,,,,,,,,18,final_data/Thursday.json,,,,,,,,,,,,,,,,,,,2022-03-10 13:02:38.078267,,,,,,,,manifold support 12 3,,,,,,,,,,,,Strippit,,,,,,,,1,
,,,,,,,,,,,,,3,,,,,,2022-03-10 13:22:06.262415,,,,,,,,,,17,,,,,,,,,,,0,final_data/Thursday.json,,,,,,,,,,,,,,,,,,,2022-03-10 13:18:20.798236,,,,start,,,,inside panel shp,,,,,,,,,,,,Strippit,,,,,,,,1,
,,,,,,,,,,,,,3,,,,,,2022-03-10 14:03:11.271715,,,,,,,,,,18,,,,,,,,,,,1,final_data/Thursday.json,,,,,,,,,,,,,,,,,,,2022-03-10 13:54:11.319442,,,,,,setup and move clamps,,inside panel shp,,,,,,,,,,,,Strippit,,,,,,,,1,
,,,,clamp errors,,,,,,,,,3,,,,,,2022-03-10 14:13:34.431822,,,,,,,,,,19,,,,,,,,,,,2,final_data/Thursday.json,,,,,,,,,,,,,,,,,,,2022-03-10 14:03:41.144198,,,,,,,,inside panel shp,,,,,,,,,,,,Strippit,,,,,,,,1,
,,,,toolchange 1 tool,,,,,,,,,3,,,,,,2022-03-10 13:30:40.374971,,,,,,,,,,20,,,,,,,,,,,1,final_data/Thursday.json,,,,,,,,,,,,,,,,,,,2022-03-10 13:22:40.806707,,,,,,,,change screw,,,,,,,,,,,,Repair,,,,,,,,1,
,,,,,,,,,,,,,3,,,,,,2022-03-10 13:42:43.063133,,,,,,,,,,21,,,,,,,,,,,0,final_data/Thursday.json,,,,,,,,,,,,,,,,,,,2022-03-10 13:31:17.246967,,,,,,,,break 2,,,,,,,,,,,,break,,,,,,,,1,
,,,,,,,,,,,,,3,,,,,,2022-03-10 13:50:13.871445,,,,,,,,,,22,,,,,,,,,,,1,final_data/Thursday.json,,,,,,,,,,,,,,,,,,,2022-03-10 13:44:40.247300,,,,,,,,toolchange for shp inside panel,,,,,,,,,,,,Setup,,,,,,,,1,
,,,,,,,,,,,,,3,,,,,,2022-03-10 13:50:51.991385,,,,,,,,,,23,,,,,,,,,last 2 are unscheduled type,,0,final_data/Thursday.json,,,,,,,,,,,,,,,,,,,2022-03-10 13:50:50.623461,,,,,,,,Check punch ,,,,,,,,,,,,Debug,,,,,,,,1,
,,,,,,,,,,,,,3,,,,,,2022-03-10 13:53:53.431529,,,,,,,,,,24,,,,,,,,,,,1,final_data/Thursday.json,,,,,,,,,,,,,,,,,,,2022-03-10 13:51:17.679396,,,,,,,,check punch thing,,,,,,,,,,,,Debug,,,,,,,,1,
,,i did 2 inbetween before sop,,,,,,,,,,,3,,,,,,2022-03-10 14:43:23.688318,,,,,,,,,,25,,,,,,,,,,,2,final_data/Thursday.json,,,,,,,,,,,,,,,,,,,2022-03-10 14:14:29.895846,,,,,,,,program alteration scheduled,,,,,,,,,,,,Downtime,,,,,,,,1,
,,,,,,,,,,,,,3,,,,,,2022-03-10 14:54:11.128726,,,,,,,,,,26,,,,,,,,,,,15,final_data/Thursday.json,,,,,,,,,,,,,,,,,,,2022-03-10 14:43:48.720373,,,,,,,,last part,,,,,,,,,,,,part,,,,,,,,1,
,,,,,,,,,,,,,3,,,,,,2022-03-10 14:54:24.752577,,,,,,,,,,27,,,,,,,,,,,0,final_data/Thursday.json,,,,,,,,,,,,,,,,,,,2022-03-10 14:54:23.064731,,,,,,,,shit to do,,,,,,,,,,,,end ealy,,,,,,,,1,
,,,,,,,,,,,,,4,,,,,3/10/2022 9:43:46 AM,,,,,,,,,,,,,,Strippit,,,,,,,,,final_data/_not_filled_this_week.json,,,,,,,,,,,,,,,,,,3/10/2022 9:43:43 AM,,,,,,,,shp back stop 12,,Production,,,,UpTime,,,,,,strippit,,,,,,,,,1,5
,,,,,,,,,,,,,5,,,,,3/10/2022 10:09:52 AM,,,,clamp too close,,,,,,,,,,Strippit,,,,,,,,,final_data/_not_filled_this_week.json,,,,,,,,,,,,,,,,,,3/10/2022 9:44:01 AM,,,,,,,,shp back 12 real,,Production,,,,UpTime,,,,,,strippit,,,,,,,,,1,24
,,,,,,,,,,,,,6,,,,,3/10/2022 10:19:12 AM,,,,,,,,,,,,,,Strippit,,,,,,,,,final_data/_not_filled_this_week.json,,,,,,,,,,,,,,,1,,,3/10/2022 10:16:53 AM,,,,,,,,backstop dbl shp 12,,Production,,,,UpTime,,,,,,Strippit,,,,,,,,,1,0
,,,,,,,,,,,,,7,,,,,3/10/2022 10:28:36 AM,,,,,,,,,,,,,,Strippit,,,,,,,,,final_data/_not_filled_this_week.json,,,,,,,,,,,,,,,,,,3/10/2022 10:20:54 AM,,,,,,,,samelast,,Production,,,,UpTime,,,,,,Strippit,,,,,,,,,1,15
,,,,,,,,,,,,,8,,,,,3/10/2022 10:31:20 AM,,,,,,,,,,,,start,,Strippit,,,,,,,,,final_data/_not_filled_this_week.json,,,,,,,,,,,,,,,,,,3/10/2022 10:29:27 AM,,,,,,,,ssp crumb tray,,Production,,,,UpTime,,,,,,Strippit,,,,,,,,,1,1
,,,,,,,,,,,,,9,,,,,3/10/2022 11:31:01 AM,,,,,,,,,,,,,,Strippit,,,,,,,,,final_data/_not_filled_this_week.json,,,,,,,,,,,,,,,,,,3/10/2022 11:08:14 AM,,,,,,,,ssp crumb tray,,Production,,,,UpTime,,,,,,Strippit,,,,,,,,,1,28
,,,,,,,,,,,,,10,,,,,3/10/2022 11:39:31 AM,,,,,,,,,,,,,,Strippit,,,,,,,,,final_data/_not_filled_this_week.json,,,,,,,,,,,confirm part,,,,,,,3/10/2022 11:36:23 AM,,,,,,,,front manifold support ,,Production,,,,UpTime,,,,,,Strippit,,,,,,,,,1,0
,,,,,,,,,,,,,11,,,,,3/10/2022 12:04:33 PM,,,,,,,,,,,,,,Strippit,,,,,,,,,final_data/_not_filled_this_week.json,,,,,,,,,,,current 16m,,,,,,,3/10/2022 11:40:03 AM,,,,,,,,front manifold support 12,,Production,,,,UpTime,,,,,,Strippit,,,,,,,,,1,1
,,,,,,,,,,,,,12,,,,,3/10/2022 12:52:29 PM,,,,,,,,,,,,,,Strippit,,,,,,,,,final_data/_not_filled_this_week.json,,,,,,,,,,,,,,,,,,3/10/2022 12:08:27 PM,,,,,,,,front manifold suppoprt 12,,Production,,1,,UpTime,,,,,,Strippit,,,,,,,,,1,36
,,,,,20,,,,,,,,13,,,,,3/10/2022 10:20:24 AM,,,,,,,,,,,,,,Strippit,,,,,,,,,final_data/_not_filled_this_week.json,,,,,,,,,,,,,,,,,,3/10/2022 10:19:56 AM,,,,,,,,above,,Production,,,,UpTime,,,,,,backstop dbl shp confirm part,,,,,,,,,1,1
,,,,,,,,yes,,,,,14,,,,,3/10/2022 11:07:26 AM,,,,,,,,,,,,,,Strippit,,,,,,,,,final_data/_not_filled_this_week.json,,,,,,,,,,,,,,,,,,3/10/2022 10:31:38 AM,,,,,,,,start,,Production,,,,UpTime,,,,,,lunchbreak,,,,,,,,,1,0
,,,,,,,,,,,,,15,,,,,3/10/2022 11:35:56 AM,,,,,,,,,,,,,,Strippit,,,,,,,,,final_data/_not_filled_this_week.json,,,,,,,,,,,,,,,,,,3/10/2022 11:35:49 AM,,,,,,,,searchfortask,,Production,,,,UpTime,,,,,,setup,,,,,,,,,1,0
,,,,,,,,,,,,,16,,,,,3/10/2022 12:08:08 PM,,,,,,,,,,,,,,Strippit,,,,,,,,,final_data/_not_filled_this_week.json,,,,,,,,,,,,,,,,,,3/10/2022 12:05:05 PM,,,,,,,,manifold support,,Production,,,,UpTime,,,,end,,Debug,,,,,,,,,1,1
,,,,,,,,,,,,,17,,,,,3/10/2022 12:54:51 PM,,,,,,,,,,,,,,Strippit,,,,,,,,,final_data/_not_filled_this_week.json,,,,,,,,,,,,,,,,,,3/10/2022 12:52:55 PM,,,,,,,,smoke,,Production,,,,UpTime,,,,,,break,,1,,,,,,,1,0
,,,,,,,,,,,,,18,,,,,3/10/2022 1:02:20 PM,,,,,,,,,,,,,,Strippit,,,,,,,,,final_data/_not_filled_this_week.json,,,,,,,,,,,,,,,,,,3/10/2022 12:55:57 PM,,,,,,,,smoke,,Production,,,,UpTime,,,,,,break,,,,,,,,,1,0
,,,,,,,,,,,,,19,,,,,3/10/2022 1:16:31 PM,,,,,,,,,,,,,,Strippit,,,,,,,,,final_data/_not_filled_this_week.json,,,,,,,,,,,,,,,,,,3/10/2022 1:02:38 PM,,,,,,,,manifold support 12 3,,Production,,,,UpTime,,,,,,Strippit,,,,,,,,,1,18
,,,,,,,,,,,,,20,,,,,3/10/2022 1:22:06 PM,,,,,,,,,,,,,,Strippit,,,,,,,,,final_data/_not_filled_this_week.json,,,,,,,,,,,,,,,,,,3/10/2022 1:18:21 PM,,,,start,,,,inside panel shp,,Production,,,,UpTime,,,,,,Strippit,,,,,,,,,1,0
,,,,,,,,,,,,,21,,,,,3/10/2022 2:03:11 PM,,,,,,,,,,,,,,Strippit,,,,,,,,,final_data/_not_filled_this_week.json,,,,,,,,,,,,,,,,,,3/10/2022 1:54:11 PM,,,,,,setup and move clamps,,inside panel shp,,Production,,,,UpTime,,,,,,Strippit,,,,,,,,,1,1
,,,clamp errors,,,,,,,,,,22,,,,,3/10/2022 2:13:34 PM,,,,,,,,,,,,,,Strippit,,,,,,,,,final_data/_not_filled_this_week.json,,,,,,,,,,,,,,,,,,3/10/2022 2:03:41 PM,,,,,,,,inside panel shp,,Production,,,,UpTime,,,,,,Strippit,,,,,,,,,1,2
,,,toolchange 1 tool,,,,,,,,,,23,,,,,3/10/2022 1:30:40 PM,,,,,,,,,,,,,,Strippit,,,,,,,,,final_data/_not_filled_this_week.json,,,,,,,,,,,,,,,,,,3/10/2022 1:22:41 PM,,,,,,,,change screw,,Production,,,,UpTime,,,,,,Repair,,,,,,,,,1,1
,,,,,,,,,,,,,24,,,,,3/10/2022 1:42:43 PM,,,,,,,,,,,,,,Strippit,,,,,,,,,final_data/_not_filled_this_week.json,,,,,,,,,,,,,,,,,,3/10/2022 1:31:17 PM,,,,,,,,break 2,,Production,,,,UpTime,,,,,,break,,,,,,,,,1,0
,,,,,,,,,,,,,25,,,,,3/10/2022 1:50:14 PM,,,,,,,,,,,,,,Strippit,,,,,,,,,final_data/_not_filled_this_week.json,,,,,,,,,,,,,,,,,,3/10/2022 1:44:40 PM,,,,,,,,toolchange for shp inside panel,,Production,,,,UpTime,,,,,,Setup,,,,,,,,,1,1
,,,,,,,,,,,,,26,,,,,3/10/2022 1:50:52 PM,,,,,,,,,,,,,,Strippit,,,,,last 2 are unscheduled type,,,,final_data/_not_filled_this_week.json,,,,,,,,,,,,,,,,,,3/10/2022 1:50:51 PM,,,,,,,,Check punch ,,Production,,,,UpTime,,,,,,Debug,,,,,,,,,1,0
,,,,,,,,,,,,,27,,,,,3/10/2022 1:53:53 PM,,,,,,,,,,,,,,Strippit,,,,,,,,,final_data/_not_filled_this_week.json,,,,,,,,,,,,,,,,,,3/10/2022 1:51:18 PM,,,,,,,,check punch thing,,Production,,,,UpTime,,,,,,Debug,,,,,,,,,1,1
,i did 2 inbetween before sop,,,,,,,,,,,,28,,,,,3/10/2022 2:43:24 PM,,,,,,,,,,,,,,Strippit,,,,,,,,,final_data/_not_filled_this_week.json,,,,,,,,,,,,,,,,,,3/10/2022 2:14:30 PM,,,,,,,,program alteration scheduled,,Production,,,,UpTime,,,,,,Downtime,,,,,,,,,1,2
,,,,,,,,,,,,,29,,,,,3/10/2022 2:54:11 PM,,,,,,,,,,,,,,Strippit,,,,,,,,,final_data/_not_filled_this_week.json,,,,,,,,,,,,,,,,,,3/10/2022 2:43:49 PM,,,,,,,,last part,,Production,,,,UpTime,,,,,,part,,,,,,,,,1,15
,,,,,,,,,,,,,30,,,,,3/10/2022 2:54:25 PM,,,,,,,,,,,,,,Strippit,,,,,,,,,final_data/_not_filled_this_week.json,,,,,,,,,,,,,,,,,,3/10/2022 2:54:23 PM,,,,,,,,shit to do,,Production,,,,UpTime,,,,,,end ealy,,,,,,,,,1,0
,,,,,,,,,,,,,31,,,,,,,,,,,,,,,,,,,,,,,,,,,,final_data/final_parts.json,,,,,,,,,,,,,,,,,,,,,,,,,,,,,,,,,,,,,,,,,,,,,,,1,
,,,,,,,,,,,,,32,,,,,,,,,,,,,,,,,,,,,,,,,,,,final_data/final_programs.json,,,,,,,,,,,,,,,,,,,,,,,,,,,,,,,,,,,,,,,,,,,,,,,1,
