{
  "3_0_break_0_type": "break",
  "3_0_break_0_task": "smoke",
  "3_0_break_0_start": "2022-03-10 12:55:57.125746",
  "3_0_break_0_end": "2022-03-10 13:02:20.133906",
  "3_0_break_0_part_count": "0",
  "3_0_Strippit_0_type": "Strippit",
  "3_0_Strippit_0_task": "manifold support 12 3",
  "3_0_Strippit_0_start": "2022-03-10 13:02:38.078267",
  "3_0_Strippit_0_end": "2022-03-10 13:16:30.846582",
  "3_0_Strippit_0_part_count": "18",
  "3_0_test_0_type": "test",
  "3_0_test_0_task": "test",
  "3_0_test_0_start": "2022-03-10 13:16:42.222671",
  "3_0_test_0_end": "2022-03-10 13:16:43.358610",
  "3_0_test_0_part_count": "0",
  "3_1_break_0_type": "break",
  "3_1_break_0_task": "smoke",
  "3_1_break_0_start": "2022-03-10 12:55:57.125746",
  "3_1_break_0_end": "2022-03-10 13:02:20.133906",
  "3_1_break_0_part_count": "0",
  "3_1_Strippit_0_type": "Strippit",
  "3_1_Strippit_0_task": "manifold support 12 3",
  "3_1_Strippit_0_start": "2022-03-10 13:02:38.078267",
  "3_1_Strippit_0_end": "2022-03-10 13:16:30.846582",
  "3_1_Strippit_0_part_count": "18",
  "3_1_test_0_type": "test",
  "3_1_test_0_task": "test",
  "3_1_test_0_start": "2022-03-10 13:16:42.222671",
  "3_1_test_0_end": "2022-03-10 13:16:43.358610",
  "3_1_test_0_part_count": "0",
  "3_2_strippit_0_type": "strippit",
  "3_2_strippit_0_task": "shp back panel ",
  "3_2_strippit_0_start": "2022-03-15 12:30:19.391086",
  "3_2_strippit_0_end": "2022-03-15 13:03:06.538941",
  "3_2_strippit_0_part_count": "33",
  "3_2_strippit_1_type": "strippit",
  "3_2_strippit_1_task": "shp back panel",
  "3_2_strippit_1_start": "2022-03-15 13:03:41.264602",
  "3_2_strippit_1_end": "2022-03-15 13:05:17.376371",
  "3_2_strippit_1_part_count": "0",
  "3_2_strippit_1_pause": "true",
  "3_2_strippit_2_type": "strippit",
  "3_2_strippit_2_task": "back panel shp",
  "3_2_strippit_2_start": "2022-03-15 13:07:21.583789",
  "3_2_strippit_2_end": "2022-03-15 13:31:46.785162",
  "3_2_strippit_2_part_count": "?",
  "3_2_strippit_3_type": "strippit",
  "3_2_strippit_3_task": "back panel shp",
  "3_2_strippit_3_start": "2022-03-15 13:45:56.721455",
  "3_2_strippit_3_end": "2022-03-15 14:19:13.961763",
  "3_2_strippit_3_part_count": "120",
  "3_2_strippit_3_checkpoint": "part-finish",
  "3_2_break_0_type": "break",
  "3_2_break_0_task": "second break",
  "3_2_break_0_start": "2022-03-15 13:31:59.124784",
  "3_2_break_0_end": "2022-03-15 13:45:38.999824",
  "3_2_break_0_part_count": "0",
  "3_2_ad_0_type": "ad",
  "3_2_ad_0_task": "adfg",
  "3_2_ad_0_start": "2022-03-15 14:19:36.831403",
  "3_2_ad_0_end": "2022-03-15 14:19:37.845405",
  "3_2_ad_0_part_count": "0",
  "1_0_jobs_0_type": "downtime",
  "1_0_jobs_0_task": "compressor_waiting",
  "1_0_jobs_0_start": "2022-03-02 12:50:20.354746",
  "1_0_jobs_0_end": "2022-03-02 12:50:22.170850",
  "1_0_jobs_0_uid": "80e52036-e5a5-4a78-920d-a651a547df7e",
  "1_0_jobs_0_total_minutes": 0.03333333333333333,
  "1_0_jobs_1_task": "back_burner_support_36",
  "1_0_jobs_1_start": "2022-03-02 10:11:06.082273",
  "1_0_jobs_1_end": "2022-03-02 10:21:59.217630",
  "1_0_jobs_1_part_count": 1,
  "1_0_jobs_1_uid": "26292bf2-ffcb-4b2f-9fbf-520df3b74856",
  "1_0_jobs_1_total_minutes": 10.883333333333333,
  "1_0_jobs_1_program": "07843a47-d691-4f12-a76d-ffff68625dcc",
  "1_0_jobs_2_type": "strippt",
  "1_0_jobs_2_task": "cross_support_12",
  "1_0_jobs_2_start": "2022-03-02 13:16:43.746311",
  "1_0_jobs_2_end": "2022-03-02 14:31:59.530599",
  "1_0_jobs_2_part_count": 45,
  "1_0_jobs_2_uid": "8187b67b-804e-4f1f-bef8-129d185d3b94",
  "1_0_jobs_2_total_minutes": 75.26666666666667,
  "1_0_jobs_2_program": "a64f3851-72d2-4ac6-b19e-6879eb6d5445",
  "1_0_jobs_3_task": "landing_ledge_36",
  "1_0_jobs_3_start": "2022-03-02 10:55:44.938495",
  "1_0_jobs_3_end": "2022-03-02 11:02:13.753734",
  "1_0_jobs_3_part_count": 5,
  "1_0_jobs_3_uid": "379092fb-f397-49b2-b616-9bda34109962",
  "1_0_jobs_3_total_minutes": 6.483333333333333,
  "1_0_jobs_3_program": "104cd5e3-83d2-40aa-919b-dde95e798132",
  "1_0_jobs_4_task": "back_burner_support_36",
  "1_0_jobs_4_start": "2022-03-02 10:22:14.601510",
  "1_0_jobs_4_end": "2022-03-02 10:42:15.674208",
  "1_0_jobs_4_part_count": 14,
  "1_0_jobs_4_uid": "dc7e0c23-8e82-4e19-8515-575761c5358c",
  "1_0_jobs_4_total_minutes": 20.016666666666666,
  "1_0_jobs_4_program": "07843a47-d691-4f12-a76d-ffff68625dcc",
  "1_0_jobs_5_type": "strippit",
  "1_0_jobs_5_task": "high_front_36_low_range",
  "1_0_jobs_5_start": "2022-03-02 14:34:18.890570",
  "1_0_jobs_5_end": "2022-03-02 15:13:16.659283",
  "1_0_jobs_5_part_count": 0,
  "1_0_jobs_5_tool_change_count": 1,
  "1_0_jobs_5_code_change_count": 2,
  "1_0_jobs_5_uid": "5cb37ae7-e7a6-4f56-86a1-fd59f41b7845",
  "1_0_jobs_5_total_minutes": 38.96666666666667,
  "1_0_jobs_5_program": "b2a55ecc-444f-431c-9246-2586ff9c7dd4",
  "1_0_jobs_6_task": "landing_ledge_48",
  "1_0_jobs_6_start": "2022-03-02 11:02:47.889686",
  "1_0_jobs_6_end": "2022-03-02 11:10:25.473859",
  "1_0_jobs_6_part_count": 5,
  "1_0_jobs_6_uid": "a5cc6b6d-d63d-47cf-b047-c10762a56d55",
  "1_0_jobs_6_total_minutes": 7.633333333333334,
  "1_0_jobs_6_program": "da9f1a74-338b-4a3e-ad20-05071466a8e4",
  "1_0_jobs_7_task": "landing_ledge_48_after_lunch",
  "1_0_jobs_7_start": "2022-03-02 11:44:23.826446",
  "1_0_jobs_7_end": "2022-03-02 11:46:47.562667",
  "1_0_jobs_7_part_count": 2,
  "1_0_jobs_7_uid": "5961d67d-6ad1-4053-b47a-d48b1f9ed6e1",
  "1_0_jobs_7_total_minutes": 2.4,
  "1_0_jobs_7_program": "dea3a5ad-ace1-4f9f-9875-2f8612abd3c1",
  "1_0_jobs_8_type": "strippit",
  "1_0_jobs_8_task": "ssp_valve_cover",
  "1_0_jobs_8_start": "2022-03-02 15:52:20.931368",
  "1_0_jobs_8_end": "2022-03-02 15:52:23.555518",
  "1_0_jobs_8_part_count": 0,
  "1_0_jobs_8_uid": "1500e7ec-9f87-4485-9ba2-69c581b78a00",
  "1_0_jobs_8_total_minutes": 0.05,
  "1_0_jobs_8_program": "c2e6b488-fbf7-416c-b0d1-79efb9f6c3fe",
  "1_0_jobs_9_type": "strippit",
  "1_0_jobs_9_task": "ssp_valve_cover_jet",
  "1_0_jobs_9_start": "2022-03-02 14:36:58.067492",
  "1_0_jobs_9_end": "2022-03-02 15:10:02.000000",
  "1_0_jobs_9_part_count": 10,
  "1_0_jobs_9_uid": "dd0fc38b-3971-40ae-8203-5940ca2cdeeb",
  "1_0_jobs_9_total_minutes": 33.06666666666667,
  "1_0_jobs_9_program": "866d4b71-b9b9-4289-9f4e-d63f33b4aa96",
  "1_0_jobs_10_type": "strippit",
  "1_0_jobs_10_task": "back_manifold_support_bracket",
  "1_0_jobs_10_start": "2022-03-03 09:31:04.803210",
  "1_0_jobs_10_end": "2022-03-03 11:52:02.661266",
  "1_0_jobs_10_part_count": 36,
  "1_0_jobs_10_setup_end": "09:50",
  "1_0_jobs_10_tool_change_count": 2,
  "1_0_jobs_10_uid": "2307f07c-fd4a-4d54-85ba-5fd6b7fa80af",
  "1_0_jobs_10_total_minutes": 140.96666666666667,
  "1_0_jobs_10_total_setup": 18.933333333333334,
  "1_0_jobs_10_program": "9fbf338a-9541-4650-80b5-f563c1135707",
  "1_0_jobs_11_type": "strippit",
  "1_0_jobs_11_task": "inside_panel_shp_single",
  "1_0_jobs_11_start": "2022-03-03 11:57:21.650627",
  "1_0_jobs_11_end": "2022-03-03 13:04:45.505329",
  "1_0_jobs_11_part_count": 1,
  "1_0_jobs_11_scrap": 1,
  "1_0_jobs_11_setup_end": "13:01",
  "1_0_jobs_11_tool_change_count": 3,
  "1_0_jobs_11_uid": "1637ca5c-e9f4-45f3-b31d-ca6d9e474f6f",
  "1_0_jobs_11_total_minutes": 67.4,
  "1_0_jobs_11_total_setup": 63.65,
  "1_0_jobs_11_program": "d73f8a65-44fa-4fb6-9838-f7e2c12a2da2",
  "1_0_jobs_12_type": "strippit",
  "1_0_jobs_12_task": "inside_panel_shp_single",
  "1_0_jobs_12_start": "2022-03-03 13:59:46.802728",
  "1_0_jobs_12_end": "2022-03-03 14:24:41.581754",
  "1_0_jobs_12_part_count": 12,
  "1_0_jobs_12_scrap": 1,
  "1_0_jobs_12_tool_change_count": 3,
  "1_0_jobs_12_uid": "71b511a2-08ee-4380-8404-e8e3eab7688e",
  "1_0_jobs_12_total_minutes": 24.916666666666668,
  "1_0_jobs_12_program": "d73f8a65-44fa-4fb6-9838-f7e2c12a2da2",
  "1_0_jobs_13_type": "strip",
  "1_0_jobs_13_task": "back flue panel",
  "1_0_jobs_13_start": "2022-03-03 14:35:30.371293",
  "1_0_jobs_13_end": "2022-03-03 14:59:14.996995",
  "1_0_jobs_13_setup_end": "14:44",
  "1_0_jobs_13_part_count": 6,
  "1_0_jobs_13_tool_change_count": 3,
  "1_0_jobs_13_uid": "71307dfa-da2f-49ed-b303-a60d7f1cf555",
  "1_0_jobs_13_total_minutes": 23.733333333333334,
  "1_0_jobs_13_total_setup": 8.5,
  "1_0_jobs_13_program": "ad04dd28-df98-4bdc-b6cd-642a2f2d881c",
  "1_0_jobs_14_type": "Maintenance",
  "1_0_jobs_14_task": "maintenance_strippit",
  "1_0_jobs_14_start": "2022-03-03 13:47:33.133439",
  "1_0_jobs_14_end": "2022-03-03 13:58:41.501013",
  "1_0_jobs_14_uid": "f9d4fa4c-b263-4d0c-950f-07902e4a9118",
  "1_0_jobs_14_total_minutes": 11.133333333333333,
  "1_0_jobs_15_type": "strippit",
  "1_0_jobs_15_task": "inside_panel_srb",
  "1_0_jobs_15_start": "2022-03-04 11:08:42.300732",
  "1_0_jobs_15_end": "2022-03-04 11:38:29.689471",
  "1_0_jobs_15_part_count": "19",
  "1_0_jobs_15_error_count": 2,
  "1_0_jobs_15_scrap": 1,
  "1_0_jobs_15_tool_change_count": 3,
  "1_0_jobs_15_uid": "5d024b12-6502-4585-955a-10382dddfc8a",
  "1_0_jobs_15_total_minutes": 29.783333333333335,
  "1_0_jobs_15_program": "00aeaa66-2d36-4f9c-a43f-0bb9e18e5917",
  "1_0_jobs_16_type": "strippit",
  "1_0_jobs_16_task": "ssp_front_cross_support",
  "1_0_jobs_16_start": "2022-03-04 11:40:23.850472",
  "1_0_jobs_16_end": "2022-03-04 13:31:23.664171",
  "1_0_jobs_16_errors_0_name": "turret fault",
  "1_0_jobs_16_errors_0_description": "Turret popped out",
  "1_0_jobs_16_part_count": 80,
  "1_0_jobs_16_error_count": 1,
  "1_0_jobs_16_tool_change_count": 1,
  "1_0_jobs_16_tool_changes_0_from": "T04",
  "1_0_jobs_16_uid": "6c1bcdc2-797c-4e58-a2b0-392a8617cc80",
  "1_0_jobs_16_total_minutes": 111.0,
  "1_0_jobs_16_program": "ff632909-7d9e-4dd8-83f8-3766f847b447",
  "1_0_jobs_17_type": "strippit",
  "1_0_jobs_17_task": "griddle_baffle_60",
  "1_0_jobs_17_start": "2022-03-04 09:14:51.592184",
  "1_0_jobs_17_end": "2022-03-04 09:46:28.773916",
  "1_0_jobs_17_setup_end": "09:28",
  "1_0_jobs_17_part_count": "6",
  "1_0_jobs_17_uid": "9d273ea3-dc9e-49d7-83e6-9f55585fde0e",
  "1_0_jobs_17_total_minutes": 31.616666666666667,
  "1_0_jobs_17_total_setup": 13.15,
  "1_0_jobs_17_program": "cb621090-c924-4f1d-904a-e5a8b71b244d",
  "1_0_jobs_18_type": "strippit",
  "1_0_jobs_18_task": "srb_valve_cover_36",
  "1_0_jobs_18_start": "2022-03-04 09:48:23.340517",
  "1_0_jobs_18_end": "2022-03-04 10:05:24.689911",
  "1_0_jobs_18_part_count": 6,
  "1_0_jobs_18_tool_change_count": 1,
  "1_0_jobs_18_tool_changes_0_from": "T11",
  "1_0_jobs_18_code_change_count": 1,
  "1_0_jobs_18_setup_end": "9:57",
  "1_0_jobs_18_uid": "97983245-9093-4c3f-96f9-463251c2c863",
  "1_0_jobs_18_total_minutes": 17.016666666666666,
  "1_0_jobs_18_total_setup": 8.616666666666667,
  "1_0_jobs_18_program": "d0fe67b6-33fc-4118-8550-f3adb1d2eb3c",
  "1_0_jobs_19_type": "strippit",
  "1_0_jobs_19_task": "burner_hangover_stock_pot",
  "1_0_jobs_19_start": "2022-03-04 14:04:58.227111",
  "1_0_jobs_19_end": "2022-03-04 15:02:47.142804",
  "1_0_jobs_19_setup_end": "14:21",
  "1_0_jobs_19_part_count": 10,
  "1_0_jobs_19_tool_change_count": 1,
  "1_0_jobs_19_tool_changes_0_from": "T09",
  "1_0_jobs_19_uid": "293fd876-e825-49eb-8fa7-dcc11e4b42a2",
  "1_0_jobs_19_total_minutes": 57.81666666666667,
  "1_0_jobs_19_total_setup": 16.033333333333335,
  "1_0_jobs_19_program": "34af6a5c-30e9-442d-81a3-dfbcdde2ddfc",
  "1_0_jobs_20_type": "Repair",
  "1_0_jobs_20_task": "Strippit turret fault repair",
  "1_0_jobs_20_start": "2022-03-04 12:11:48.380582",
  "1_0_jobs_20_end": "2022-03-04 12:21:55.611648",
  "1_0_jobs_20_uid": "656174b5-8085-4575-b8e3-1f988a607123",
  "1_0_jobs_20_total_minutes": 10.116666666666667,
  "1_1_parts_0_name": "Srb valve cover 36",
  "1_1_parts_0_product_code": "SRB",
  "1_1_parts_0_size": "9x35",
  "1_1_parts_0_material": "20_ss",
  "1_1_parts_0_uid": "23654a0b-fcd5-4876-90a3-20bad67c0c09",
  "1_1_parts_0_size_new_width": "9",
  "1_1_parts_0_size_new_height": "35",
  "1_1_parts_0_material_new_gage": "20",
  "1_1_parts_0_material_new_steel": "ss",
  "1_1_parts_0_programs_0": "d0fe67b6-33fc-4118-8550-f3adb1d2eb3c",
  "1_1_parts_1_name": "Griddle baffle 60",
  "1_1_parts_1_size": "59x11",
  "1_1_parts_1_material": "14_hr",
  "1_1_parts_1_uid": "74b4ac8d-6781-416c-b24d-45cf25cd9ade",
  "1_1_parts_1_size_new_width": "59",
  "1_1_parts_1_size_new_height": "11",
  "1_1_parts_1_material_new_gage": "14",
  "1_1_parts_1_material_new_steel": "hr",
  "1_1_parts_1_programs_0": "cb621090-c924-4f1d-904a-e5a8b71b244d",
  "1_1_parts_2_name": "Inside panel srb",
  "1_1_parts_2_product_class": "Radiant broiler",
  "1_1_parts_2_size": "28x11",
  "1_1_parts_2_material": "0_as",
  "1_1_parts_2_uid": "75c3348a-0c2c-40d2-8ebc-fbdf841b781e",
  "1_1_parts_2_size_new_width": "28",
  "1_1_parts_2_size_new_height": "11",
  "1_1_parts_2_material_new_gage": "0",
  "1_1_parts_2_material_new_steel": "as",
  "1_1_parts_2_programs_0": "00aeaa66-2d36-4f9c-a43f-0bb9e18e5917",
  "1_1_parts_3_name": "Front cross support",
  "1_1_parts_3_product_code": "SSP",
  "1_1_parts_3_size": "4x18",
  "1_1_parts_3_material": "18_gs",
  "1_1_parts_3_uid": "806f23c4-76f4-4535-9102-836c54d22b80",
  "1_1_parts_3_size_new_width": "4",
  "1_1_parts_3_size_new_height": "18",
  "1_1_parts_3_material_new_gage": "18",
  "1_1_parts_3_material_new_steel": "gs",
  "1_1_parts_3_programs_0": "a64f3851-72d2-4ac6-b19e-6879eb6d5445",
  "1_1_parts_4_name": "Burner hangover",
  "1_1_parts_4_product_class": "Stock pot",
  "1_1_parts_4_size": "27x12",
  "1_1_parts_4_uid": "2e842c55-bc98-496e-9679-730528f2a905",
  "1_1_parts_4_size_new_width": "27",
  "1_1_parts_4_size_new_height": "12",
  "1_1_parts_4_programs_0": "34af6a5c-30e9-442d-81a3-dfbcdde2ddfc",
  "1_1_parts_5_name": "Landing ledge 48",
  "1_1_parts_5_size": "47x6",
  "1_1_parts_5_material": "16_ss",
  "1_1_parts_5_uid": "45d0eb85-bc63-44c8-b413-849500eb8466",
  "1_1_parts_5_size_new_width": "47",
  "1_1_parts_5_size_new_height": "6",
  "1_1_parts_5_material_new_gage": "16",
  "1_1_parts_5_material_new_steel": "ss",
  "1_1_parts_5_programs_0": "da9f1a74-338b-4a3e-ad20-05071466a8e4",
  "1_1_parts_6_name": "Back burner support 36",
  "1_1_parts_6_uid": "d02ba7e4-4f7e-4cf4-9d12-a683ef88e256",
  "1_1_parts_6_programs_0": "07843a47-d691-4f12-a76d-ffff68625dcc",
  "1_1_parts_7_name": "Landing ledge 36",
  "1_1_parts_7_size": "47x9",
  "1_1_parts_7_material": "16_ss",
  "1_1_parts_7_uid": "931d084a-39ab-48c9-a3cc-1661d7e4991d",
  "1_1_parts_7_size_new_width": "47",
  "1_1_parts_7_size_new_height": "9",
  "1_1_parts_7_material_new_gage": "16",
  "1_1_parts_7_material_new_steel": "ss",
  "1_1_parts_7_programs_0": "104cd5e3-83d2-40aa-919b-dde95e798132",
  "1_1_parts_8_name": "Cross support 12",
  "1_1_parts_8_size": "2x0",
  "1_1_parts_8_material": "14_hr",
  "1_1_parts_8_uid": "28a80ffa-0841-4fcd-a2d0-a35af1a71131",
  "1_1_parts_8_size_new_width": "2",
  "1_1_parts_8_size_new_height": "0",
  "1_1_parts_8_material_new_gage": "14",
  "1_1_parts_8_material_new_steel": "hr",
  "1_1_parts_8_programs_0": "a64f3851-72d2-4ac6-b19e-6879eb6d5445",
  "1_1_parts_9_name": "Valve cover jet",
  "1_1_parts_9_product_code": "SSP",
  "1_1_parts_9_size": "11x13",
  "1_1_parts_9_material": "20_ss",
  "1_1_parts_9_uid": "9cca8e14-c028-4199-93cb-75bca7ec1326",
  "1_1_parts_9_size_new_width": "11",
  "1_1_parts_9_size_new_height": "13",
  "1_1_parts_9_material_new_gage": "20",
  "1_1_parts_9_material_new_steel": "ss",
  "1_1_parts_9_programs_0": "866d4b71-b9b9-4289-9f4e-d63f33b4aa96",
  "1_1_parts_10_name": "Valve cover",
  "1_1_parts_10_product_code": "SRB",
  "1_1_parts_10_size": "9x35",
  "1_1_parts_10_material": "20_ss",
  "1_1_parts_10_uid": "1badce3a-a970-4fcc-9857-a8f275ddfa82",
  "1_1_parts_10_size_new_width": "9",
  "1_1_parts_10_size_new_height": "35",
  "1_1_parts_10_material_new_gage": "20",
  "1_1_parts_10_material_new_steel": "ss",
  "1_1_parts_10_programs_0": "d0fe67b6-33fc-4118-8550-f3adb1d2eb3c",
  "1_1_parts_11_name": "High front 36 low",
  "1_1_parts_11_product_class": "Range",
  "1_1_parts_11_size": "42x9",
  "1_1_parts_11_material": "18_ss",
  "1_1_parts_11_uid": "7c166564-6bec-4388-b016-c351e8d35fed",
  "1_1_parts_11_size_new_width": "42",
  "1_1_parts_11_size_new_height": "9",
  "1_1_parts_11_material_new_gage": "18",
  "1_1_parts_11_material_new_steel": "ss",
  "1_1_parts_11_programs_0": "b2a55ecc-444f-431c-9246-2586ff9c7dd4",
  "1_1_parts_12_name": "Inside panel",
  "1_1_parts_12_product_code": "SHP",
  "1_1_parts_12_uid": "ab5c5a72-c5fe-43ac-a578-d5f0f4c90576",
  "1_1_parts_12_programs_0": "00aeaa66-2d36-4f9c-a43f-0bb9e18e5917",
  "1_1_parts_13_name": "High front 36 low",
  "1_1_parts_13_product_class": "Range",
  "1_1_parts_13_uid": "0fc02a2b-b47a-4fe4-9cee-29183c2292b0",
  "1_1_parts_13_programs_0": "b2a55ecc-444f-431c-9246-2586ff9c7dd4",
  "1_1_parts_14_name": "Back flue panel",
  "1_1_parts_14_size": "8x41",
  "1_1_parts_14_material": "18_gs",
  "1_1_parts_14_uid": "c2e370ed-2a57-4388-9f39-cd59c8cac9c4",
  "1_1_parts_14_size_new_width": "8",
  "1_1_parts_14_size_new_height": "41",
  "1_1_parts_14_material_new_gage": "18",
  "1_1_parts_14_material_new_steel": "gs",
  "1_1_parts_14_programs_0": "ad04dd28-df98-4bdc-b6cd-642a2f2d881c",
  "1_1_parts_15_name": "Back manifold support bracket",
  "1_1_parts_15_product_class": "Stock pot",
  "1_1_parts_15_size": "16x5",
  "1_1_parts_15_material": "18_GS",
  "1_1_parts_15_uid": "b1fb2f6e-6459-406a-b8c2-3f6fe6c9d8c1",
  "1_1_parts_15_size_new_width": "16",
  "1_1_parts_15_size_new_height": "5",
  "1_1_parts_15_material_new_gage": "18",
  "1_1_parts_15_material_new_steel": "GS",
  "1_1_parts_15_programs_0": "9fbf338a-9541-4650-80b5-f563c1135707",
  "1_2_programs_0_name": "Ssp valve cover",
  "1_2_programs_0_tools": [],
  "1_2_programs_0_uid": "c2e6b488-fbf7-416c-b0d1-79efb9f6c3fe",
  "1_2_programs_1_name": "Back manifold support bracket",
  "1_2_programs_1_tools_0": "T20",
  "1_2_programs_1_tools_1": "T11",
  "1_2_programs_1_tools_2": "T19",
  "1_2_programs_1_part_flip_count": 1,
  "1_2_programs_1_uid": "9fbf338a-9541-4650-80b5-f563c1135707",
  "1_2_programs_2_name": "Back flue panel",
  "1_2_programs_2_tools_0": "T01",
  "1_2_programs_2_tools_1": "T03",
  "1_2_programs_2_tools_2": "T08",
  "1_2_programs_2_tools_3": "T09",
  "1_2_programs_2_tools_4": "T17",
  "1_2_programs_2_tools_5": "T16",
  "1_2_programs_2_punch_count": 40,
  "1_2_programs_2_uid": "ad04dd28-df98-4bdc-b6cd-642a2f2d881c",
  "1_2_programs_3_name": "Inside panel shp",
  "1_2_programs_3_tools_0": "T19",
  "1_2_programs_3_tools_1": "T08",
  "1_2_programs_3_tools_2": "T09",
  "1_2_programs_3_tools_3": "T04",
  "1_2_programs_3_tools_4": "T01",
  "1_2_programs_3_part_flip_count": 1,
  "1_2_programs_3_uid": "d73f8a65-44fa-4fb6-9838-f7e2c12a2da2",
  "1_2_programs_4_name": "Burner hangover stock pot",
  "1_2_programs_4_tools_0": "T03",
  "1_2_programs_4_tools_1": "T14",
  "1_2_programs_4_tools_2": "T08",
  "1_2_programs_4_tools_3": "T01",
  "1_2_programs_4_tools_4": "T20",
  "1_2_programs_4_tools_5": "T05",
  "1_2_programs_4_tools_6": "T04",
  "1_2_programs_4_tools_7": "T09",
  "1_2_programs_4_uid": "34af6a5c-30e9-442d-81a3-dfbcdde2ddfc",
  "1_2_programs_5_name": "Srb valve cover 36",
  "1_2_programs_5_punch_count": 30,
  "1_2_programs_5_tools_0": "TT14",
  "1_2_programs_5_tools_1": "TT10",
  "1_2_programs_5_tools_2": "TT11",
  "1_2_programs_5_tools_3": "TTO1",
  "1_2_programs_5_uid": "d0fe67b6-33fc-4118-8550-f3adb1d2eb3c",
  "1_2_programs_6_name": "Griddle baffle 60",
  "1_2_programs_6_punch_count": 80,
  "1_2_programs_6_tools_0": "TT02",
  "1_2_programs_6_tools_1": "TT04",
  "1_2_programs_6_tools_2": "TT14",
  "1_2_programs_6_tools_3": "TT10",
  "1_2_programs_6_tools_4": "TT11",
  "1_2_programs_6_uid": "cb621090-c924-4f1d-904a-e5a8b71b244d",
  "1_2_programs_7_name": "Inside panel srb",
  "1_2_programs_7_tools_0": "TT04",
  "1_2_programs_7_tools_1": "TT09",
  "1_2_programs_7_tools_2": "TT11",
  "1_2_programs_7_tools_3": "TT19",
  "1_2_programs_7_tools_4": "TT08",
  "1_2_programs_7_tools_5": "TT01",
  "1_2_programs_7_tools_6": "TT03",
  "1_2_programs_7_uid": "00aeaa66-2d36-4f9c-a43f-0bb9e18e5917",
  "1_2_programs_8_name": "Ssp front cross support",
  "1_2_programs_8_uid": "ff632909-7d9e-4dd8-83f8-3766f847b447",
  "1_2_programs_9_name": "Landing ledge 48",
  "1_2_programs_9_punch_count": 26,
  "1_2_programs_9_uid": "dea3a5ad-ace1-4f9f-9875-2f8612abd3c1",
  "1_2_programs_10_name": "Back burner support 36",
  "1_2_programs_10_punch_count": 26,
  "1_2_programs_10_tools_0": "T16",
  "1_2_programs_10_tools_1": "T11",
  "1_2_programs_10_tools_2": "T14",
  "1_2_programs_10_uid": "07843a47-d691-4f12-a76d-ffff68625dcc",
  "1_2_programs_11_name": "Landing ledge 36",
  "1_2_programs_11_punch_count": 33,
  "1_2_programs_11_tools_0": "T16",
  "1_2_programs_11_tools_1": "T11",
  "1_2_programs_11_uid": "104cd5e3-83d2-40aa-919b-dde95e798132",
  "1_2_programs_12_name": "Landing ledge 48",
  "1_2_programs_12_punch_count": 33,
  "1_2_programs_12_tools_0": "T16",
  "1_2_programs_12_tools_1": "T11",
  "1_2_programs_12_uid": "da9f1a74-338b-4a3e-ad20-05071466a8e4",
  "1_2_programs_13_name": "Cross support 12",
  "1_2_programs_13_punch_count": 20,
  "1_2_programs_13_tools_0": "T16",
  "1_2_programs_13_tools_1": "T04",
  "1_2_programs_13_tools_2": "T11",
  "1_2_programs_13_tools_3": "T14",
  "1_2_programs_13_yields": 2,
  "1_2_programs_13_part_flip_count": 1,
  "1_2_programs_13_uid": "a64f3851-72d2-4ac6-b19e-6879eb6d5445",
  "1_2_programs_14_name": "Ssp valve cover jet",
  "1_2_programs_14_punch_count": 24,
  "1_2_programs_14_uid": "866d4b71-b9b9-4289-9f4e-d63f33b4aa96",
  "1_2_programs_15_name": "High front 36 low range",
  "1_2_programs_15_punch_count": 73,
  "1_2_programs_15_tools_0": "T03",
  "1_2_programs_15_tools_1": "T09",
  "1_2_programs_15_tools_2": "T01",
  "1_2_programs_15_part_flip_count": 1,
  "1_2_programs_15_uid": "b2a55ecc-444f-431c-9246-2586ff9c7dd4",
  "1_3_data_0_type": "strippit",
  "1_3_data_0_task": "shp back stop 12",
  "1_3_data_0_start": "2022-03-10 09:43:42.970096",
  "1_3_data_0_end": "2022-03-10 09:43:46.041968",
  "1_3_data_0_part_count": "5",
  "1_3_data_0_time_type": "UpTime",
  "1_3_data_0_machine": "Strippit",
  "1_3_data_0_task_type": "Production",
  "1_3_data_0_error_count": "",
  "1_3_data_0_error_type": "",
  "1_3_data_0_tool_change_count": "",
  "1_3_data_0_debur_time": "",
  "1_3_data_0_search_dir_time": "",
  "1_3_data_0_search_book_time": "",
  "1_3_data_0_name": "",
  "1_3_data_0_product_class": "",
  "1_3_data_0_width": "",
  "1_3_data_0_height": "",
  "1_3_data_0_material": "",
  "1_3_data_1_type": "strippit",
  "1_3_data_1_task": "shp back 12 real",
  "1_3_data_1_start": "2022-03-10 09:44:00.938240",
  "1_3_data_1_end": "2022-03-10 10:09:51.618821",
  "1_3_data_1_part_count": "24",
  "1_3_data_1_error": "clamp too close",
  "1_3_data_1_time_type": "UpTime",
  "1_3_data_1_machine": "Strippit",
  "1_3_data_1_task_type": "Production",
  "1_3_data_1_error_count": "",
  "1_3_data_1_error_type": "",
  "1_3_data_1_tool_change_count": "",
  "1_3_data_1_debur_time": "",
  "1_3_data_1_search_dir_time": "",
  "1_3_data_1_search_book_time": "",
  "1_3_data_1_name": "",
  "1_3_data_1_product_class": "",
  "1_3_data_1_width": "",
  "1_3_data_1_height": "",
  "1_3_data_1_material": "",
  "1_3_data_2_type": "Strippit",
  "1_3_data_2_task": "backstop dbl shp 12",
  "1_3_data_2_start": "2022-03-10 10:16:52.954979",
  "1_3_data_2_end": "2022-03-10 10:19:11.915089",
  "1_3_data_2_part_count": "0",
  "1_3_data_2_setup_finished": "1",
  "1_3_data_2_time_type": "UpTime",
  "1_3_data_2_machine": "Strippit",
  "1_3_data_2_task_type": "Production",
  "1_3_data_2_error_count": "",
  "1_3_data_2_error_type": "",
  "1_3_data_2_tool_change_count": "",
  "1_3_data_2_debur_time": "",
  "1_3_data_2_search_dir_time": "",
  "1_3_data_2_search_book_time": "",
  "1_3_data_2_name": "",
  "1_3_data_2_product_class": "",
  "1_3_data_2_width": "",
  "1_3_data_2_height": "",
  "1_3_data_2_material": "",
  "1_3_data_3_type": "Strippit",
  "1_3_data_3_task": "samelast",
  "1_3_data_3_start": "2022-03-10 10:20:53.779099",
  "1_3_data_3_end": "2022-03-10 10:28:36.315248",
  "1_3_data_3_part_count": "15",
  "1_3_data_3_time_type": "UpTime",
  "1_3_data_3_machine": "Strippit",
  "1_3_data_3_task_type": "Production",
  "1_3_data_3_error_count": "",
  "1_3_data_3_error_type": "",
  "1_3_data_3_tool_change_count": "",
  "1_3_data_3_debur_time": "",
  "1_3_data_3_search_dir_time": "",
  "1_3_data_3_search_book_time": "",
  "1_3_data_3_name": "",
  "1_3_data_3_product_class": "",
  "1_3_data_3_width": "",
  "1_3_data_3_height": "",
  "1_3_data_3_material": "",
  "1_3_data_4_type": "Strippit",
  "1_3_data_4_task": "ssp crumb tray",
  "1_3_data_4_start": "2022-03-10 10:29:27.003313",
  "1_3_data_4_end": "2022-03-10 10:31:20.091225",
  "1_3_data_4_part_count": "1",
  "1_3_data_4_lunch": "start",
  "1_3_data_4_time_type": "UpTime",
  "1_3_data_4_machine": "Strippit",
  "1_3_data_4_task_type": "Production",
  "1_3_data_4_error_count": "",
  "1_3_data_4_error_type": "",
  "1_3_data_4_tool_change_count": "",
  "1_3_data_4_debur_time": "",
  "1_3_data_4_search_dir_time": "",
  "1_3_data_4_search_book_time": "",
  "1_3_data_4_name": "",
  "1_3_data_4_product_class": "",
  "1_3_data_4_width": "",
  "1_3_data_4_height": "",
  "1_3_data_4_material": "",
  "1_3_data_5_type": "Strippit",
  "1_3_data_5_task": "ssp crumb tray",
  "1_3_data_5_start": "2022-03-10 11:08:14.155977",
  "1_3_data_5_end": "2022-03-10 11:31:00.964463",
  "1_3_data_5_part_count": "28",
  "1_3_data_5_time_type": "UpTime",
  "1_3_data_5_machine": "Strippit",
  "1_3_data_5_task_type": "Production",
  "1_3_data_5_error_count": "",
  "1_3_data_5_error_type": "",
  "1_3_data_5_tool_change_count": "",
  "1_3_data_5_debur_time": "",
  "1_3_data_5_search_dir_time": "",
  "1_3_data_5_search_book_time": "",
  "1_3_data_5_name": "",
  "1_3_data_5_product_class": "",
  "1_3_data_5_width": "",
  "1_3_data_5_height": "",
  "1_3_data_5_material": "",
  "1_3_data_6_type": "Strippit",
  "1_3_data_6_task": "front manifold support ",
  "1_3_data_6_start": "2022-03-10 11:36:23.428443",
  "1_3_data_6_end": "2022-03-10 11:39:30.876853",
  "1_3_data_6_part_count": "0",
  "1_3_data_6_setup continued": "confirm part",
  "1_3_data_6_time_type": "UpTime",
  "1_3_data_6_machine": "Strippit",
  "1_3_data_6_task_type": "Production",
  "1_3_data_6_error_count": "",
  "1_3_data_6_error_type": "",
  "1_3_data_6_tool_change_count": "",
  "1_3_data_6_debur_time": "",
  "1_3_data_6_search_dir_time": "",
  "1_3_data_6_search_book_time": "",
  "1_3_data_6_name": "",
  "1_3_data_6_product_class": "",
  "1_3_data_6_width": "",
  "1_3_data_6_height": "",
  "1_3_data_6_material": "",
  "1_3_data_7_type": "Strippit",
  "1_3_data_7_task": "front manifold support 12",
  "1_3_data_7_start": "2022-03-10 11:40:03.404657",
  "1_3_data_7_end": "2022-03-10 12:04:33.349316",
  "1_3_data_7_part_count": "1",
  "1_3_data_7_setup continued": "current 16m",
  "1_3_data_7_time_type": "UpTime",
  "1_3_data_7_machine": "Strippit",
  "1_3_data_7_task_type": "Production",
  "1_3_data_7_error_count": "",
  "1_3_data_7_error_type": "",
  "1_3_data_7_tool_change_count": "",
  "1_3_data_7_debur_time": "",
  "1_3_data_7_search_dir_time": "",
  "1_3_data_7_search_book_time": "",
  "1_3_data_7_name": "",
  "1_3_data_7_product_class": "",
  "1_3_data_7_width": "",
  "1_3_data_7_height": "",
  "1_3_data_7_material": "",
  "1_3_data_8_type": "Strippit",
  "1_3_data_8_task": "front manifold suppoprt 12",
  "1_3_data_8_start": "2022-03-10 12:08:26.989254",
  "1_3_data_8_end": "2022-03-10 12:52:28.502221",
  "1_3_data_8_part_count": "36",
  "1_3_data_8_theone": "1",
  "1_3_data_8_time_type": "UpTime",
  "1_3_data_8_machine": "Strippit",
  "1_3_data_8_task_type": "Production",
  "1_3_data_8_error_count": "",
  "1_3_data_8_error_type": "",
  "1_3_data_8_tool_change_count": "",
  "1_3_data_8_debur_time": "",
  "1_3_data_8_search_dir_time": "",
  "1_3_data_8_search_book_time": "",
  "1_3_data_8_name": "",
  "1_3_data_8_product_class": "",
  "1_3_data_8_width": "",
  "1_3_data_8_height": "",
  "1_3_data_8_material": "",
  "1_3_data_9_type": "backstop dbl shp confirm part",
  "1_3_data_9_task": "above",
  "1_3_data_9_start": "2022-03-10 10:19:55.890947",
  "1_3_data_9_end": "2022-03-10 10:20:24.283031",
  "1_3_data_9_part_count": "1",
  "1_3_data_9_addto": "20",
  "1_3_data_9_time_type": "UpTime",
  "1_3_data_9_machine": "Strippit",
  "1_3_data_9_task_type": "Production",
  "1_3_data_9_error_count": "",
  "1_3_data_9_error_type": "",
  "1_3_data_9_tool_change_count": "",
  "1_3_data_9_debur_time": "",
  "1_3_data_9_search_dir_time": "",
  "1_3_data_9_search_book_time": "",
  "1_3_data_9_name": "",
  "1_3_data_9_product_class": "",
  "1_3_data_9_width": "",
  "1_3_data_9_height": "",
  "1_3_data_9_material": "",
  "1_3_data_10_type": "lunchbreak",
  "1_3_data_10_task": "start",
  "1_3_data_10_start": "2022-03-10 10:31:38.187340",
  "1_3_data_10_end": "2022-03-10 11:07:25.540021",
  "1_3_data_10_part_count": "0",
  "1_3_data_10_breakend": "yes",
  "1_3_data_10_time_type": "UpTime",
  "1_3_data_10_machine": "Strippit",
  "1_3_data_10_task_type": "Production",
  "1_3_data_10_error_count": "",
  "1_3_data_10_error_type": "",
  "1_3_data_10_tool_change_count": "",
  "1_3_data_10_debur_time": "",
  "1_3_data_10_search_dir_time": "",
  "1_3_data_10_search_book_time": "",
  "1_3_data_10_name": "",
  "1_3_data_10_product_class": "",
  "1_3_data_10_width": "",
  "1_3_data_10_height": "",
  "1_3_data_10_material": "",
  "1_3_data_11_type": "setup",
  "1_3_data_11_task": "searchfortask",
  "1_3_data_11_start": "2022-03-10 11:35:49.260659",
  "1_3_data_11_end": "2022-03-10 11:35:56.260588",
  "1_3_data_11_part_count": "0",
  "1_3_data_11_time_type": "UpTime",
  "1_3_data_11_machine": "Strippit",
  "1_3_data_11_task_type": "Production",
  "1_3_data_11_error_count": "",
  "1_3_data_11_error_type": "",
  "1_3_data_11_tool_change_count": "",
  "1_3_data_11_debur_time": "",
  "1_3_data_11_search_dir_time": "",
  "1_3_data_11_search_book_time": "",
  "1_3_data_11_name": "",
  "1_3_data_11_product_class": "",
  "1_3_data_11_width": "",
  "1_3_data_11_height": "",
  "1_3_data_11_material": "",
  "1_3_data_12_type": "Debug",
  "1_3_data_12_task": "manifold support",
  "1_3_data_12_start": "2022-03-10 12:05:04.581256",
  "1_3_data_12_end": "2022-03-10 12:08:07.797456",
  "1_3_data_12_part_count": "1",
  "1_3_data_12_ttl": "end",
  "1_3_data_12_time_type": "UpTime",
  "1_3_data_12_machine": "Strippit",
  "1_3_data_12_task_type": "Production",
  "1_3_data_12_error_count": "",
  "1_3_data_12_error_type": "",
  "1_3_data_12_tool_change_count": "",
  "1_3_data_12_debur_time": "",
  "1_3_data_12_search_dir_time": "",
  "1_3_data_12_search_book_time": "",
  "1_3_data_12_name": "",
  "1_3_data_12_product_class": "",
  "1_3_data_12_width": "",
  "1_3_data_12_height": "",
  "1_3_data_12_material": "",
  "1_3_data_13_type": "break",
  "1_3_data_13_task": "smoke",
  "1_3_data_13_start": "2022-03-10 12:52:55.246105",
  "1_3_data_13_end": "2022-03-10 12:54:51.214128",
  "1_3_data_13_part_count": "0",
  "1_3_data_13_waterbreak": "1",
  "1_3_data_13_time_type": "UpTime",
  "1_3_data_13_machine": "Strippit",
  "1_3_data_13_task_type": "Production",
  "1_3_data_13_error_count": "",
  "1_3_data_13_error_type": "",
  "1_3_data_13_tool_change_count": "",
  "1_3_data_13_debur_time": "",
  "1_3_data_13_search_dir_time": "",
  "1_3_data_13_search_book_time": "",
  "1_3_data_13_name": "",
  "1_3_data_13_product_class": "",
  "1_3_data_13_width": "",
  "1_3_data_13_height": "",
  "1_3_data_13_material": "",
  "1_3_data_14_type": "break",
  "1_3_data_14_task": "smoke",
  "1_3_data_14_start": "2022-03-10 12:55:57.125746",
  "1_3_data_14_end": "2022-03-10 13:02:20.133906",
  "1_3_data_14_part_count": "0",
  "1_3_data_14_time_type": "UpTime",
  "1_3_data_14_machine": "Strippit",
  "1_3_data_14_task_type": "Production",
  "1_3_data_14_error_count": "",
  "1_3_data_14_error_type": "",
  "1_3_data_14_tool_change_count": "",
  "1_3_data_14_debur_time": "",
  "1_3_data_14_search_dir_time": "",
  "1_3_data_14_search_book_time": "",
  "1_3_data_14_name": "",
  "1_3_data_14_product_class": "",
  "1_3_data_14_width": "",
  "1_3_data_14_height": "",
  "1_3_data_14_material": "",
  "1_3_data_15_type": "Strippit",
  "1_3_data_15_task": "manifold support 12 3",
  "1_3_data_15_start": "2022-03-10 13:02:38.078267",
  "1_3_data_15_end": "2022-03-10 13:16:30.846582",
  "1_3_data_15_part_count": "18",
  "1_3_data_15_time_type": "UpTime",
  "1_3_data_15_machine": "Strippit",
  "1_3_data_15_task_type": "Production",
  "1_3_data_15_error_count": "",
  "1_3_data_15_error_type": "",
  "1_3_data_15_tool_change_count": "",
  "1_3_data_15_debur_time": "",
  "1_3_data_15_search_dir_time": "",
  "1_3_data_15_search_book_time": "",
  "1_3_data_15_name": "",
  "1_3_data_15_product_class": "",
  "1_3_data_15_width": "",
  "1_3_data_15_height": "",
  "1_3_data_15_material": "",
  "1_3_data_16_type": "Strippit",
  "1_3_data_16_task": "inside panel shp",
  "1_3_data_16_start": "2022-03-10 13:18:20.798236",
  "1_3_data_16_end": "2022-03-10 13:22:06.262415",
  "1_3_data_16_part_count": "0",
  "1_3_data_16_stop for repair": "start",
  "1_3_data_16_time_type": "UpTime",
  "1_3_data_16_machine": "Strippit",
  "1_3_data_16_task_type": "Production",
  "1_3_data_16_error_count": "",
  "1_3_data_16_error_type": "",
  "1_3_data_16_tool_change_count": "",
  "1_3_data_16_debur_time": "",
  "1_3_data_16_search_dir_time": "",
  "1_3_data_16_search_book_time": "",
  "1_3_data_16_name": "",
  "1_3_data_16_product_class": "",
  "1_3_data_16_width": "",
  "1_3_data_16_height": "",
  "1_3_data_16_material": "",
  "1_3_data_17_type": "Strippit",
  "1_3_data_17_task": "inside panel shp",
  "1_3_data_17_start": "2022-03-10 13:54:11.319442",
  "1_3_data_17_end": "2022-03-10 14:03:11.271715",
  "1_3_data_17_part_count": "1",
  "1_3_data_17_t type": "setup and move clamps",
  "1_3_data_17_time_type": "UpTime",
  "1_3_data_17_machine": "Strippit",
  "1_3_data_17_task_type": "Production",
  "1_3_data_17_error_count": "",
  "1_3_data_17_error_type": "",
  "1_3_data_17_tool_change_count": "",
  "1_3_data_17_debur_time": "",
  "1_3_data_17_search_dir_time": "",
  "1_3_data_17_search_book_time": "",
  "1_3_data_17_name": "",
  "1_3_data_17_product_class": "",
  "1_3_data_17_width": "",
  "1_3_data_17_height": "",
  "1_3_data_17_material": "",
  "1_3_data_18_type": "Strippit",
  "1_3_data_18_task": "inside panel shp",
  "1_3_data_18_start": "2022-03-10 14:03:41.144198",
  "1_3_data_18_end": "2022-03-10 14:13:34.431822",
  "1_3_data_18_part_count": "2",
  "1_3_data_18_additional": "clamp errors",
  "1_3_data_18_time_type": "UpTime",
  "1_3_data_18_machine": "Strippit",
  "1_3_data_18_task_type": "Production",
  "1_3_data_18_error_count": "",
  "1_3_data_18_error_type": "",
  "1_3_data_18_tool_change_count": "",
  "1_3_data_18_debur_time": "",
  "1_3_data_18_search_dir_time": "",
  "1_3_data_18_search_book_time": "",
  "1_3_data_18_name": "",
  "1_3_data_18_product_class": "",
  "1_3_data_18_width": "",
  "1_3_data_18_height": "",
  "1_3_data_18_material": "",
  "1_3_data_19_type": "Repair",
  "1_3_data_19_task": "change screw",
  "1_3_data_19_start": "2022-03-10 13:22:40.806707",
  "1_3_data_19_end": "2022-03-10 13:30:40.374971",
  "1_3_data_19_part_count": "1",
  "1_3_data_19_additional": "toolchange 1 tool",
  "1_3_data_19_time_type": "UpTime",
  "1_3_data_19_machine": "Strippit",
  "1_3_data_19_task_type": "Production",
  "1_3_data_19_error_count": "",
  "1_3_data_19_error_type": "",
  "1_3_data_19_tool_change_count": "",
  "1_3_data_19_debur_time": "",
  "1_3_data_19_search_dir_time": "",
  "1_3_data_19_search_book_time": "",
  "1_3_data_19_name": "",
  "1_3_data_19_product_class": "",
  "1_3_data_19_width": "",
  "1_3_data_19_height": "",
  "1_3_data_19_material": "",
  "1_3_data_20_type": "break",
  "1_3_data_20_task": "break 2",
  "1_3_data_20_start": "2022-03-10 13:31:17.246967",
  "1_3_data_20_end": "2022-03-10 13:42:43.063133",
  "1_3_data_20_part_count": "0",
  "1_3_data_20_time_type": "UpTime",
  "1_3_data_20_machine": "Strippit",
  "1_3_data_20_task_type": "Production",
  "1_3_data_20_error_count": "",
  "1_3_data_20_error_type": "",
  "1_3_data_20_tool_change_count": "",
  "1_3_data_20_debur_time": "",
  "1_3_data_20_search_dir_time": "",
  "1_3_data_20_search_book_time": "",
  "1_3_data_20_name": "",
  "1_3_data_20_product_class": "",
  "1_3_data_20_width": "",
  "1_3_data_20_height": "",
  "1_3_data_20_material": "",
  "1_3_data_21_type": "Setup",
  "1_3_data_21_task": "tool change for shp inside panel",
  "1_3_data_21_start": "2022-03-10 13:44:40.247300",
  "1_3_data_21_end": "2022-03-10 13:50:13.871445",
  "1_3_data_21_part_count": "1",
  "1_3_data_21_time_type": "UpTime",
  "1_3_data_21_machine": "Strippit",
  "1_3_data_21_task_type": "Production",
  "1_3_data_21_error_count": "",
  "1_3_data_21_error_type": "",
  "1_3_data_21_tool_change_count": "",
  "1_3_data_21_debur_time": "",
  "1_3_data_21_search_dir_time": "",
  "1_3_data_21_search_book_time": "",
  "1_3_data_21_name": "",
  "1_3_data_21_product_class": "",
  "1_3_data_21_width": "",
  "1_3_data_21_height": "",
  "1_3_data_21_material": "",
  "1_3_data_22_type": "Debug",
  "1_3_data_22_task": "Check punch ",
  "1_3_data_22_start": "2022-03-10 13:50:50.623461",
  "1_3_data_22_end": "2022-03-10 13:50:51.991385",
  "1_3_data_22_part_count": "0",
  "1_3_data_22_note": "last 2 are unscheduled type",
  "1_3_data_22_time_type": "UpTime",
  "1_3_data_22_machine": "Strippit",
  "1_3_data_22_task_type": "Production",
  "1_3_data_22_error_count": "",
  "1_3_data_22_error_type": "",
  "1_3_data_22_tool_change_count": "",
  "1_3_data_22_debur_time": "",
  "1_3_data_22_search_dir_time": "",
  "1_3_data_22_search_book_time": "",
  "1_3_data_22_name": "",
  "1_3_data_22_product_class": "",
  "1_3_data_22_width": "",
  "1_3_data_22_height": "",
  "1_3_data_22_material": "",
  "1_3_data_23_type": "Debug",
  "1_3_data_23_task": "check punch thing",
  "1_3_data_23_start": "2022-03-10 13:51:17.679396",
  "1_3_data_23_end": "2022-03-10 13:53:53.431529",
  "1_3_data_23_part_count": "1",
  "1_3_data_23_time_type": "UpTime",
  "1_3_data_23_machine": "Strippit",
  "1_3_data_23_task_type": "Production",
  "1_3_data_23_error_count": "",
  "1_3_data_23_error_type": "",
  "1_3_data_23_tool_change_count": "",
  "1_3_data_23_debur_time": "",
  "1_3_data_23_search_dir_time": "",
  "1_3_data_23_search_book_time": "",
  "1_3_data_23_name": "",
  "1_3_data_23_product_class": "",
  "1_3_data_23_width": "",
  "1_3_data_23_height": "",
  "1_3_data_23_material": "",
  "1_3_data_24_type": "Downtime",
  "1_3_data_24_task": "program alteration scheduled",
  "1_3_data_24_start": "2022-03-10 14:14:29.895846",
  "1_3_data_24_end": "2022-03-10 14:43:23.688318",
  "1_3_data_24_part_count": "2",
  "1_3_data_24_add": "i did 2 inbetween before sop",
  "1_3_data_24_time_type": "UpTime",
  "1_3_data_24_machine": "Strippit",
  "1_3_data_24_task_type": "Production",
  "1_3_data_24_error_count": "",
  "1_3_data_24_error_type": "",
  "1_3_data_24_tool_change_count": "",
  "1_3_data_24_debur_time": "",
  "1_3_data_24_search_dir_time": "",
  "1_3_data_24_search_book_time": "",
  "1_3_data_24_name": "",
  "1_3_data_24_product_class": "",
  "1_3_data_24_width": "",
  "1_3_data_24_height": "",
  "1_3_data_24_material": "",
  "1_3_data_25_type": "part",
  "1_3_data_25_task": "last part",
  "1_3_data_25_start": "2022-03-10 14:43:48.720373",
  "1_3_data_25_end": "2022-03-10 14:54:11.128726",
  "1_3_data_25_part_count": "15",
  "1_3_data_25_time_type": "UpTime",
  "1_3_data_25_machine": "Strippit",
  "1_3_data_25_task_type": "Production",
  "1_3_data_25_error_count": "",
  "1_3_data_25_error_type": "",
  "1_3_data_25_tool_change_count": "",
  "1_3_data_25_debur_time": "",
  "1_3_data_25_search_dir_time": "",
  "1_3_data_25_search_book_time": "",
  "1_3_data_25_name": "",
  "1_3_data_25_product_class": "",
  "1_3_data_25_width": "",
  "1_3_data_25_height": "",
  "1_3_data_25_material": "",
  "1_3_data_26_type": "end ealy",
  "1_3_data_26_task": "shit to do",
  "1_3_data_26_start": "2022-03-10 14:54:23.064731",
  "1_3_data_26_end": "2022-03-10 14:54:24.752577",
  "1_3_data_26_part_count": "0",
  "1_3_data_26_time_type": "UpTime",
  "1_3_data_26_machine": "Strippit",
  "1_3_data_26_task_type": "Production",
  "1_3_data_26_error_count": "",
  "1_3_data_26_error_type": "",
  "1_3_data_26_tool_change_count": "",
  "1_3_data_26_debur_time": "",
  "1_3_data_26_search_dir_time": "",
  "1_3_data_26_search_book_time": "",
  "1_3_data_26_name": "",
  "1_3_data_26_product_class": "",
  "1_3_data_26_width": "",
  "1_3_data_26_height": "",
  "1_3_data_26_material": "",
  "1_4_jobs_0_type": "ssp dbl side panel 24 h",
  "1_4_jobs_0_task": "Ssp dbl side panel 24 h",
  "1_4_jobs_0_start": "2022-03-07 11:58:34.925267",
  "1_4_jobs_0_end": "2022-03-07 12:16:35.804365",
  "1_4_jobs_0_part_count": "34",
  "1_4_jobs_0_time_type": "Uptime",
  "1_4_jobs_0_machine": "Strippit",
  "1_4_jobs_0_task_type": "Setup",
  "1_4_jobs_0_part_name": "SSP Dbl Side Panel 24",
  "1_4_jobs_0_part_product_class": "SSP",
  "1_4_jobs_0_part_width": "null",
  "1_4_jobs_0_part_height": "null",
  "1_4_jobs_0_part_material": "null",
  "1_4_jobs_0_part_uid": "e5b24da4-dc1c-4f26-8e14-8548e0dad6d4",
  "1_4_jobs_0_punch_count": "64",
  "1_4_jobs_0_tools": "4,16,2,9,1,14",
  "1_4_jobs_0_ideal_time": "39",
  "1_4_jobs_0_cycle_time": "49",
  "1_4_jobs_0_yield": "1",
  "1_4_jobs_0_debur_time": "15",
  "1_4_jobs_0_material": "null",
  "1_4_jobs_0_size": "",
  "1_4_jobs_1_type": "strippit",
  "1_4_jobs_1_task": "Valve cover dbll ssp",
  "1_4_jobs_1_start": "2022-03-07 11:59:56.389055",
  "1_4_jobs_1_end": "2022-03-07 12:26:56.389055",
  "1_4_jobs_1_part_count": "0",
  "1_4_jobs_1_enddown": "start down is delta from last",
  "1_4_jobs_1_reason": "wrong part",
  "1_4_jobs_1_time_type": "DownTime",
  "1_4_jobs_1_machine": "Strippit",
  "1_4_jobs_1_task_type": "Repair",
  "1_4_jobs_1_part_name": "Valve Cover Dbl SSP",
  "1_4_jobs_1_part_product_class": "SSP",
  "1_4_jobs_1_part_width": "n",
  "1_4_jobs_1_part_height": "n",
  "1_4_jobs_1_part_material": "null",
  "1_4_jobs_1_part_uid": "6cea7a3c-96c0-44cc-a002-138c5c101cb5",
  "1_4_jobs_1_punch_count": "13",
  "1_4_jobs_1_tools": "14,10,11,1",
  "1_4_jobs_1_ideal_time": "null",
  "1_4_jobs_1_cycle_time": "null",
  "1_4_jobs_1_yield": "1",
  "1_4_jobs_1_debur_time": "null",
  "1_4_jobs_1_material": "null",
  "1_4_jobs_1_size": "null",
  "1_4_jobs_2_type": "repair",
  "1_4_jobs_2_task": "Clamp hose",
  "1_4_jobs_2_start": "2022-03-07 12:37:36.192979",
  "1_4_jobs_2_end": "2022-03-07 12:39:41.351999",
  "1_4_jobs_2_part_count": "0",
  "1_4_jobs_2_enddowntime": "reason wrong part",
  "1_4_jobs_2_time_type": "DownTime",
  "1_4_jobs_2_machine": "Strippit",
  "1_4_jobs_2_task_type": "Repair",
  "1_4_jobs_3_type": "strippit",
  "1_4_jobs_3_task": "Ssp valve cover regular",
  "1_4_jobs_3_start": "2022-03-07 12:40:10.414850",
  "1_4_jobs_3_end": "2022-03-07 13:07:11.398097",
  "1_4_jobs_3_part_count": "45",
  "1_4_jobs_3_outputed embeded": "first task from today -> out",
  "1_4_jobs_3_time_type": "UpTime",
  "1_4_jobs_3_machine": "Strippit",
  "1_4_jobs_3_task_type": "Production",
  "1_4_jobs_3_part_name": "SSP Valve Cover Regular",
  "1_4_jobs_3_part_product_class": "SSP",
  "1_4_jobs_3_part_width": "null",
  "1_4_jobs_3_part_height": "null",
  "1_4_jobs_3_part_material": "null",
  "1_4_jobs_3_part_uid": "a53fe196-0f5f-4818-a956-4ef66518e151",
  "1_4_jobs_3_punch_count": "13",
  "1_4_jobs_3_tools": "14,10,11,1",
  "1_4_jobs_3_ideal_time": "34",
  "1_4_jobs_3_cycle_time": "44",
  "1_4_jobs_3_yield": "1",
  "1_4_jobs_3_debur_time": "null",
  "1_4_jobs_3_material": "null",
  "1_4_jobs_3_size": "null",
  "1_4_jobs_4_type": "strippit",
  "1_4_jobs_4_task": "Ssp valve cover jet",
  "1_4_jobs_4_start": "2022-03-07 13:12:28.901062",
  "1_4_jobs_4_end": "2022-03-07 13:21:08.662775",
  "1_4_jobs_4_part_count": "9",
  "1_4_jobs_4_error": "slug up",
  "1_4_jobs_4_time_type": "SSP valve Cover jet",
  "1_4_jobs_4_machine": "Strippit ",
  "1_4_jobs_4_task_type": "Production",
  "1_4_jobs_4_part_name": "SSP",
  "1_4_jobs_4_part_product_class": "SSP",
  "1_4_jobs_4_part_width": "null",
  "1_4_jobs_4_part_height": "null",
  "1_4_jobs_4_part_material": "null",
  "1_4_jobs_4_part_uid": "e2275c99-6d96-4534-a0c6-b18c2623f199",
  "1_4_jobs_4_punch_count": "22",
  "1_4_jobs_4_tools": "1,14,12",
  "1_4_jobs_4_ideal_time": "39",
  "1_4_jobs_4_cycle_time": "55",
  "1_4_jobs_4_yield": "1",
  "1_4_jobs_4_debur_time": "19",
  "1_4_jobs_4_material": "null",
  "1_4_jobs_4_size": "null",
  "1_4_jobs_5_type": "strippit",
  "1_4_jobs_5_task": "Shp valve cover 12",
  "1_4_jobs_5_start": "2022-03-07 13:26:26.560133",
  "1_4_jobs_5_end": "2022-03-07 13:28:58.863201",
  "1_4_jobs_5_part_count": "0",
  "1_4_jobs_5_start downtime": "1",
  "1_4_jobs_5_time_type": "UpTime",
  "1_4_jobs_5_machine": "Strippit",
  "1_4_jobs_5_task_type": "Production",
  "1_4_jobs_5_part_name": "Shp Valve Cover 12",
  "1_4_jobs_5_part_product_class": "DBLSHP ",
  "1_4_jobs_5_part_width": "null",
  "1_4_jobs_5_part_height": "null",
  "1_4_jobs_5_part_material": "null",
  "1_4_jobs_5_part_uid": "e58e90ed-a3fd-4b37-a176-f5e9d63a3af2",
  "1_4_jobs_5_punch_count": "37",
  "1_4_jobs_5_tools": "14,17,10,11,1",
  "1_4_jobs_5_ideal_time": "null",
  "1_4_jobs_5_cycle_time": "null",
  "1_4_jobs_5_yield": "1",
  "1_4_jobs_5_debur_time": "null",
  "1_4_jobs_5_material": "null",
  "1_4_jobs_5_size": "null",
  "1_4_jobs_6_type": "search file",
  "1_4_jobs_6_task": "Shp valve cover 12",
  "1_4_jobs_6_start": "2022-03-07 13:29:29.142854",
  "1_4_jobs_6_end": "2022-03-07 13:49:24.728954",
  "1_4_jobs_6_part_count": "1",
  "1_4_jobs_6_time_type": "DownTime",
  "1_4_jobs_6_machine": "Strippit",
  "1_4_jobs_6_task_type": "Search",
  "1_4_jobs_7_type": "strippit",
  "1_4_jobs_7_task": "Shp valve cover 12 dbl",
  "1_4_jobs_7_start": "2022-03-07 13:49:58.518613",
  "1_4_jobs_7_end": "2022-03-07 13:55:04.606751",
  "1_4_jobs_7_part_count": "0",
  "1_4_jobs_7_downtime start": "1",
  "1_4_jobs_7_time_type": "DownTime",
  "1_4_jobs_7_machine": "Strippit",
  "1_4_jobs_7_task_type": "Repair",
  "1_4_jobs_8_type": "repair",
  "1_4_jobs_8_task": "Error t17",
  "1_4_jobs_8_start": "2022-03-07 13:55:38.802011",
  "1_4_jobs_8_end": "2022-03-07 13:58:34.395919",
  "1_4_jobs_8_part_count": "0",
  "1_4_jobs_8_time_type": "Downtime",
  "1_4_jobs_8_machine": "Strippit",
  "1_4_jobs_8_task_type": "Repair",
  "1_4_jobs_9_type": "shp valve cover 12 dbl",
  "1_4_jobs_9_task": "Shp valve cover 12 dbl",
  "1_4_jobs_9_start": "2022-03-07 13:59:02.444769",
  "1_4_jobs_9_end": "2022-03-07 14:10:44.102801",
  "1_4_jobs_9_part_count": "10",
  "1_4_jobs_9_time_type": "Uptime",
  "1_4_jobs_9_machine": "Strippit",
  "1_4_jobs_9_task_type": "Production",
  "1_4_jobs_9_part_name": "Shp Valve Cover 12 DBL",
  "1_4_jobs_9_part_product_class": "",
  "1_4_jobs_9_part_width": "",
  "1_4_jobs_9_part_height": "",
  "1_4_jobs_9_part_material": "",
  "1_4_jobs_9_part_uid": "45273905-f55a-4ff3-bcdc-045f6d278c85",
  "1_4_jobs_10_type": "strippit",
  "1_4_jobs_10_task": "Ssp dbl side panel 18 h",
  "1_4_jobs_10_start": "2022-03-07 09:32:48.559503",
  "1_4_jobs_10_end": "2022-03-07 09:37:45.100424",
  "1_4_jobs_10_part_count": "0",
  "1_4_jobs_10_time_type": "DownTime",
  "1_4_jobs_10_machine": "Strippit",
  "1_4_jobs_10_task_type": "Debug",
  "1_4_jobs_10_part_name": "SSP DBL Side Panel 18",
  "1_4_jobs_10_part_product_class": "SSP",
  "1_4_jobs_10_part_width": "null",
  "1_4_jobs_10_part_height": "null",
  "1_4_jobs_10_part_material": "null",
  "1_4_jobs_10_part_uid": "c21ba9a1-fc0f-458f-89b3-4536d22c613b",
  "1_4_jobs_10_punch_count": "4,16,2,9,1,14",
  "1_4_jobs_10_tools": "64",
  "1_4_jobs_10_ideal_time": "49",
  "1_4_jobs_10_cycle_time": "64",
  "1_4_jobs_10_yield": "1",
  "1_4_jobs_10_debur_time": "null",
  "1_4_jobs_10_material": "null",
  "1_4_jobs_10_size": "null",
  "1_4_jobs_11_type": "strippit",
  "1_4_jobs_11_task": "Scb valve cover 12 setup",
  "1_4_jobs_11_start": "2022-03-07 14:12:18.607767",
  "1_4_jobs_11_end": "2022-03-07 14:17:08.347076",
  "1_4_jobs_11_part_count": "0",
  "1_4_jobs_11_start inspect": "1",
  "1_4_jobs_11_time_type": "DownTime",
  "1_4_jobs_11_machine": "Strippit",
  "1_4_jobs_11_task_type": "Setup",
  "1_4_jobs_11_part_name": "SCB Valve Cover 12",
  "1_4_jobs_11_part_product_class": "SCB",
  "1_4_jobs_11_part_width": "null",
  "1_4_jobs_11_part_height": "null",
  "1_4_jobs_11_part_material": "null",
  "1_4_jobs_11_part_uid": "23a3ab66-8a24-4b91-8a95-61e15eca275b",
  "1_4_jobs_11_punch_count": "20",
  "1_4_jobs_11_tools": "14,20",
  "1_4_jobs_11_ideal_time": "null",
  "1_4_jobs_11_cycle_time": "",
  "1_4_jobs_11_yield": "",
  "1_4_jobs_11_debur_time": "",
  "1_4_jobs_11_material": "",
  "1_4_jobs_11_size": "",
  "1_4_jobs_12_type": "scb valve cover 12 ",
  "1_4_jobs_12_task": "Scb valve cover 12 ",
  "1_4_jobs_12_start": "2022-03-07 14:17:30.623915",
  "1_4_jobs_12_end": "2022-03-07 14:26:31.788865",
  "1_4_jobs_12_part_count": "2",
  "1_4_jobs_12_cancveld": "code smell",
  "1_4_jobs_12_time_type": "Uptime",
  "1_4_jobs_12_machine": "Strippit",
  "1_4_jobs_12_task_type": "Production",
  "1_4_jobs_13_type": "strippit",
  "1_4_jobs_13_task": "Shp or smg valve cover",
  "1_4_jobs_13_start": "2022-03-07 14:28:13.781845",
  "1_4_jobs_13_end": "2022-03-07 14:42:58.537399",
  "1_4_jobs_13_part_count": "11",
  "1_4_jobs_13_time_type": "UpTime",
  "1_4_jobs_13_machine": "Strippit",
  "1_4_jobs_13_task_type": "Production",
  "1_4_jobs_13_part_name": "SHP valve Cover",
  "1_4_jobs_13_part_product_class": "SHP",
  "1_4_jobs_13_part_width": "",
  "1_4_jobs_13_part_height": "",
  "1_4_jobs_13_part_material": "",
  "1_4_jobs_13_part_uid": "288b4929-f39b-42c3-8954-f3235617acbb",
  "1_4_jobs_13_punch_count": "22",
  "1_4_jobs_13_tools": "14,17,10",
  "1_4_jobs_13_ideal_time": "",
  "1_4_jobs_13_cycle_time": "",
  "1_4_jobs_13_yield": "",
  "1_4_jobs_13_debur_time": "",
  "1_4_jobs_13_material": "",
  "1_4_jobs_13_size": "",
  "1_4_jobs_14_type": "strippit",
  "1_4_jobs_14_task": "Valve cover 12 shp ",
  "1_4_jobs_14_start": "2022-03-07 14:44:58.142809",
  "1_4_jobs_14_end": "2022-03-07 14:50:51.592630",
  "1_4_jobs_14_part_count": "0",
  "1_4_jobs_14_wrong program": "scrap 1",
  "1_4_jobs_14_punch_count": "",
  "1_4_jobs_14_tools": "",
  "1_4_jobs_14_ideal_time": "",
  "1_4_jobs_14_cycle_time": "",
  "1_4_jobs_14_yield": "",
  "1_4_jobs_14_debur_time": "",
  "1_4_jobs_14_material": "",
  "1_4_jobs_14_size": "",
  "1_4_jobs_15_type": "scb valve cover 1`2",
  "1_4_jobs_15_task": "Scb valve cover 12",
  "1_4_jobs_15_start": "2022-03-07 14:51:28.268294",
  "1_4_jobs_15_end": "2022-03-07 15:05:36.940985",
  "1_4_jobs_15_part_count": "9",
  "1_4_jobs_15_time_type": "Uptime",
  "1_4_jobs_15_machine": "Strippit",
  "1_4_jobs_15_task_type": "Production",
  "1_4_jobs_15_part_name": "SCB ValveCover 12",
  "1_4_jobs_15_part_product_class": "SCB",
  "1_4_jobs_15_part_width": "",
  "1_4_jobs_15_part_height": "",
  "1_4_jobs_15_part_material": "",
  "1_4_jobs_15_part_uid": "434a3c0e-ed8d-4136-9b7b-0fd4a79c406c",
  "1_4_jobs_16_type": "strippit",
  "1_4_jobs_16_task": "Ssp dbl sidew panel 18 h",
  "1_4_jobs_16_start": "2022-03-07 09:38:08.999666",
  "1_4_jobs_16_end": "2022-03-07 09:53:20.462467",
  "1_4_jobs_16_part_count": "1",
  "1_4_jobs_16_setup": "1",
  "1_4_jobs_16_time_type": "Uptime",
  "1_4_jobs_16_machine": "Strippit",
  "1_4_jobs_16_task_type": "Setp",
  "1_4_jobs_16_part_name": "SSP DBL panel 18",
  "1_4_jobs_16_part_product_class": "SSP",
  "1_4_jobs_16_part_width": "",
  "1_4_jobs_16_part_height": "",
  "1_4_jobs_16_part_material": "",
  "1_4_jobs_16_part_uid": "b74974f4-1c30-46c2-858e-f7035e6099bc",
  "1_4_jobs_17_type": "strippit",
  "1_4_jobs_17_task": "Ssp dbl side panel 18 h",
  "1_4_jobs_17_start": "2022-03-07 09:53:55.843329",
  "1_4_jobs_17_end": "2022-03-07 10:14:26.935091",
  "1_4_jobs_17_part_count": "22",
  "1_4_jobs_17_scrap": "1",
  "1_4_jobs_17_time_type": "Uptime",
  "1_4_jobs_17_machine": "Strippit",
  "1_4_jobs_17_task_type": "Production",
  "1_4_jobs_17_part_name": "SSP DBL Side Panel 18",
  "1_4_jobs_17_part_product_class": "SSP",
  "1_4_jobs_17_part_width": "",
  "1_4_jobs_17_part_height": "",
  "1_4_jobs_17_part_material": "",
  "1_4_jobs_17_part_uid": "323f3378-f4ae-4b64-9910-da4b7bc24db8",
  "1_4_jobs_17_punch_count": "64",
  "1_4_jobs_17_tools": "4,16,2,9,14",
  "1_4_jobs_17_ideal_time": "",
  "1_4_jobs_17_cycle_time": "",
  "1_4_jobs_17_yield": "",
  "1_4_jobs_17_debur_time": "",
  "1_4_jobs_17_material": "",
  "1_4_jobs_17_size": "",
  "1_4_jobs_18_type": "strippit",
  "1_4_jobs_18_task": "Ssp dbl side panel 24 h",
  "1_4_jobs_18_start": "2022-03-07 10:15:12.986372",
  "1_4_jobs_18_end": "2022-03-07 10:27:42.848489",
  "1_4_jobs_18_part_count": "0",
  "1_4_jobs_18_time_type": "Downtime",
  "1_4_jobs_18_machine": "Strippit",
  "1_4_jobs_18_task_type": "Setup",
  "1_4_jobs_18_part_name": "SSP DBL side Panel 24",
  "1_4_jobs_18_part_product_class": "SSP",
  "1_4_jobs_18_part_width": "",
  "1_4_jobs_18_part_height": "",
  "1_4_jobs_18_part_material": "",
  "1_4_jobs_18_part_uid": "884aa255-3443-4d79-998f-8092aeb2092a",
  "1_4_jobs_18_punch_count": "13",
  "1_4_jobs_18_tools": "14,10,11,1",
  "1_4_jobs_18_ideal_time": "",
  "1_4_jobs_18_cycle_time": "",
  "1_4_jobs_18_yield": "",
  "1_4_jobs_18_debur_time": "",
  "1_4_jobs_18_material": "",
  "1_4_jobs_18_size": "",
  "1_4_jobs_19_type": "repair",
  "1_4_jobs_19_task": "Strippit hose broke",
  "1_4_jobs_19_start": "2022-03-07 10:27:57.216114",
  "1_4_jobs_19_end": "2022-03-07 11:08:35.749997",
  "1_4_jobs_19_part_count": "0",
  "1_4_jobs_19_plus lunch": "1",
  "1_4_jobs_19_time_type": "Downtime",
  "1_4_jobs_19_machine": "Strippit",
  "1_4_jobs_19_task_type": "ScheduledDownTime",
  "1_4_jobs_20_type": "ssp dbl side panel 24 h",
  "1_4_jobs_20_task": "Ssp dbl side panel 24 h",
  "1_4_jobs_20_start": "2022-03-07 11:09:01.755243",
  "1_4_jobs_20_end": "2022-03-07 11:34:36.439139",
  "1_4_jobs_20_part_count": "use totals",
  "1_4_jobs_20_downstart": "1",
  "1_4_jobs_20_time_type": "Downtime",
  "1_4_jobs_20_machine": "Strippit",
  "1_4_jobs_20_task_type": "Repair",
  "1_4_jobs_21_type": "downtime",
  "1_4_jobs_21_task": "Strippit",
  "1_4_jobs_21_start": "2022-03-07 11:35:12.553202",
  "1_4_jobs_21_end": "2022-03-07 11:42:59.968824",
  "1_4_jobs_21_part_count": "0",
  "1_4_jobs_22_type": "ssp dbl side panel 24 h",
  "1_4_jobs_22_task": "Ssp dbl side panel 24 h",
  "1_4_jobs_22_start": "2022-03-07 11:43:15.802852",
  "1_4_jobs_22_end": "2022-03-07 11:51:02.836473",
  "1_4_jobs_22_part_count": "use total",
  "1_4_jobs_22_down start": "1",
  "1_4_jobs_22_time_type": "UpTime",
  "1_4_jobs_22_machine": "Strippit",
  "1_4_jobs_22_task_type": "Production",
  "1_4_jobs_23_type": "ssp dbl side panel 24 h",
  "1_4_jobs_23_task": "Downend",
  "1_4_jobs_23_start": "2022-03-07 11:51:45.736548",
  "1_4_jobs_23_end": "2022-03-07 11:58:23.069246",
  "1_4_jobs_23_part_count": "0",
  "1_5_breakt_0_type": "breakt",
  "1_5_breakt_0_task": "break2",
  "1_5_breakt_0_start": "2022-03-14 13:34:12.294884",
  "1_5_breakt_0_end": "2022-03-14 13:43:45.159090",
  "1_5_breakt_0_part_count": "0",
  "1_6_Part_0_type": "Part",
  "1_6_Part_0_task": "Inside Panel Shp",
  "1_6_Part_0_start": "2022-03-10 14:22:03.455514",
  "1_6_Part_0_end": "2022-03-10 14:22:05.127587",
  "1_6_Part_0_part_count": "0",
  "1_6_Part_0_Program": "Inside panel shp",
  "1_6_Part_0_code ": "shp",
  "1_6_Part_0_class": "hot plat",
  "1_6_Part_0_program": "punch count",
  "1_6_Part_0_punch count": "70",
  "1_7_breakt_0_type": "breakt",
  "1_7_breakt_0_task": "break2",
  "1_7_breakt_0_start": "2022-03-14 13:34:12.294884",
  "1_7_breakt_0_end": "2022-03-14 13:43:45.159090",
  "1_7_breakt_0_part_count": "0",
  "4_0_Morning_0_time_type": "UpTime",
  "4_0_Morning_0_machine": "Strippit",
  "4_0_Morning_0_task_type": "Production",
  "4_0_Morning_0_task": "Big Burner ",
  "4_0_Morning_0_start": "2022-03-09 10:04:02.887622",
  "4_0_Morning_0_end": "2022-03-09 10:18:52.120384",
  "4_0_Morning_0_part_count": "15",
  "4_0_Morning_1_time_type": "UpTime",
  "4_0_Morning_1_machine": "Strippit",
  "4_0_Morning_1_task_type": "Production",
  "4_0_Morning_1_task": "tracks hot plate srb shp ",
  "4_0_Morning_1_start": "2022-03-09 10:21:34.672670",
  "4_0_Morning_1_end": "2022-03-09 10:32:40.965440",
  "4_0_Morning_1_part_count": "14",
  "4_0_Lunch": [],
  "4_0_After Lunch_0_time_type": "DownTime",
  "4_0_After Lunch_0_scheduled": "scheduled",
  "4_0_After Lunch_0_state": "Starting",
  "4_0_After Lunch_0_task": "Resume Session",
  "4_0_After Lunch_0_start": "2022-03-09 11:03:55.302733",
  "4_0_After Lunch_0_end": "2022-03-09 11:03:58.188738",
  "4_0_After Lunch_1_time_type": "UpTime",
  "4_0_After Lunch_1_machine": "Strippit",
  "4_0_After Lunch_1_task_type": "Production",
  "4_0_After Lunch_1_task": "tracks hot plate srb shp",
  "4_0_After Lunch_1_start": "2022-03-09 11:18:12.602239",
  "4_0_After Lunch_1_end": "2022-03-09 11:18:14.053042",
  "4_0_After Lunch_1_part_count": "39",
  "4_0_After Lunch_2_time_type": "UpTime",
  "4_0_After Lunch_2_task_type": "Production",
  "4_0_After Lunch_2_machine": "Strippit",
  "4_0_After Lunch_2_task": "tracks shp",
  "4_0_After Lunch_2_start": "2022-03-09 11:18:47.218700",
  "4_0_After Lunch_2_end": "2022-03-09 12:28:36.403258",
  "4_0_After Lunch_2_part_count": "160",
  "4_0_After Lunch_2_note": "the program is same as previous program but apllies to multiple parts",
  "4_0_After Lunch_3_time_type": "UpTime",
  "4_0_After Lunch_3_machine": "Strippit",
  "4_0_After Lunch_3_task_type": "Setup",
  "4_0_After Lunch_3_action": "De-burr",
  "4_0_After Lunch_3_task": "De-burr for valve cover regular",
  "4_0_After Lunch_3_start": "2022-03-09 12:34:17.841058",
  "4_0_After Lunch_3_end": "2022-03-09 12:39:14.319578",
  "4_0_After Lunch_3_part_count": "22",
  "4_0_After Lunch_3_change type to de-burr": "1 code for this and next is ssp ",
  "4_0_After Lunch_4_time_type": "UpTime",
  "4_0_After Lunch_4_machine": "Strippit",
  "4_0_After Lunch_4_task_type": "Production",
  "4_0_After Lunch_4_task": "valve cover regular",
  "4_0_After Lunch_4_start": "2022-03-09 12:49:46.744689",
  "4_0_After Lunch_4_end": "2022-03-09 13:09:58.648418",
  "4_0_After Lunch_4_part_count": "8",
  "4_0_After Lunch_4_see notes": "count probably wrong too",
  "4_0_After Lunch_5_time_type": "DownTime",
  "4_0_After Lunch_5_scheduled": "Unscheduled",
  "4_0_After Lunch_5_state_type": "Searching",
  "4_0_After Lunch_5_task": "dbl ssp jet orific bracket",
  "4_0_After Lunch_5_start": "2022-03-09 13:11:12.748548",
  "4_0_After Lunch_5_end": "2022-03-09 13:15:59.071451",
  "4_0_After Lunch_5_part_count": "0",
  "4_0_After Lunch_6_time_type": "UpTime",
  "4_0_After Lunch_6_type": "Strippit",
  "4_0_After Lunch_6_task_type": "Production",
  "4_0_After Lunch_6_task": "dbl ssp jet orific bracket",
  "4_0_After Lunch_6_start": "2022-03-09 13:23:40.348661",
  "4_0_After Lunch_6_end": "2022-03-09 13:33:05.740454",
  "4_0_After Lunch_6_part_count": "see note",
  "4_0_After Lunch_7_time_type": "UpTime",
  "4_0_After Lunch_7_task_type": "Production",
  "4_0_After Lunch_7_machine": "Strippit",
  "4_0_After Lunch_7_task": "dbl ssp jet orific bracket",
  "4_0_After Lunch_7_start": "2022-03-09 13:44:45.011682",
  "4_0_After Lunch_7_end": "2022-03-09 14:02:46.873582",
  "4_0_After Lunch_7_part_count": "9",
  "4_0_After Lunch_7_yield": "4",
  "4_0_After Lunch_7_notes": "total = part-count * yield",
  "4_0_After Lunch_8_time_type": "DownTime",
  "4_0_After Lunch_8_scheduled": "Unscheduled",
  "4_0_After Lunch_8_task_type": "Setup",
  "4_0_After Lunch_8_state": "Searching",
  "4_0_After Lunch_8_task": "SSP burner connector",
  "4_0_After Lunch_8_start": "2022-03-09 14:05:18.537049",
  "4_0_After Lunch_8_end": "2022-03-09 14:09:35.297900",
  "4_0_After Lunch_8_part_count": "1",
  "4_0_After Lunch_8_search ": "and run",
  "4_0_After Lunch_8_notes": "Time here is search for, identify, test run, confirm",
  "4_0_After Lunch_9_time_type": "UpTime",
  "4_0_After Lunch_9_task_type": "Production",
  "4_0_After Lunch_9_type": "Strippit",
  "4_0_After Lunch_9_task": "SSP burner connector",
  "4_0_After Lunch_9_start": "2022-03-09 14:09:59.711943",
  "4_0_After Lunch_9_end": "2022-03-09 14:34:24.808918",
  "4_0_After Lunch_9_part_count": "11",
  "4_0_After Lunch_9_yield": 4,
  "4_0_After Lunch_10_time_type": "UpTime",
  "4_0_After Lunch_10_task_type": "Setup",
  "4_0_After Lunch_10_machine": "Strippit",
  "4_0_After Lunch_10_task": "dbl ssp back spacer",
  "4_0_After Lunch_10_start": "2022-03-09 14:38:06.313707",
  "4_0_After Lunch_10_end": "2022-03-09 14:48:30.580003",
  "4_0_After Lunch_10_part_count": "1",
  "4_0_After Lunch_10_alter t to setup": "1 run and tool change 1",
  "4_0_After Lunch_10_setup_type": "tool change",
  "4_0_After Lunch_10_tools_changed_total": 1,
  "4_0_After Lunch_11_time_type": "UpTime",
  "4_0_After Lunch_11_task_type": "Production",
  "4_0_After Lunch_11_machine": "Strippit",
  "4_0_After Lunch_11_task": "dbl ssp back spacer",
  "4_0_After Lunch_11_start": "2022-03-09 14:49:12.809278",
  "4_0_After Lunch_11_end": "2022-03-09 14:54:59.317086",
  "4_0_After Lunch_11_part_count": "1",
  "4_0_After Lunch_12_time_type": "UpTime",
  "4_0_After Lunch_12_task_type": "Production",
  "4_0_After Lunch_12_machine": "Strippit",
  "4_0_After Lunch_12_task": "crumb tray 12",
  "4_0_After Lunch_12_start": "2022-03-09 14:55:49.814375",
  "4_0_After Lunch_12_end": "2022-03-09 15:03:19.048364",
  "4_0_After Lunch_12_part_count": "10",
  "4_0_After Lunch_13_time_type": "UpTime",
  "4_0_After Lunch_13_machine": "Strippit",
  "4_0_After Lunch_13_task": "dbl ssp back spacer",
  "4_0_After Lunch_13_start": "2022-03-09 15:03:49.811618",
  "4_0_After Lunch_13_end": "2022-03-09 15:23:41.045310",
  "4_0_After Lunch_13_part_count": "18",
  "4_0_After Lunch_14_time_type": "DownTime",
  "4_0_After Lunch_14_scheduled": "Unscheduled",
  "4_0_After Lunch_14_task": "debug",
  "4_0_After Lunch_14_repeats": false,
  "4_0_After Lunch_14_state": "error",
  "4_0_After Lunch_14_start": "2022-03-09 12:40:13.584082",
  "4_0_After Lunch_14_end": "2022-03-09 12:49:20.458643",
  "4_0_After Lunch_15_time_type": "DownTime",
  "4_0_After Lunch_15_scheduled": "unscheduled",
  "4_0_After Lunch_15_task": "tool_change",
  "4_0_After Lunch_15_start": "2022-03-09 13:16:20.365488",
  "4_0_After Lunch_15_end": "2022-03-09 13:22:29.540137",
  "4_0_After Lunch_15_part_count": "1",
  "4_0_After Lunch_15_tool": "T7",
  "4_0_Second Break_0_time_type": "DownTime",
  "4_0_Second Break_0_scheduled": "scheduled",
  "4_0_Second Break_0_task": "Chill",
  "4_0_Second Break_0_start": "2022-03-09 13:44:19.536837",
  "4_0_Second Break_0_end": "2022-03-09 13:44:20.940840",
  "2_0_STRIPPIT_0_type": "STRIPPIT",
  "2_0_STRIPPIT_0_task": "MONDAY CONTINUE",
  "2_0_STRIPPIT_0_start": "2022-03-14 12:45:51.158965",
  "2_0_STRIPPIT_0_end": "2022-03-14 12:49:07.044509",
  "2_0_STRIPPIT_0_part_count": "8",
  "2_0_strippit_0_type": "strippit",
  "2_0_strippit_0_task": "landing ledge 36",
  "2_0_strippit_0_start": "2022-03-14 12:49:20.351332",
  "2_0_strippit_0_end": "2022-03-14 12:54:07.875437",
  "2_0_strippit_0_part_count": "8",
  "2_1_STRIPPIT_0_type": "STRIPPIT",
  "2_1_STRIPPIT_0_task": "MONDAY CONTINUE",
  "2_1_STRIPPIT_0_start": "2022-03-14 12:45:51.158965",
  "2_1_STRIPPIT_0_end": "2022-03-14 12:49:07.044509",
  "2_1_STRIPPIT_0_part_count": "8",
  "2_1_strippit_0_type": "strippit",
  "2_1_strippit_0_task": "landing ledge 36",
  "2_1_strippit_0_start": "2022-03-14 12:49:20.351332",
  "2_1_strippit_0_end": "2022-03-14 12:54:07.875437",
  "2_1_strippit_0_part_count": "8",
  "2_2_strippit_0_type": "strippit",
  "2_2_strippit_0_task": "oven griddle baffle 48",
  "2_2_strippit_0_start": "2022-03-15 14:35:12.337532",
  "2_2_strippit_0_end": "2022-03-15 14:36:09.371232",
  "2_2_strippit_0_part_count": "0",
  "2_2_strippit_1_type": "strippit",
  "2_2_strippit_1_task": "oven griddle bafflel 48",
  "2_2_strippit_1_start": "2022-03-15 14:44:46.075340",
  "2_2_strippit_1_end": "2022-03-15 14:59:10.847259",
  "2_2_strippit_1_part_count": "0",
  "2_2_strippit_1_down": "start",
  "2_2_Down_0_type": "Down",
  "2_2_Down_0_task": "computer crash",
  "2_2_Down_0_start": "2022-03-15 14:36:27.077263",
  "2_2_Down_0_end": "2022-03-15 14:44:17.464890",
  "2_2_Down_0_part_count": "0",
  "2_2_Down_1_type": "Down",
  "2_2_Down_1_task": "Maintain",
  "2_2_Down_1_start": "2022-03-15 14:59:31.595295",
  "2_2_Down_1_end": "2022-03-15 15:21:51.684050",
  "2_2_Down_1_part_count": "0",
  "2_2_Down_1_describe": "grinding die",
  "2_3_DayStart_0_type": "DayStart",
  "2_3_DayStart_0_task": "day",
  "2_3_DayStart_0_start": "2022-03-15 09:00:36.407379",
  "2_3_DayStart_0_end": "2022-03-15 09:00:41.726988",
  "2_3_DayStart_0_part_count": "0",
  "2_3_Strippit_0_type": "Strippit",
  "2_3_Strippit_0_task": "back flue panel smg all ",
  "2_3_Strippit_0_start": "2022-03-15 09:09:20.613902",
  "2_3_Strippit_0_end": "2022-03-15 10:06:50.332762",
  "2_3_Strippit_0_part_count": "14",
  "2_3_Strippit_0_scrap": "1",
  "2_3_Strippit_1_type": "Strippit",
  "2_3_Strippit_1_task": "before oven base",
  "2_3_Strippit_1_start": "2022-03-15 10:10:13.601119",
  "2_3_Strippit_1_end": "2022-03-15 10:10:15.254722",
  "2_3_Strippit_1_part_count": "0",
  "2_3_Strippit_1_till now is part search or task search": "1",
  "2_4_Repair_0_type": "Repair",
  "2_4_Repair_0_task": "description for repair",
  "2_4_Repair_0_start": "2022-03-15 11:55:56.023861",
  "2_4_Repair_0_end": "2022-03-15 11:55:57.755465",
  "2_4_Repair_0_part_count": "2",
  "2_4_Repair_0_part": "clamps",
  "2_4_Repair_0_fault": "screw ",
  "2_4_Repair_0_resolved": "True",
  "2_4_Repair_0_steps": "n",
  "2_4_Repair_0_step1": "remove",
  "2_4_Repair_0_step2": "weld back togther part",
  "2_4_t_0_type": "t",
  "2_4_t_0_task": "t",
  "2_4_t_0_start": "2022-03-15 11:57:13.165997",
  "2_4_t_0_end": "2022-03-15 11:57:14.273599",
  "2_4_t_0_part_count": "0",
  "7_0_Monday_0_type": "Monday",
  "7_0_Monday_0_task": "DayStart",
  "7_0_Monday_0_start": "2022-03-14 08:31:08.910217",
  "7_0_Monday_0_end": "2022-03-14 08:33:56.510332",
  "7_0_Monday_0_part_count": "0",
  "7_0_Back liner 36 SRB_0_type": "Back liner 24 RANGE",
  "7_0_Back liner 36 SRB_0_task": "Strippit",
  "7_0_Back liner 36 SRB_0_start": "2022-03-14 08:34:15.566215",
  "7_0_Back liner 36 SRB_0_end": "2022-03-14 09:14:54.175115",
  "7_0_Back liner 36 SRB_0_part_count": "13",
  "7_0_Back liner 36 SRB_0_additional": "sheer-hgelp",
  "7_0_Strippit_0_type": "Strippit",
  "7_0_Strippit_0_task": "waiting _for_next",
  "7_0_Strippit_0_start": "2022-03-14 09:22:09.279399",
  "7_0_Strippit_0_end": "2022-03-14 09:33:30.687455",
  "7_0_Strippit_0_part_count": "0",
  "7_0_Strippit_1_type": "Strippit",
  "7_0_Strippit_1_task": "valve cover thewrmo 48",
  "7_0_Strippit_1_start": "2022-03-14 09:42:21.351805",
  "7_0_Strippit_1_end": "2022-03-14 09:52:58.184098",
  "7_0_Strippit_1_part_count": "6",
  "7_0_Strippit_1_tool_change": "1",
  "7_0_Strippit_2_type": "Strippit",
  "7_0_Strippit_2_task": "valvecover thermo 76 smg",
  "7_0_Strippit_2_start": "2022-03-14 10:05:59.440264",
  "7_0_Strippit_2_end": "2022-03-14 10:12:55.176298",
  "7_0_Strippit_2_part_count": "3",
  "7_0_Strippit_3_type": "Strippit",
  "7_0_Strippit_3_task": "High Front Range 24",
  "7_0_Strippit_3_start": "2022-03-14 11:03:46.321391",
  "7_0_Strippit_3_end": "2022-03-14 11:25:37.489687",
  "7_0_Strippit_3_part_count": "6",
  "7_0_Strippit_3_tool_change": "3",
  "7_0_Strippit_4_type": "Strippit",
  "7_0_Strippit_4_task": "landing ledge 72 Ends here",
  "7_0_Strippit_4_start": "2022-03-14 12:23:21.899040",
  "7_0_Strippit_4_end": "2022-03-14 12:23:24.843086",
  "7_0_Strippit_4_part_count": "6",
  "7_0_Strippit_4_scrap ": "1",
  "7_0_Strippit_4_time is delta from last": "1",
  "7_0_Strippit_5_type": "Strippit",
  "7_0_Strippit_5_task": "landing ledge 48 End here",
  "7_0_Strippit_5_start": "2022-03-14 12:34:58.195300",
  "7_0_Strippit_5_end": "2022-03-14 12:35:04.443171",
  "7_0_Strippit_5_part_count": "6",
  "7_0_Strippit_6_type": "Strippit",
  "7_0_Strippit_6_task": "landing ledge 60 griddle ",
  "7_0_Strippit_6_start": "2022-03-14 12:37:07.147462",
  "7_0_Strippit_6_end": "2022-03-14 12:42:15.411489",
  "7_0_Strippit_6_part_count": "2",
  "7_0_strippit_0_type": "strippit",
  "7_0_strippit_0_task": "valve cover thermo 36 SMG",
  "7_0_strippit_0_start": "2022-03-14 09:33:41.991655",
  "7_0_strippit_0_end": "2022-03-14 09:40:21.343773",
  "7_0_strippit_0_part_count": "5",
  "7_0_strippit_1_type": "strippit",
  "7_0_strippit_1_task": "valve cover 60",
  "7_0_strippit_1_start": "2022-03-14 09:55:22.744104",
  "7_0_strippit_1_end": "2022-03-14 10:03:46.544112",
  "7_0_strippit_1_part_count": "6",
  "7_0_strippit_2_type": "strippit",
  "7_0_strippit_2_task": "high front 24 range",
  "7_0_strippit_2_start": "2022-03-14 10:16:18.216517",
  "7_0_strippit_2_end": "2022-03-14 10:31:35.712973",
  "7_0_strippit_2_part_count": "0",
  "7_0_strippit_2_tool change": "3",
  "7_0_strippit_2_completed ": "2",
  "7_0_Lunch_0_type": "Lunch",
  "7_0_Lunch_0_task": "Start",
  "7_0_Lunch_0_start": "2022-03-14 10:32:02.976715",
  "7_0_Lunch_0_end": "2022-03-14 11:03:20.281496",
  "7_0_Lunch_0_part_count": "0",
  "7_0_sheer 2_0_type": "sheer 2",
  "7_0_sheer 2_0_task": "Oven front 60 range ENDS here",
  "7_0_sheer 2_0_start": "2022-03-14 11:53:36.458507",
  "7_0_sheer 2_0_end": "2022-03-14 11:53:38.610480",
  "7_0_sheer 2_0_part_count": "6",
  "7_0_sheer 2_0_ends he4re": "1",
  "7_0_Last add 2_0_type": "Last add 2",
  "7_0_Last add 2_0_task": "landing 48",
  "7_0_Last add 2_0_start": "2022-03-14 12:36:47.187229",
  "7_0_Last add 2_0_end": "2022-03-14 12:36:49.395355",
  "7_0_Last add 2_0_part_count": "2",
  "7_1_Monday_0_type": "Monday",
  "7_1_Monday_0_task": "DayStart",
  "7_1_Monday_0_start": "2022-03-14 08:31:08.910217",
  "7_1_Monday_0_end": "2022-03-14 08:33:56.510332",
  "7_1_Monday_0_part_count": "0",
  "7_1_Back liner 36 SRB_0_type": "Back liner 24 RANGE",
  "7_1_Back liner 36 SRB_0_task": "Strippit",
  "7_1_Back liner 36 SRB_0_start": "2022-03-14 08:34:15.566215",
  "7_1_Back liner 36 SRB_0_end": "2022-03-14 09:14:54.175115",
  "7_1_Back liner 36 SRB_0_part_count": "13",
  "7_1_Back liner 36 SRB_0_additional": "sheer-hgelp",
  "7_1_Strippit_0_type": "Strippit",
  "7_1_Strippit_0_task": "waiting _for_next",
  "7_1_Strippit_0_start": "2022-03-14 09:22:09.279399",
  "7_1_Strippit_0_end": "2022-03-14 09:33:30.687455",
  "7_1_Strippit_0_part_count": "0",
  "7_1_Strippit_1_type": "Strippit",
  "7_1_Strippit_1_task": "valve cover thewrmo 48",
  "7_1_Strippit_1_start": "2022-03-14 09:42:21.351805",
  "7_1_Strippit_1_end": "2022-03-14 09:52:58.184098",
  "7_1_Strippit_1_part_count": "6",
  "7_1_Strippit_1_tool_change": "1",
  "7_1_Strippit_2_type": "Strippit",
  "7_1_Strippit_2_task": "valvecover thermo 76 smg",
  "7_1_Strippit_2_start": "2022-03-14 10:05:59.440264",
  "7_1_Strippit_2_end": "2022-03-14 10:12:55.176298",
  "7_1_Strippit_2_part_count": "3",
  "7_1_Strippit_3_type": "Strippit",
  "7_1_Strippit_3_task": "High Front Range 24",
  "7_1_Strippit_3_start": "2022-03-14 11:03:46.321391",
  "7_1_Strippit_3_end": "2022-03-14 11:25:37.489687",
  "7_1_Strippit_3_part_count": "6",
  "7_1_Strippit_3_tool_change": "3",
  "7_1_Strippit_4_type": "Strippit",
  "7_1_Strippit_4_task": "landing ledge 72 Ends here",
  "7_1_Strippit_4_start": "2022-03-14 12:23:21.899040",
  "7_1_Strippit_4_end": "2022-03-14 12:23:24.843086",
  "7_1_Strippit_4_part_count": "6",
  "7_1_Strippit_4_scrap ": "1",
  "7_1_Strippit_4_time is delta from last": "1",
  "7_1_Strippit_5_type": "Strippit",
  "7_1_Strippit_5_task": "landing ledge 48 End here",
  "7_1_Strippit_5_start": "2022-03-14 12:34:58.195300",
  "7_1_Strippit_5_end": "2022-03-14 12:35:04.443171",
  "7_1_Strippit_5_part_count": "6",
  "7_1_Strippit_6_type": "Strippit",
  "7_1_Strippit_6_task": "landing ledge 60 griddle ",
  "7_1_Strippit_6_start": "2022-03-14 12:37:07.147462",
  "7_1_Strippit_6_end": "2022-03-14 12:42:15.411489",
  "7_1_Strippit_6_part_count": "2",
  "7_1_strippit_0_type": "strippit",
  "7_1_strippit_0_task": "valve cover thermo 36 SMG",
  "7_1_strippit_0_start": "2022-03-14 09:33:41.991655",
  "7_1_strippit_0_end": "2022-03-14 09:40:21.343773",
  "7_1_strippit_0_part_count": "5",
  "7_1_strippit_1_type": "strippit",
  "7_1_strippit_1_task": "valve cover 60",
  "7_1_strippit_1_start": "2022-03-14 09:55:22.744104",
  "7_1_strippit_1_end": "2022-03-14 10:03:46.544112",
  "7_1_strippit_1_part_count": "6",
  "7_1_strippit_2_type": "strippit",
  "7_1_strippit_2_task": "high front 24 range",
  "7_1_strippit_2_start": "2022-03-14 10:16:18.216517",
  "7_1_strippit_2_end": "2022-03-14 10:31:35.712973",
  "7_1_strippit_2_part_count": "0",
  "7_1_strippit_2_tool change": "3",
  "7_1_strippit_2_completed ": "2",
  "7_1_Lunch_0_type": "Lunch",
  "7_1_Lunch_0_task": "Start",
  "7_1_Lunch_0_start": "2022-03-14 10:32:02.976715",
  "7_1_Lunch_0_end": "2022-03-14 11:03:20.281496",
  "7_1_Lunch_0_part_count": "0",
  "7_1_sheer 2_0_type": "sheer 2",
  "7_1_sheer 2_0_task": "Oven front 60 range ENDS here",
  "7_1_sheer 2_0_start": "2022-03-14 11:53:36.458507",
  "7_1_sheer 2_0_end": "2022-03-14 11:53:38.610480",
  "7_1_sheer 2_0_part_count": "6",
  "7_1_sheer 2_0_ends he4re": "1",
  "7_1_Last add 2_0_type": "Last add 2",
  "7_1_Last add 2_0_task": "landing 48",
  "7_1_Last add 2_0_start": "2022-03-14 12:36:47.187229",
  "7_1_Last add 2_0_end": "2022-03-14 12:36:49.395355",
  "7_1_Last add 2_0_part_count": "2",
  "7_2_type": "strippit",
  "7_2_task": "Valve cover dbll ssp",
  "7_2_start": "2022-03-07 12:26:52.957049",
  "7_2_end": "2022-03-07 12:26:56.389055",
  "7_2_part_count": "0",
  "7_2_enddown": "start down is delta from last",
  "7_2_reason": "wrong part",
  "7_3_type": "dbl ssp back panel 24 ",
  "7_3_task": "Dbl ssp back panel 24 ",
  "7_3_start": "2022-03-08 10:26:38.573316",
  "7_3_end": "2022-03-08 10:31:27.532623",
  "7_3_part_count": "2",
  "7_3_break": "start",
  "7_3_note": "check next for actual number",
  "6_0_punch_count": "95",
  "6_0_ideal_time": "1m59s",
  "6_0_tools": "2,4,14,10,11",
  "6_0_size": "72x11",
  "6_0_material": "HR",
  "6_0_uid": "46f2da23",
  "6_1_punch_count": "60",
  "6_1_ideal_time": "2m3s",
  "6_1_tools": "8,1,3,7,11",
  "6_1_size": "22x66",
  "6_1_material": "20Gss",
  "6_1_uid": "27f2c62a",
  "6_2_punch_count": "2",
  "6_2_ideal_time": "32s",
  "6_2_tools": "16,11",
  "6_2_size": "48x12.7",
  "6_2_material": "20Gs",
  "6_2_uid": "35023ce0",
  "6_3_punch_count": "4",
  "6_3_ideal_time": "34s",
  "6_3_tools": "16,11",
  "6_3_size": "72x12.7",
  "6_3_material": "20Gss",
  "6_3_uid": "662c3acb",
  "6_4_punch_count": "20",
  "6_4_ideal_time": "41S",
  "6_4_tools": "1,14,9,16,17",
  "6_4_size": "36X6.5",
  "6_4_material": "20Gss",
  "6_4_uid": "256fbeff",
  "6_5_punch_count": "46",
  "6_5_ideal_time": "1M21S",
  "6_5_tools": "2,11,1,14,4,5,3",
  "6_5_size": "26.5X22",
  "6_5_material": "ALS",
  "6_5_uid": "0e3993ae",
  "6_6_punch_count": "95",
  "6_6_ideal_time": "1m59s",
  "6_6_tools": "2,4,14,10,11",
  "6_6_size": "72x11",
  "6_6_material": "HR",
  "6_6_uid": "46f2da23",
  "6_7_punch_count": "60",
  "6_7_ideal_time": "2m3s",
  "6_7_tools": "8,1,3,7,11",
  "6_7_size": "22x66",
  "6_7_material": "20Gss",
  "6_7_uid": "27f2c62a",
  "6_8_punch_count": "2",
  "6_8_ideal_time": "32s",
  "6_8_tools": "16,11",
  "6_8_size": "48x12.7",
  "6_8_material": "20Gs",
  "6_8_uid": "35023ce0",
  "6_9_punch_count": "4",
  "6_9_ideal_time": "34s",
  "6_9_tools": "16,11",
  "6_9_size": "72x12.7",
  "6_9_material": "20Gss",
  "6_9_uid": "662c3acb",
  "6_10_punch_count": "20",
  "6_10_ideal_time": "41S",
  "6_10_tools": "1,14,9,16,17",
  "6_10_size": "36X6.5",
  "6_10_material": "20Gss",
  "6_10_uid": "256fbeff",
  "6_11_punch_count": "",
  "6_11_ideal_time": "",
  "6_11_tools": "",
  "6_11_size": "",
  "6_11_material": "",
  "6_11_uid": "58f2e927",
  "6_12_type": "repair",
  "6_12_task": "Clamp hose",
  "6_12_start": "2022-03-07 12:37:36.192979",
  "6_12_end": "2022-03-07 12:39:41.351999",
  "6_12_part_count": "0",
  "6_12_enddowntime": "reason wrong part",
  "6_13_type": "strippit",
  "6_13_task": "Ssp valve cover regular",
  "6_13_start": "2022-03-07 12:40:10.414850",
  "6_13_end": "2022-03-07 13:07:11.398097",
  "6_13_part_count": "45",
  "6_13_outputed embeded": "first task from today -> out",
  "6_14_type": "strippit",
  "6_14_task": "Ssp valve cover jet",
  "6_14_start": "2022-03-07 13:12:28.901062",
  "6_14_end": "2022-03-07 13:21:08.662775",
  "6_14_part_count": "9",
  "6_14_error": "slug up",
  "6_15_type": "strippit",
  "6_15_task": "Shp valve cover 12",
  "6_15_start": "2022-03-07 13:26:26.560133",
  "6_15_end": "2022-03-07 13:28:58.863201",
  "6_15_part_count": "0",
  "6_15_start downtime": "1",
  "6_16_type": "strippit",
  "6_16_task": "Shp valve cover 12 dbl",
  "6_16_start": "2022-03-07 13:49:58.518613",
  "6_16_end": "2022-03-07 13:55:04.606751",
  "6_16_part_count": "0",
  "6_16_downtime start": "1",
  "6_17_type": "strippit",
  "6_17_task": "Scb valve cover 12 setup",
  "6_17_start": "2022-03-07 14:12:18.607767",
  "6_17_end": "2022-03-07 14:17:08.347076",
  "6_17_part_count": "0",
  "6_17_start inspect": "1",
  "6_18_type": "scb valve cover 12 ",
  "6_18_task": "Scb valve cover 12 ",
  "6_18_start": "2022-03-07 14:17:30.623915",
  "6_18_end": "2022-03-07 14:26:31.788865",
  "6_18_part_count": "2",
  "6_18_cancveld": "code smell",
  "6_19_type": "strippit",
  "6_19_task": "Valve cover 12 shp ",
  "6_19_start": "2022-03-07 14:44:58.142809",
  "6_19_end": "2022-03-07 14:50:51.592630",
  "6_19_part_count": "0",
  "6_19_wrong program": "scrap 1",
  "6_20_type": "strippit",
  "6_20_task": "Ssp dbl sidew panel 18 h",
  "6_20_start": "2022-03-07 09:38:08.999666",
  "6_20_end": "2022-03-07 09:53:20.462467",
  "6_20_part_count": "1",
  "6_20_setup": "1",
  "6_21_type": "strippit",
  "6_21_task": "Ssp dbl side panel 18 h",
  "6_21_start": "2022-03-07 09:53:55.843329",
  "6_21_end": "2022-03-07 10:14:26.935091",
  "6_21_part_count": "22",
  "6_21_scrap": "1",
  "6_22_type": "repair",
  "6_22_task": "Strippit hose broke",
  "6_22_start": "2022-03-07 10:27:57.216114",
  "6_22_end": "2022-03-07 11:08:35.749997",
  "6_22_part_count": "0",
  "6_22_plus lunch": "1",
  "6_23_type": "ssp dbl side panel 24 h",
  "6_23_task": "Ssp dbl side panel 24 h",
  "6_23_start": "2022-03-07 11:09:01.755243",
  "6_23_end": "2022-03-07 11:34:36.439139",
  "6_23_part_count": "use totals",
  "6_23_downstart": "1",
  "6_24_type": "ssp dbl side panel 24 h",
  "6_24_task": "Ssp dbl side panel 24 h",
  "6_24_start": "2022-03-07 11:43:15.802852",
  "6_24_end": "2022-03-07 11:51:02.836473",
  "6_24_part_count": "use total",
  "6_24_down start": "1",
  "6_25_punch_count": "41",
  "6_25_ideal_time": "58s",
  "6_25_tools": "1,9,8,3,11",
  "6_25_size": "41x9",
  "6_25_material": "18gGAL",
  "6_25_uid": "05affb95",
  "6_26_punch_count": "46",
  "6_26_ideal_time": "1M21S",
  "6_26_tools": "2,11,1,14,4,5,3",
  "6_26_size": "26.5X22",
  "6_26_material": "ALS",
  "6_26_uid": "0e3993ae",
  "6_27_punch_count": "hebroke",
  "6_27_ideal_time": "removed",
  "6_27_tools": "",
  "6_27_size": "",
  "6_27_material": "",
  "6_27_uid": "08d2d81f",
  "6_28_punch_count": "79",
  "6_28_ideal_time": "1m46s",
  "6_28_tools": "4,9,19,14",
  "6_28_size": "60x27",
  "6_28_material": "HR",
  "6_28_uid": "5075332d",
  "6_29_punch_count": "?",
  "6_29_ideal_time": "29s",
  "6_29_tools": "?",
  "6_29_size": "30x10",
  "6_29_material": "SS",
  "6_29_uid": "5ea62afb",
  "6_30_type": "strippit",
  "6_30_task": "Dbl ssp leg chanel ",
  "6_30_start": "2022-03-08 11:25:31.901522",
  "6_30_end": "2022-03-08 11:43:06.057773",
  "6_30_part_count": "15",
  "6_30_a little bit extra tim,e cause was distracted after finish": "1",
  "6_31_type": "strippit",
  "6_31_task": "Ssp back panel 18 h setup",
  "6_31_start": "2022-03-08 11:44:42.980743",
  "6_31_end": "2022-03-08 11:53:42.991292",
  "6_31_part_count": "1",
  "6_31_error downtime": "error caxis about half the time",
  "6_32_type": "strippit",
  "6_32_task": "Ssp back panel 18 h ",
  "6_32_start": "2022-03-08 11:54:21.133359",
  "6_32_end": "2022-03-08 12:20:20.044097",
  "6_32_part_count": "0",
  "6_32_see notes for count": "1",
  "6_33_type": "error",
  "6_33_task": "Back panel ssp 24 h debug",
  "6_33_start": "2022-03-08 12:35:19.619677",
  "6_33_end": "2022-03-08 12:45:37.739563",
  "6_33_part_count": "0",
  "6_33_error wron part": "1",
  "6_34_type": "strippit",
  "6_34_task": "Dbl ssp back panel 18 h",
  "6_34_start": "2022-03-08 08:58:12.161595",
  "6_34_end": "2022-03-08 09:26:57.968626",
  "6_34_part_count": "1",
  "6_34_setup finished": "1",
  "6_35_type": "strippit",
  "6_35_task": "Dbl ssp back panel 18 h",
  "6_35_start": "2022-03-08 09:27:26.048676",
  "6_35_end": "2022-03-08 10:02:05.025927",
  "6_35_part_count": "22",
  "6_35_see paper notes": "1",
  "6_36_type": "dbbl ssp back panel 24 ",
  "6_36_task": "Dbbl ssp back panel 24 ",
  "6_36_start": "2022-03-08 10:06:06.373951",
  "6_36_end": "2022-03-08 10:24:35.052299",
  "6_36_part_count": "6",
  "6_36_downtime": "start",
  "6_37_type": "strippit",
  "6_37_task": "Dbl ssp leg chanel setup",
  "6_37_start": "2022-03-08 11:19:19.435267",
  "6_37_end": "2022-03-08 11:24:52.823453",
  "6_37_part_count": "1",
  "6_37_setup including inspect ideal": "1",
  "9_0_punch_count": 50,
  "9_0_ideal_time": "null",
  "9_0_tools_0": 3,
  "9_0_tools_1": 7,
  "9_0_tools_2": 1,
  "9_0_tools_3": 11,
  "9_0_tools_4": 8,
  "9_0_size": "30x22.5 ",
  "9_0_material": "SS",
  "9_0_uid": "fc14b634",
  "9_0_debur_time": "11s",
  "9_0_unload_time": "14s",
  "9_0_cycle_time": "51s",
  "8_0_punch_count": "23",
  "8_0_ideal_time": "44",
  "8_0_cycle_time": "0",
  "8_0_tools": "14,17,20,9,16",
  "8_0_in": "6",
  "8_0_out": "6",
  "8_0_tool_change": "1",
  "8_0_uid": "acf60e70",
  "8_1_punch_count": "31",
  "8_1_ideal_time": "null",
  "8_1_cycle_time": "null",
  "8_1_tools": "14,17,9,20,1",
  "8_1_in": "6",
  "8_1_out": "67",
  "8_1_tool_change": "n",
  "8_1_uid": "a3e563d8",
  "8_2_punch_count": "31",
  "8_2_ideal_time": "null",
  "8_2_cycle_time": "null",
  "8_2_tools": "14,17,9,20,16,1",
  "8_2_in": "null",
  "8_2_out": "null",
  "8_2_tool_change": "n",
  "8_2_uid": "47e0e6f7",
  "8_3_punch_count": "23",
  "8_3_ideal_time": "44",
  "8_3_cycle_time": "0",
  "8_3_tools": "14,17,20,9,16",
  "8_3_in": "6",
  "8_3_out": "6",
  "8_3_tool_change": "1",
  "8_3_uid": "acf60e70",
  "8_4_punch_count": "31",
  "8_4_ideal_time": "null",
  "8_4_cycle_time": "null",
  "8_4_tools": "14,17,9,20,1",
  "8_4_in": "6",
  "8_4_out": "67",
  "8_4_tool_change": "n",
  "8_4_uid": "a3e563d8",
  "8_5_punch_count": "31",
  "8_5_ideal_time": "null",
  "8_5_cycle_time": "null",
  "8_5_tools": "14,17,9,20,16,1",
  "8_5_in": "null",
  "8_5_out": "null",
  "8_5_tool_change": "n",
  "8_5_uid": "47e0e6f7",
  "8_6_Strippit_0_type": "Strippit",
  "8_6_Strippit_0_task": "inside panel shp",
  "8_6_Strippit_0_start": "2022-03-10 13:18:20.798236",
  "8_6_Strippit_0_end": "2022-03-10 13:22:06.262415",
  "8_6_Strippit_0_part_count": "0",
  "8_6_Strippit_0_stop for repair": "start",
  "8_6_Strippit_1_type": "Strippit",
  "8_6_Strippit_1_task": "inside panel shp",
  "8_6_Strippit_1_start": "2022-03-10 13:54:11.319442",
  "8_6_Strippit_1_end": "2022-03-10 14:03:11.271715",
  "8_6_Strippit_1_part_count": "1",
  "8_6_Strippit_1_t type": "setup and move clamps",
  "8_6_Strippit_2_type": "Strippit",
  "8_6_Strippit_2_task": "inside panel shp",
  "8_6_Strippit_2_start": "2022-03-10 14:03:41.144198",
  "8_6_Strippit_2_end": "2022-03-10 14:13:34.431822",
  "8_6_Strippit_2_part_count": "2",
  "8_6_Strippit_2_additional": "clamp errors",
  "8_6_Repair_0_type": "Repair",
  "8_6_Repair_0_task": "change screw",
  "8_6_Repair_0_start": "2022-03-10 13:22:40.806707",
  "8_6_Repair_0_end": "2022-03-10 13:30:40.374971",
  "8_6_Repair_0_part_count": "1",
  "8_6_Repair_0_additional": "toolchange 1 tool",
  "8_6_break_0_type": "break",
  "8_6_break_0_task": "break 2",
  "8_6_break_0_start": "2022-03-10 13:31:17.246967",
  "8_6_break_0_end": "2022-03-10 13:42:43.063133",
  "8_6_break_0_part_count": "0",
  "8_6_Setup_0_type": "Setup",
  "8_6_Setup_0_task": "toolchange for shp inside panel",
  "8_6_Setup_0_start": "2022-03-10 13:44:40.247300",
  "8_6_Setup_0_end": "2022-03-10 13:50:13.871445",
  "8_6_Setup_0_part_count": "1",
  "8_6_Debug_0_type": "Debug",
  "8_6_Debug_0_task": "Check punch ",
  "8_6_Debug_0_start": "2022-03-10 13:50:50.623461",
  "8_6_Debug_0_end": "2022-03-10 13:50:51.991385",
  "8_6_Debug_0_part_count": "0",
  "8_6_Debug_0_note": "last 2 are unscheduled type",
  "8_6_Debug_1_type": "Debug",
  "8_6_Debug_1_task": "check punch thing",
  "8_6_Debug_1_start": "2022-03-10 13:51:17.679396",
  "8_6_Debug_1_end": "2022-03-10 13:53:53.431529",
  "8_6_Debug_1_part_count": "1",
  "8_6_Downtime_0_type": "Downtime",
  "8_6_Downtime_0_task": "program alteration scheduled",
  "8_6_Downtime_0_start": "2022-03-10 14:14:29.895846",
  "8_6_Downtime_0_end": "2022-03-10 14:43:23.688318",
  "8_6_Downtime_0_part_count": "2",
  "8_6_Downtime_0_add": "i did 2 inbetween before sop",
  "8_6_part_0_type": "part",
  "8_6_part_0_task": "last part",
  "8_6_part_0_start": "2022-03-10 14:43:48.720373",
  "8_6_part_0_end": "2022-03-10 14:54:11.128726",
  "8_6_part_0_part_count": "15",
  "8_6_end ealy_0_type": "end ealy",
  "8_6_end ealy_0_task": "shit to do",
  "8_6_end ealy_0_start": "2022-03-10 14:54:23.064731",
  "8_6_end ealy_0_end": "2022-03-10 14:54:24.752577",
  "8_6_end ealy_0_part_count": "0",
  "8_7_Strippit_0_type": "Strippit",
  "8_7_Strippit_0_task": "Oven base 60",
  "8_7_Strippit_0_start": "2022-03-15 10:11:29.789254",
  "8_7_Strippit_0_end": "2022-03-15 10:31:14.611335",
  "8_7_Strippit_0_part_count": "2",
  "8_7_Strippit_0_start lunch": "1",
  "8_7_lunch end_0_type": "lunch end",
  "8_7_lunch end_0_task": "lunch end",
  "8_7_lunch end_0_start": "2022-03-15 11:09:19.266547",
  "8_7_lunch end_0_end": "2022-03-15 11:09:20.576950",
  "8_7_lunch end_0_part_count": "0",
  "8_7_lunch end_0_start clamp move": "1",
  "8_7_Oven base 60_0_type": "Oven base 60",
  "8_7_Oven base 60_0_task": "Oven base 60",
  "8_7_Oven base 60_0_start": "2022-03-15 11:09:53.493008",
  "8_7_Oven base 60_0_end": "2022-03-15 11:44:51.727893",
  "8_7_Oven base 60_0_part_count": "11",
  "8_7_strippit_0_type": "strippit",
  "8_7_strippit_0_task": "outside panel hot plate part search",
  "8_7_strippit_0_start": "2022-03-15 11:46:40.148083",
  "8_7_strippit_0_end": "2022-03-15 11:47:54.731814",
  "8_7_strippit_0_part_count": "0",
  "8_7_outside panel shp_0_type": "outside panel shp",
  "8_7_outside panel shp_0_task": "outside panel shp",
  "8_7_outside panel shp_0_start": "2022-03-15 11:48:20.908660",
  "8_7_outside panel shp_0_end": "2022-03-15 11:49:02.467133",
  "8_7_outside panel shp_0_part_count": "0",
  "8_7_Repair_0_type": "Repair",
  "8_7_Repair_0_task": "clamp screw broke",
  "8_7_Repair_0_start": "2022-03-15 11:49:18.706762",
  "8_7_Repair_0_end": "2022-03-15 12:03:53.509500",
  "8_7_Repair_0_part_count": "2",
  "8_7_shp back panel_0_type": "shp back panel",
  "8_7_shp back panel_0_task": "strippit",
  "8_7_shp back panel_0_start": "2022-03-15 12:04:07.908325",
  "8_7_shp back panel_0_end": "2022-03-15 12:13:11.272880",
  "8_7_shp back panel_0_part_count": "0",
  "8_7_shp back panel_0_clamp error": "1",
  "8_7_repair_0_type": "repair",
  "8_7_repair_0_task": "hose broke",
  "8_7_repair_0_start": "2022-03-15 12:13:27.652909",
  "8_7_repair_0_end": "2022-03-15 12:29:15.650974",
  "8_7_repair_0_part_count": "1",
  "5_0_type": "ssp dbl side panel 24 h",
  "5_0_task": "Ssp dbl side panel 24 h",
  "5_0_start": "2022-03-07 11:58:34.925267",
  "5_0_end": "2022-03-07 12:16:35.804365",
  "5_0_part_count": "34",
  "5_1_type": "search file",
  "5_1_task": "Shp valve cover 12",
  "5_1_start": "2022-03-07 13:29:29.142854",
  "5_1_end": "2022-03-07 13:49:24.728954",
  "5_1_part_count": "1",
  "5_2_type": "repair",
  "5_2_task": "Error t17",
  "5_2_start": "2022-03-07 13:55:38.802011",
  "5_2_end": "2022-03-07 13:58:34.395919",
  "5_2_part_count": "0",
  "5_3_type": "shp valve cover 12 dbl",
  "5_3_task": "Shp valve cover 12 dbl",
  "5_3_start": "2022-03-07 13:59:02.444769",
  "5_3_end": "2022-03-07 14:10:44.102801",
  "5_3_part_count": "10",
  "5_4_type": "strippit",
  "5_4_task": "Ssp dbl side panel 18 h",
  "5_4_start": "2022-03-07 09:32:48.559503",
  "5_4_end": "2022-03-07 09:37:45.100424",
  "5_4_part_count": "0",
  "5_5_type": "strippit",
  "5_5_task": "Shp or smg valve cover",
  "5_5_start": "2022-03-07 14:28:13.781845",
  "5_5_end": "2022-03-07 14:42:58.537399",
  "5_5_part_count": "11",
  "5_6_type": "scb valve cover 1`2",
  "5_6_task": "Scb valve cover 12",
  "5_6_start": "2022-03-07 14:51:28.268294",
  "5_6_end": "2022-03-07 15:05:36.940985",
  "5_6_part_count": "9",
  "5_7_type": "strippit",
  "5_7_task": "Ssp dbl side panel 24 h",
  "5_7_start": "2022-03-07 10:15:12.986372",
  "5_7_end": "2022-03-07 10:27:42.848489",
  "5_7_part_count": "0",
  "5_8_type": "downtime",
  "5_8_task": "Strippit",
  "5_8_start": "2022-03-07 11:35:12.553202",
  "5_8_end": "2022-03-07 11:42:59.968824",
  "5_8_part_count": "0",
  "5_9_type": "ssp dbl side panel 24 h",
  "5_9_task": "Downend",
  "5_9_start": "2022-03-07 11:51:45.736548",
  "5_9_end": "2022-03-07 11:58:23.069246",
  "5_9_part_count": "0",
  "5_10_type": "strippit",
  "5_10_task": "Back panel ssp 24 h",
  "5_10_start": "2022-03-08 12:22:21.459110",
  "5_10_end": "2022-03-08 12:34:50.010825",
  "5_10_part_count": "0",
  "5_11_type": "strippit",
  "5_11_task": "Back panel ssp 24 h ",
  "5_11_start": "2022-03-08 12:46:01.326804",
  "5_11_end": "2022-03-08 13:22:36.110259",
  "5_11_part_count": "40",
  "5_12_type": "break",
  "5_12_task": "Break",
  "5_12_start": "2022-03-08 13:22:51.538686",
  "5_12_end": "2022-03-08 13:48:36.799400",
  "5_12_part_count": "0",
  "5_13_type": "strippit",
  "5_13_task": "Dbl ssp back panel 24 setup",
  "5_13_start": "2022-03-08 10:03:08.814439",
  "5_13_end": "2022-03-08 10:05:52.349527",
  "5_13_part_count": "1",
  "5_14_type": "dbbl ssp back panel 24 down",
  "5_14_task": "Dbbl ssp back panel 24 down",
  "5_14_start": "2022-03-08 10:25:22.632382",
  "5_14_end": "2022-03-08 10:26:08.855263",
  "5_14_part_count": "0",
  "5_15_type": "dbbl ssp back panel 24 ",
  "5_15_task": "",
  "5_15_start": "2022-03-08 10:32:17.499511",
  "5_15_end": "2022-03-08 10:32:20.619516",
  "5_15_part_count": "0",
  "5_16_type": "dbbl ssp back panel 24 break end",
  "5_16_task": "Dbbl ssp back panel 24 ",
  "5_16_start": "2022-03-08 11:06:08.186278",
  "5_16_end": "2022-03-08 11:18:20.123963",
  "5_16_part_count": "20"
}