{"strippit": [{"type": "strippit", "task": "oven griddle baffle 48", "start": "2022-03-15 14:35:12.337532", "end": "2022-03-15 14:36:09.371232", "part_count": "0"}, {"type": "strippit", "task": "oven griddle bafflel 48", "start": "2022-03-15 14:44:46.075340", "end": "2022-03-15 14:59:10.847259", "part_count": "0", "down": "start"}], "Down": [{"type": "Down", "task": "computer crash", "start": "2022-03-15 14:36:27.077263", "end": "2022-03-15 14:44:17.464890", "part_count": "0"}, {"type": "Down", "task": "Maintain", "start": "2022-03-15 14:59:31.595295", "end": "2022-03-15 15:21:51.684050", "part_count": "0", "describe": "grinding die"}]}