{"Strippit": [{"type": "Strippit", "task": "Oven base 60", "start": "2022-03-15 10:11:29.789254", "end": "2022-03-15 10:31:14.611335", "part_count": "2", "start lunch": "1"}], "lunch end": [{"type": "lunch end", "task": "lunch end", "start": "2022-03-15 11:09:19.266547", "end": "2022-03-15 11:09:20.576950", "part_count": "0", "start clamp move": "1"}], "Oven base 60": [{"type": "Oven base 60", "task": "Oven base 60", "start": "2022-03-15 11:09:53.493008", "end": "2022-03-15 11:44:51.727893", "part_count": "11"}], "strippit": [{"type": "strippit", "task": "outside panel hot plate part search", "start": "2022-03-15 11:46:40.148083", "end": "2022-03-15 11:47:54.731814", "part_count": "0"}], "outside panel shp": [{"type": "outside panel shp", "task": "outside panel shp", "start": "2022-03-15 11:48:20.908660", "end": "2022-03-15 11:49:02.467133", "part_count": "0"}], "Repair": [{"type": "Repair", "task": "clamp screw broke", "start": "2022-03-15 11:49:18.706762", "end": "2022-03-15 12:03:53.509500", "part_count": "2"}], "shp back panel": [{"type": "shp back panel", "task": "strippit", "start": "2022-03-15 12:04:07.908325", "end": "2022-03-15 12:13:11.272880", "part_count": "0", "clamp error": "1"}], "repair": [{"type": "repair", "task": "hose broke", "start": "2022-03-15 12:13:27.652909", "end": "2022-03-15 12:29:15.650974", "part_count": "1"}]}