{"DayStart": [{"type": "DayStart", "task": "day", "start": "2022-03-15 09:00:36.407379", "end": "2022-03-15 09:00:41.726988", "part_count": "0"}], "Strippit": [{"type": "Strippit", "task": "back flue panel smg all ", "start": "2022-03-15 09:09:20.613902", "end": "2022-03-15 10:06:50.332762", "part_count": "14", "scrap": "1"}, {"type": "Strippit", "task": "before oven base", "start": "2022-03-15 10:10:13.601119", "end": "2022-03-15 10:10:15.254722", "part_count": "0", "till now is part search or task search": "1"}]}