{"strippit": [{"type": "strippit", "task": "shp back panel ", "start": "2022-03-15 12:30:19.391086", "end": "2022-03-15 13:03:06.538941", "part_count": "33"}, {"type": "strippit", "task": "shp back panel", "start": "2022-03-15 13:03:41.264602", "end": "2022-03-15 13:05:17.376371", "part_count": "0", "pause": "true"}, {"type": "strippit", "task": "back panel shp", "start": "2022-03-15 13:07:21.583789", "end": "2022-03-15 13:31:46.785162", "part_count": "?"}, {"type": "strippit", "task": "back panel shp", "start": "2022-03-15 13:45:56.721455", "end": "2022-03-15 14:19:13.961763", "part_count": "120", "checkpoint": "part-finish"}], "break": [{"type": "break", "task": "second break", "start": "2022-03-15 13:31:59.124784", "end": "2022-03-15 13:45:38.999824", "part_count": "0"}], "ad": [{"type": "ad", "task": "adfg", "start": "2022-03-15 14:19:36.831403", "end": "2022-03-15 14:19:37.845405", "part_count": "0"}]}