{"Strippit": [{"type": "Strippit", "task": "inside panel shp", "start": "2022-03-10 13:18:20.798236", "end": "2022-03-10 13:22:06.262415", "part_count": "0", "stop for repair": "start"}, {"type": "Strippit", "task": "inside panel shp", "start": "2022-03-10 13:54:11.319442", "end": "2022-03-10 14:03:11.271715", "part_count": "1", "t type": "setup and move clamps"}, {"type": "Strippit", "task": "inside panel shp", "start": "2022-03-10 14:03:41.144198", "end": "2022-03-10 14:13:34.431822", "part_count": "2", "additional": "clamp errors"}], "Repair": [{"type": "Repair", "task": "change screw", "start": "2022-03-10 13:22:40.806707", "end": "2022-03-10 13:30:40.374971", "part_count": "1", "additional": "toolchange 1 tool"}], "break": [{"type": "break", "task": "break 2", "start": "2022-03-10 13:31:17.246967", "end": "2022-03-10 13:42:43.063133", "part_count": "0"}], "Setup": [{"type": "Setup", "task": "toolchange for shp inside panel", "start": "2022-03-10 13:44:40.247300", "end": "2022-03-10 13:50:13.871445", "part_count": "1"}], "Debug": [{"type": "Debug", "task": "Check punch ", "start": "2022-03-10 13:50:50.623461", "end": "2022-03-10 13:50:51.991385", "part_count": "0", "note": "last 2 are unscheduled type"}, {"type": "Debug", "task": "check punch thing", "start": "2022-03-10 13:51:17.679396", "end": "2022-03-10 13:53:53.431529", "part_count": "1"}], "Downtime": [{"type": "Downtime", "task": "program alteration scheduled", "start": "2022-03-10 14:14:29.895846", "end": "2022-03-10 14:43:23.688318", "part_count": "2", "add": "i did 2 inbetween before sop"}], "part": [{"type": "part", "task": "last part", "start": "2022-03-10 14:43:48.720373", "end": "2022-03-10 14:54:11.128726", "part_count": "15"}], "end ealy": [{"type": "end ealy", "task": "shit to do", "start": "2022-03-10 14:54:23.064731", "end": "2022-03-10 14:54:24.752577", "part_count": "0"}]}