{"Monday": [{"type": "Monday", "task": "DayStart", "start": "2022-03-14 08:31:08.910217", "end": "2022-03-14 08:33:56.510332", "part_count": "0"}], "Back liner 36 SRB": [{"type": "Back liner 24 RANGE", "task": "Strippit", "start": "2022-03-14 08:34:15.566215", "end": "2022-03-14 09:14:54.175115", "part_count": "13", "additional": "sheer-hgelp"}], "Strippit": [{"type": "Strippit", "task": "waiting _for_next", "start": "2022-03-14 09:22:09.279399", "end": "2022-03-14 09:33:30.687455", "part_count": "0"}, {"type": "Strippit", "task": "valve cover thewrmo 48", "start": "2022-03-14 09:42:21.351805", "end": "2022-03-14 09:52:58.184098", "part_count": "6", "tool_change": "1"}, {"type": "Strippit", "task": "valvecover thermo 76 smg", "start": "2022-03-14 10:05:59.440264", "end": "2022-03-14 10:12:55.176298", "part_count": "3"}, {"type": "Strippit", "task": "High Front Range 24", "start": "2022-03-14 11:03:46.321391", "end": "2022-03-14 11:25:37.489687", "part_count": "6", "tool_change": "3"}, {"type": "Strippit", "task": "landing ledge 72 Ends here", "start": "2022-03-14 12:23:21.899040", "end": "2022-03-14 12:23:24.843086", "part_count": "6", "scrap ": "1", "time is delta from last": "1"}, {"type": "Strippit", "task": "landing ledge 48 End here", "start": "2022-03-14 12:34:58.195300", "end": "2022-03-14 12:35:04.443171", "part_count": "6"}, {"type": "Strippit", "task": "landing ledge 60 griddle ", "start": "2022-03-14 12:37:07.147462", "end": "2022-03-14 12:42:15.411489", "part_count": "2"}], "strippit": [{"type": "strippit", "task": "valve cover thermo 36 SMG", "start": "2022-03-14 09:33:41.991655", "end": "2022-03-14 09:40:21.343773", "part_count": "5"}, {"type": "strippit", "task": "valve cover 60", "start": "2022-03-14 09:55:22.744104", "end": "2022-03-14 10:03:46.544112", "part_count": "6"}, {"type": "strippit", "task": "high front 24 range", "start": "2022-03-14 10:16:18.216517", "end": "2022-03-14 10:31:35.712973", "part_count": "0", "tool change": "3", "completed ": "2"}], "Lunch": [{"type": "Lunch", "task": "Start", "start": "2022-03-14 10:32:02.976715", "end": "2022-03-14 11:03:20.281496", "part_count": "0"}], "sheer 2": [{"type": "sheer 2", "task": "Oven front 60 range ENDS here", "start": "2022-03-14 11:53:36.458507", "end": "2022-03-14 11:53:38.610480", "part_count": "6", "ends he4re": "1"}], "Last add 2": [{"type": "Last add 2", "task": "landing 48", "start": "2022-03-14 12:36:47.187229", "end": "2022-03-14 12:36:49.395355", "part_count": "2"}]}