[
  {
    "type": "strippit",
    "task": "Dbl ssp leg chanel ",
    "start": "2022-03-08 11:25:31.901522",
    "end": "2022-03-08 11:42",
    "part_count": "15",
    "time_type": "UpTime",
    "machine": "Strippit",
    "task_type": "Production"
  },
  {
    "type": "strippit",
    "task": "Ssp back panel 18 h setup",
    "start": "2022-03-08 11:44:42.980743",
    "end": "2022-03-08 11:53:42.991292",
    "part_count": "1",
    "error downtime": "error caxis about half the time",
    "time_type": "UpTime",
    "machine": "Strippit",
    "task_type": "Production"
  },
  {
    "type": "strippit",
    "task": "Ssp back panel 18 h ",
    "start": "2022-03-08 11:54:21.133359",
    "end": "2022-03-08 12:20:20.044097",
    "part_count": "0",
    "see notes for count": "1",
    "time_type": "UpTime",
    "machine": "Strippit",
    "task_type": "Production"
  },
  {
    "type": "strippit",
    "task": "Back panel ssp 24 h",
    "start": "2022-03-08 12:22:21.459110",
    "end": "2022-03-08 12:34:50.010825",
    "part_count": "0",
    "time_type": "UpTime",
    "machine": "Strippit",
    "task_type": "Production"
  },
  {
    "type": "error",
    "task": "Back panel ssp 24 h debug",
    "start": "2022-03-08 12:35:19.619677",
    "end": "2022-03-08 12:45:37.739563",
    "part_count": "0",
    "error wron part": "1",
    "time_type": "UpTime",
    "machine": "Strippit",
    "task_type": "Production"
  },
  {
    "type": "strippit",
    "task": "Back panel ssp 24 h ",
    "start": "2022-03-08 12:46:01.326804",
    "end": "2022-03-08 13:22:36.110259",
    "part_count": "40",
    "time_type": "UpTime",
    "machine": "Strippit",
    "task_type": "Production"
  },
  {
    "type": "break",
    "task": "Break",
    "start": "2022-03-08 13:22:51.538686",
    "end": "2022-03-08 13:48:36.799400",
    "part_count": "0",
    "time_type": "UpTime",
    "machine": "Strippit",
    "task_type": "Production"
  },
  {
    "type": "strippit",
    "task": "Dbl ssp back panel 18 h",
    "start": "2022-03-08 08:58:12.161595",
    "end": "2022-03-08 09:26:57.968626",
    "part_count": "1",
    "setup finished": "1",
    "time_type": "UpTime",
    "machine": "Strippit",
    "task_type": "Production"
  },
  {
    "type": "strippit",
    "task": "Dbl ssp back panel 18 h",
    "start": "2022-03-08 09:27:26.048676",
    "end": "2022-03-08 10:02:05.025927",
    "part_count": "22",
    "see paper notes": "1",
    "time_type": "UpTime",
    "machine": "Strippit",
    "task_type": "Production"
  },
  {
    "type": "strippit",
    "task": "Dbbl ssp back panel 24 setup",
    "start": "2022-03-08 10:03:08.814439",
    "end": "2022-03-08 10:05:52.349527",
    "part_count": "1",
    "time_type": "UpTime",
    "machine": "Strippit",
    "task_type": "Production"
  },
  {
    "type": "dbbl ssp back panel 24 ",
    "task": "Dbbl ssp back panel 24 ",
    "start": "2022-03-08 10:06:06.373951",
    "end": "2022-03-08 10:24:35.052299",
    "part_count": "6",
    "downtime": "start",
    "time_type": "UpTime",
    "machine": "Strippit",
    "task_type": "Production"
  },
  {
    "type": "dbbl ssp back panel 24 down",
    "task": "Dbbl ssp back panel 24 down",
    "start": "2022-03-08 10:25:22.632382",
    "end": "2022-03-08 10:26:08.855263",
    "part_count": "0",
    "time_type": "UpTime",
    "machine": "Strippit",
    "task_type": "Production"
  },
  {
    "type": "dbbl ssp back panel 24 ",
    "task": "Dbbl ssp back panel 24 ",
    "start": "2022-03-08 10:26:38.573316",
    "end": "2022-03-08 10:31:27.532623",
    "part_count": "2",
    "break": "start",
    "note": "check next for actual number",
    "time_type": "UpTime",
    "machine": "Strippit",
    "task_type": "Production"
  },
  {
    "type": "dbbl ssp back panel 24 ",
    "task": "",
    "start": "2022-03-08 10:32:17.499511",
    "end": "2022-03-08 10:32:20.619516",
    "part_count": "0",
    "time_type": "UpTime",
    "machine": "Strippit",
    "task_type": "Production"
  },
  {
    "type": "dbbl ssp back panel 24 break end",
    "task": "Dbbl ssp back panel 24 ",
    "start": "2022-03-08 11:06:08.186278",
    "end": "2022-03-08 11:18:20.123963",
    "part_count": "20",
    "time_type": "UpTime",
    "machine": "Strippit",
    "task_type": "Production"
  },
  {
    "type": "strippit",
    "task": "Dbl ssp leg chanel setup",
    "start": "2022-03-08 11:19:19.435267",
    "end": "2022-03-08 11:24:52.823453",
    "part_count": "1",
    "setup including inspect ideal": "1",
    "time_type": "UpTime",
    "machine": "Strippit",
    "task_type": "Production"
  },
  {
    "type": "ssp dbl side panel 24 h",
    "task": "Ssp dbl side panel 24 h",
    "start": "2022-03-07 11:58:34.925267",
    "end": "2022-03-07 12:16:35.804365",
    "part_count": "34",
    "time_type": "UpTime",
    "machine": "Strippit",
    "task_type": "Production"
  },
  {
    "type": "strippit",
    "task": "Valve cover dbll ssp",
    "start": "2022-03-07 12:26:52.957049",
    "end": "2022-03-07 12:26:56.389055",
    "part_count": "0",
    "enddown": "start down is delta from last",
    "reason": "wrong part",
    "time_type": "UpTime",
    "machine": "Strippit",
    "task_type": "Production"
  },
  {
    "type": "repair",
    "task": "Clamp hose",
    "start": "2022-03-07 12:37:36.192979",
    "end": "2022-03-07 12:39:41.351999",
    "part_count": "0",
    "enddowntime": "reason wrong part",
    "time_type": "UpTime",
    "machine": "Strippit",
    "task_type": "Production"
  },
  {
    "type": "strippit",
    "task": "Ssp valve cover regular",
    "start": "2022-03-07 12:40:10.414850",
    "end": "2022-03-07 13:07:11.398097",
    "part_count": "45",
    "outputed embeded": "first task from today -> out",
    "time_type": "UpTime",
    "machine": "Strippit",
    "task_type": "Production"
  },
  {
    "type": "strippit",
    "task": "Ssp valve cover jet",
    "start": "2022-03-07 13:12:28.901062",
    "end": "2022-03-07 13:21:08.662775",
    "part_count": "9",
    "error": "slug up",
    "time_type": "UpTime",
    "machine": "Strippit",
    "task_type": "Production"
  },
  {
    "type": "strippit",
    "task": "Shp valve cover 12",
    "start": "2022-03-07 13:26:26.560133",
    "end": "2022-03-07 13:28:58.863201",
    "part_count": "0",
    "start downtime": "1",
    "time_type": "UpTime",
    "machine": "Strippit",
    "task_type": "Production"
  },
  {
    "type": "search file",
    "task": "Shp valve cover 12",
    "start": "2022-03-07 13:29:29.142854",
    "end": "2022-03-07 13:49:24.728954",
    "part_count": "1",
    "time_type": "UpTime",
    "machine": "Strippit",
    "task_type": "Production"
  },
  {
    "type": "strippit",
    "task": "Shp valve cover 12 dbl",
    "start": "2022-03-07 13:49:58.518613",
    "end": "2022-03-07 13:55:04.606751",
    "part_count": "0",
    "downtime start": "1",
    "time_type": "UpTime",
    "machine": "Strippit",
    "task_type": "Production"
  },
  {
    "type": "repair",
    "task": "Error t17",
    "start": "2022-03-07 13:55:38.802011",
    "end": "2022-03-07 13:58:34.395919",
    "part_count": "0",
    "time_type": "UpTime",
    "machine": "Strippit",
    "task_type": "Production"
  },
  {
    "type": "shp valve cover 12 dbl",
    "task": "Shp valve cover 12 dbl",
    "start": "2022-03-07 13:59:02.444769",
    "end": "2022-03-07 14:10:44.102801",
    "part_count": "10",
    "time_type": "UpTime",
    "machine": "Strippit",
    "task_type": "Production"
  },
  {
    "type": "strippit",
    "task": "Ssp dbl side panel 18 h",
    "start": "2022-03-07 09:32:48.559503",
    "end": "2022-03-07 09:37:45.100424",
    "part_count": "0",
    "time_type": "UpTime",
    "machine": "Strippit",
    "task_type": "Production"
  },
  {
    "type": "strippit",
    "task": "Scb valve cover 12 setup",
    "start": "2022-03-07 14:12:18.607767",
    "end": "2022-03-07 14:17:08.347076",
    "part_count": "0",
    "start inspect": "1",
    "time_type": "UpTime",
    "machine": "Strippit",
    "task_type": "Production"
  },
  {
    "type": "scb valve cover 12 ",
    "task": "Scb valve cover 12 ",
    "start": "2022-03-07 14:17:30.623915",
    "end": "2022-03-07 14:26:31.788865",
    "part_count": "2",
    "cancveld": "code smell",
    "time_type": "UpTime",
    "machine": "Strippit",
    "task_type": "Production"
  },
  {
    "type": "strippit",
    "task": "Shp or smg valve cover",
    "start": "2022-03-07 14:28:13.781845",
    "end": "2022-03-07 14:42:58.537399",
    "part_count": "11",
    "time_type": "UpTime",
    "machine": "Strippit",
    "task_type": "Production"
  },
  {
    "type": "strippit",
    "task": "Valve cover 12 shp ",
    "start": "2022-03-07 14:44:58.142809",
    "end": "2022-03-07 14:50:51.592630",
    "part_count": "0",
    "wrong program": "scrap 1",
    "time_type": "UpTime",
    "machine": "Strippit",
    "task_type": "Production"
  },
  {
    "type": "scb valve cover 1`2",
    "task": "Scb valve cover 12",
    "start": "2022-03-07 14:51:28.268294",
    "end": "2022-03-07 15:05:36.940985",
    "part_count": "9",
    "time_type": "UpTime",
    "machine": "Strippit",
    "task_type": "Production"
  },
  {
    "type": "strippit",
    "task": "Ssp dbl sidew panel 18 h",
    "start": "2022-03-07 09:38:08.999666",
    "end": "2022-03-07 09:53:20.462467",
    "part_count": "1",
    "setup": "1",
    "time_type": "UpTime",
    "machine": "Strippit",
    "task_type": "Production"
  },
  {
    "type": "strippit",
    "task": "Ssp dbl side panel 18 h",
    "start": "2022-03-07 09:53:55.843329",
    "end": "2022-03-07 10:14:26.935091",
    "part_count": "22",
    "scrap": "1",
    "time_type": "UpTime",
    "machine": "Strippit",
    "task_type": "Production"
  },
  {
    "type": "strippit",
    "task": "Ssp dbl side panel 24 h",
    "start": "2022-03-07 10:15:12.986372",
    "end": "2022-03-07 10:27:42.848489",
    "part_count": "0",
    "time_type": "UpTime",
    "machine": "Strippit",
    "task_type": "Production"
  },
  {
    "type": "repair",
    "task": "Strippit hose broke",
    "start": "2022-03-07 10:27:57.216114",
    "end": "2022-03-07 11:08:35.749997",
    "part_count": "0",
    "plus lunch": "1",
    "time_type": "UpTime",
    "machine": "Strippit",
    "task_type": "Production"
  },
  {
    "type": "ssp dbl side panel 24 h",
    "task": "Ssp dbl side panel 24 h",
    "start": "2022-03-07 11:09:01.755243",
    "end": "2022-03-07 11:34:36.439139",
    "part_count": "use totals",
    "downstart": "1",
    "time_type": "UpTime",
    "machine": "Strippit",
    "task_type": "Production"
  },
  {
    "type": "downtime",
    "task": "Strippit",
    "start": "2022-03-07 11:35:12.553202",
    "end": "2022-03-07 11:42:59.968824",
    "part_count": "0",
    "time_type": "UpTime",
    "machine": "Strippit",
    "task_type": "Production"
  },
  {
    "type": "ssp dbl side panel 24 h",
    "task": "Ssp dbl side panel 24 h",
    "start": "2022-03-07 11:43:15.802852",
    "end": "2022-03-07 11:51:02.836473",
    "part_count": "use total",
    "down start": "1",
    "time_type": "UpTime",
    "machine": "Strippit",
    "task_type": "Production"
  },
  {
    "type": "ssp dbl side panel 24 h",
    "task": "Downend",
    "start": "2022-03-07 11:51:45.736548",
    "end": "2022-03-07 11:58:23.069246",
    "part_count": "0",
    "time_type": "UpTime",
    "machine": "Strippit",
    "task_type": "Production"
  }
]