type,task,start,end,part_count,"a little bit extra tim,e cause was distracted after finish",time_type,machine,task_type,duration_m
type,task,start,end,part_count,error downtime,time_type,machine,task_type,duration_m
type,task,start,end,part_count,see notes for count,time_type,machine,task_type,duration_m
type,task,start,end,part_count,time_type,machine,task_type,duration_m
type,task,start,end,part_count,error wron part,time_type,machine,task_type,duration_m
type,task,start,end,part_count,time_type,machine,task_type,duration_m
type,task,start,end,part_count,time_type,machine,task_type,duration_m
type,task,start,end,part_count,setup finished,time_type,machine,task_type,duration_m
type,task,start,end,part_count,see paper notes,time_type,machine,task_type,duration_m
type,task,start,end,part_count,time_type,machine,task_type,duration_m
type,task,start,end,part_count,downtime,time_type,machine,task_type,duration_m
type,task,start,end,part_count,time_type,machine,task_type,duration_m
type,task,start,end,part_count,break,note,time_type,machine,task_type,duration_m
type,task,start,end,part_count,time_type,machine,task_type,duration_m
type,task,start,end,part_count,time_type,machine,task_type,duration_m
type,task,start,end,part_count,setup including inspect ideal,time_type,machine,task_type,duration_m
type,task,start,end,part_count,time_type,machine,task_type,duration_m
type,task,start,end,part_count,enddown,reason,time_type,machine,task_type,duration_m
type,task,start,end,part_count,enddowntime,time_type,machine,task_type,duration_m
type,task,start,end,part_count,outputed embeded,time_type,machine,task_type,duration_m
type,task,start,end,part_count,error,time_type,machine,task_type,duration_m
type,task,start,end,part_count,start downtime,time_type,machine,task_type,duration_m
type,task,start,end,part_count,time_type,machine,task_type,duration_m
type,task,start,end,part_count,downtime start,time_type,machine,task_type,duration_m
type,task,start,end,part_count,time_type,machine,task_type,duration_m
type,task,start,end,part_count,time_type,machine,task_type,duration_m
type,task,start,end,part_count,time_type,machine,task_type,duration_m
type,task,start,end,part_count,start inspect,time_type,machine,task_type,duration_m
type,task,start,end,part_count,cancveld,time_type,machine,task_type,duration_m
type,task,start,end,part_count,time_type,machine,task_type,duration_m
type,task,start,end,part_count,wrong program,time_type,machine,task_type,duration_m
type,task,start,end,part_count,time_type,machine,task_type,duration_m
type,task,start,end,part_count,setup,time_type,machine,task_type,duration_m
type,task,start,end,part_count,scrap,time_type,machine,task_type,duration_m
type,task,start,end,part_count,time_type,machine,task_type,duration_m
type,task,start,end,part_count,plus lunch,time_type,machine,task_type,duration_m
type,task,start,end,part_count,downstart,time_type,machine,task_type,duration_m
type,task,start,end,part_count,time_type,machine,task_type,duration_m
type,task,start,end,part_count,down start,time_type,machine,task_type,duration_m
type,task,start,end,part_count,time_type,machine,task_type,duration_m
