{
  "jobs": [
    {
      "type": "downtime",
      "task": "compressor_waiting",
      "start": "2022-03-02 12:50:20.354746",
      "end": "2022-03-02 12:50:22.170850",
      "uid": "80e52036-e5a5-4a78-920d-a651a547df7e",
      "total_minutes": 0.03333333333333333
    },
    {
      "task": "back_burner_support_36",
      "start": "2022-03-02 10:11:06.082273",
      "end": "2022-03-02 10:21:59.217630",
      "part_count": 1,
      "uid": "26292bf2-ffcb-4b2f-9fbf-520df3b74856",
      "total_minutes": 10.883333333333333,
      "program": "07843a47-d691-4f12-a76d-ffff68625dcc"
    },
    {
      "type": "strippt",
      "task": "cross_support_12",
      "start": "2022-03-02 13:16:43.746311",
      "end": "2022-03-02 14:31:59.530599",
      "part_count": 45,
      "uid": "8187b67b-804e-4f1f-bef8-129d185d3b94",
      "total_minutes": 75.26666666666667,
      "program": "a64f3851-72d2-4ac6-b19e-6879eb6d5445"
    },
    {
      "task": "landing_ledge_36",
      "start": "2022-03-02 10:55:44.938495",
      "end": "2022-03-02 11:02:13.753734",
      "part_count": 5,
      "uid": "379092fb-f397-49b2-b616-9bda34109962",
      "total_minutes": 6.483333333333333,
      "program": "104cd5e3-83d2-40aa-919b-dde95e798132"
    },
    {
      "task": "back_burner_support_36",
      "start": "2022-03-02 10:22:14.601510",
      "end": "2022-03-02 10:42:15.674208",
      "part_count": 14,
      "uid": "dc7e0c23-8e82-4e19-8515-575761c5358c",
      "total_minutes": 20.016666666666666,
      "program": "07843a47-d691-4f12-a76d-ffff68625dcc"
    },
    {
      "type": "strippit",
      "task": "high_front_36_low_range",
      "start": "2022-03-02 14:34:18.890570",
      "end": "2022-03-02 15:13:16.659283",
      "part_count": 0,
      "tool_change_count": 1,
      "code_change_count": 2,
      "uid": "5cb37ae7-e7a6-4f56-86a1-fd59f41b7845",
      "total_minutes": 38.96666666666667,
      "program": "b2a55ecc-444f-431c-9246-2586ff9c7dd4"
    },
    {
      "task": "landing_ledge_48",
      "start": "2022-03-02 11:02:47.889686",
      "end": "2022-03-02 11:10:25.473859",
      "part_count": 5,
      "uid": "a5cc6b6d-d63d-47cf-b047-c10762a56d55",
      "total_minutes": 7.633333333333334,
      "program": "da9f1a74-338b-4a3e-ad20-05071466a8e4"
    },
    {
      "task": "landing_ledge_48_after_lunch",
      "start": "2022-03-02 11:44:23.826446",
      "end": "2022-03-02 11:46:47.562667",
      "part_count": 2,
      "uid": "5961d67d-6ad1-4053-b47a-d48b1f9ed6e1",
      "total_minutes": 2.4,
      "program": "dea3a5ad-ace1-4f9f-9875-2f8612abd3c1"
    },
    {
      "type": "strippit",
      "task": "ssp_valve_cover",
      "start": "2022-03-02 15:52:20.931368",
      "end": "2022-03-02 15:52:23.555518",
      "part_count": 0,
      "uid": "1500e7ec-9f87-4485-9ba2-69c581b78a00",
      "total_minutes": 0.05,
      "program": "c2e6b488-fbf7-416c-b0d1-79efb9f6c3fe"
    },
    {
      "type": "strippit",
      "task": "ssp_valve_cover_jet",
      "start": "2022-03-02 14:36:58.067492",
      "end": "2022-03-02 15:10:02.000000",
      "part_count": 10,
      "uid": "dd0fc38b-3971-40ae-8203-5940ca2cdeeb",
      "total_minutes": 33.06666666666667,
      "program": "866d4b71-b9b9-4289-9f4e-d63f33b4aa96"
    },
    {
      "type": "strippit",
      "task": "back_manifold_support_bracket",
      "start": "2022-03-03 09:31:04.803210",
      "end": "2022-03-03 11:52:02.661266",
      "part_count": 36,
      "setup_end": "09:50",
      "tool_change_count": 2,
      "uid": "2307f07c-fd4a-4d54-85ba-5fd6b7fa80af",
      "total_minutes": 140.96666666666667,
      "total_setup": 18.933333333333334,
      "program": "9fbf338a-9541-4650-80b5-f563c1135707"
    },
    {
      "type": "strippit",
      "task": "inside_panel_shp_single",
      "start": "2022-03-03 11:57:21.650627",
      "end": "2022-03-03 13:04:45.505329",
      "part_count": 1,
      "scrap": 1,
      "setup_end": "13:01",
      "tool_change_count": 3,
      "uid": "1637ca5c-e9f4-45f3-b31d-ca6d9e474f6f",
      "total_minutes": 67.4,
      "total_setup": 63.65,
      "program": "d73f8a65-44fa-4fb6-9838-f7e2c12a2da2"
    },
    {
      "type": "strippit",
      "task": "inside_panel_shp_single",
      "start": "2022-03-03 13:59:46.802728",
      "end": "2022-03-03 14:24:41.581754",
      "part_count": 12,
      "scrap": 1,
      "tool_change_count": 3,
      "uid": "71b511a2-08ee-4380-8404-e8e3eab7688e",
      "total_minutes": 24.916666666666668,
      "program": "d73f8a65-44fa-4fb6-9838-f7e2c12a2da2"
    },
    {
      "type": "strip",
      "task": "back flue panel",
      "start": "2022-03-03 14:35:30.371293",
      "end": "2022-03-03 14:59:14.996995",
      "setup_end": "14:44",
      "part_count": 6,
      "tool_change_count": 3,
      "uid": "71307dfa-da2f-49ed-b303-a60d7f1cf555",
      "total_minutes": 23.733333333333334,
      "total_setup": 8.5,
      "program": "ad04dd28-df98-4bdc-b6cd-642a2f2d881c"
    },
    {
      "type": "Maintenance",
      "task": "maintenance_strippit",
      "start": "2022-03-03 13:47:33.133439",
      "end": "2022-03-03 13:58:41.501013",
      "uid": "f9d4fa4c-b263-4d0c-950f-07902e4a9118",
      "total_minutes": 11.133333333333333
    },
    {
      "type": "strippit",
      "task": "inside_panel_srb",
      "start": "2022-03-04 11:08:42.300732",
      "end": "2022-03-04 11:38:29.689471",
      "part_count": "19",
      "error_count": 2,
      "scrap": 1,
      "tool_change_count": 3,
      "uid": "5d024b12-6502-4585-955a-10382dddfc8a",
      "total_minutes": 29.783333333333335,
      "program": "00aeaa66-2d36-4f9c-a43f-0bb9e18e5917"
    },
    {
      "type": "strippit",
      "task": "ssp_front_cross_support",
      "start": "2022-03-04 11:40:23.850472",
      "end": "2022-03-04 13:31:23.664171",
      "errors": [
        {
          "name": "turret fault",
          "description": "Turret popped out"
        }
      ],
      "part_count": 80,
      "error_count": 1,
      "tool_change_count": 1,
      "tool_changes": [
        {
          "from": "T04"
        }
      ],
      "uid": "6c1bcdc2-797c-4e58-a2b0-392a8617cc80",
      "total_minutes": 111.0,
      "program": "ff632909-7d9e-4dd8-83f8-3766f847b447"
    },
    {
      "type": "strippit",
      "task": "griddle_baffle_60",
      "start": "2022-03-04 09:14:51.592184",
      "end": "2022-03-04 09:46:28.773916",
      "setup_end": "09:28",
      "part_count": "6",
      "uid": "9d273ea3-dc9e-49d7-83e6-9f55585fde0e",
      "total_minutes": 31.616666666666667,
      "total_setup": 13.15,
      "program": "cb621090-c924-4f1d-904a-e5a8b71b244d"
    },
    {
      "type": "strippit",
      "task": "srb_valve_cover_36",
      "start": "2022-03-04 09:48:23.340517",
      "end": "2022-03-04 10:05:24.689911",
      "part_count": 6,
      "tool_change_count": 1,
      "tool_changes": [
        {
          "from": "T11"
        }
      ],
      "code_change_count": 1,
      "setup_end": "9:57",
      "uid": "97983245-9093-4c3f-96f9-463251c2c863",
      "total_minutes": 17.016666666666666,
      "total_setup": 8.616666666666667,
      "program": "d0fe67b6-33fc-4118-8550-f3adb1d2eb3c"
    },
    {
      "type": "strippit",
      "task": "burner_hangover_stock_pot",
      "start": "2022-03-04 14:04:58.227111",
      "end": "2022-03-04 15:02:47.142804",
      "setup_end": "14:21",
      "part_count": 10,
      "tool_change_count": 1,
      "tool_changes": [
        {
          "from": "T09"
        }
      ],
      "uid": "293fd876-e825-49eb-8fa7-dcc11e4b42a2",
      "total_minutes": 57.81666666666667,
      "total_setup": 16.033333333333335,
      "program": "34af6a5c-30e9-442d-81a3-dfbcdde2ddfc"
    },
    {
      "type": "Repair",
      "task": "Strippit turret fault repair",
      "start": "2022-03-04 12:11:48.380582",
      "end": "2022-03-04 12:21:55.611648",
      "uid": "656174b5-8085-4575-b8e3-1f988a607123",
      "total_minutes": 10.116666666666667
    }
  ]
}