{"$schema": "http://json-schema.org/schema#", "type": "object", "properties": {"parts": {"type": "array", "items": {"type": "object", "properties": {"name": {"type": "string"}, "product_code": {"type": "string"}, "size": {"type": "string"}, "material": {"type": "string"}, "uid": {"type": "string"}, "size_new": {"type": "object", "properties": {"width": {"type": "string"}, "height": {"type": "string"}}, "required": ["height", "width"]}, "material_new": {"type": "object", "properties": {"gage": {"type": "string"}, "steel": {"type": "string"}}, "required": ["gage", "steel"]}, "programs": {"type": "array", "items": {"type": "string"}}, "product_class": {"type": "string"}}, "required": ["name", "programs", "uid"]}}}, "required": ["parts"]}
