{
  "programs": [
    {
      "name": "Ssp valve cover",
      "tools": [],
      "uid": "c2e6b488-fbf7-416c-b0d1-79efb9f6c3fe"
    },
    {
      "name": "Back manifold support bracket",
      "tools": [
        "T20",
        "T11",
        "T19"
      ],
      "part_flip_count": 1,
      "uid": "9fbf338a-9541-4650-80b5-f563c1135707"
    },
    {
      "name": "Back flue panel",
      "tools": [
        "T01",
        "T03",
        "T08",
        "T09",
        "T17",
        "T16"
      ],
      "punch_count": 40,
      "uid": "ad04dd28-df98-4bdc-b6cd-642a2f2d881c"
    },
    {
      "name": "Inside panel shp",
      "tools": [
        "T19",
        "T08",
        "T09",
        "T04",
        "T01"
      ],
      "part_flip_count": 1,
      "uid": "d73f8a65-44fa-4fb6-9838-f7e2c12a2da2"
    },
    {
      "name": "Burner hangover stock pot",
      "tools": [
        "T03",
        "T14",
        "T08",
        "T01",
        "T20",
        "T05",
        "T04",
        "T09"
      ],
      "uid": "34af6a5c-30e9-442d-81a3-dfbcdde2ddfc"
    },
    {
      "name": "Srb valve cover 36",
      "punch_count": 30,
      "tools": [
        "TT14",
        "TT10",
        "TT11",
        "TTO1"
      ],
      "uid": "d0fe67b6-33fc-4118-8550-f3adb1d2eb3c"
    },
    {
      "name": "Griddle baffle 60",
      "punch_count": 80,
      "tools": [
        "TT02",
        "TT04",
        "TT14",
        "TT10",
        "TT11"
      ],
      "uid": "cb621090-c924-4f1d-904a-e5a8b71b244d"
    },
    {
      "name": "Inside panel srb",
      "tools": [
        "TT04",
        "TT09",
        "TT11",
        "TT19",
        "TT08",
        "TT01",
        "TT03"
      ],
      "uid": "00aeaa66-2d36-4f9c-a43f-0bb9e18e5917"
    },
    {
      "name": "Ssp front cross support",
      "uid": "ff632909-7d9e-4dd8-83f8-3766f847b447"
    },
    {
      "name": "Landing ledge 48",
      "punch_count": 26,
      "uid": "dea3a5ad-ace1-4f9f-9875-2f8612abd3c1"
    },
    {
      "name": "Back burner support 36",
      "punch_count": 26,
      "tools": [
        "T16",
        "T11",
        "T14"
      ],
      "uid": "07843a47-d691-4f12-a76d-ffff68625dcc"
    },
    {
      "name": "Landing ledge 36",
      "punch_count": 33,
      "tools": [
        "T16",
        "T11"
      ],
      "uid": "104cd5e3-83d2-40aa-919b-dde95e798132"
    },
    {
      "name": "Landing ledge 48",
      "punch_count": 33,
      "tools": [
        "T16",
        "T11"
      ],
      "uid": "da9f1a74-338b-4a3e-ad20-05071466a8e4"
    },
    {
      "name": "Cross support 12",
      "punch_count": 20,
      "tools": [
        "T16",
        "T04",
        "T11",
        "T14"
      ],
      "yields": 2,
      "part_flip_count": 1,
      "uid": "a64f3851-72d2-4ac6-b19e-6879eb6d5445"
    },
    {
      "name": "Ssp valve cover jet",
      "punch_count": 24,
      "uid": "866d4b71-b9b9-4289-9f4e-d63f33b4aa96"
    },
    {
      "name": "High front 36 low range",
      "punch_count": 73,
      "tools": [
        "T03",
        "T09",
        "T01"
      ],
      "part_flip_count": 1,
      "uid": "b2a55ecc-444f-431c-9246-2586ff9c7dd4"
    }
  ]
}