date,name, input time, first run time, first pass, first pass yield, runs till first, output time, I/O, rt, ul, dt, t, pc, size, mat, notes;

march 23, landing ledge 12 SHP, 12:55, true, 1, 13:53, 52/51, rt, ul, dt, t, pc, size, mat, see notes;

march 23, oven manifoldsupport 36, 14:16, null, null, null, null, null,rt, ul, dt, t, pc, size, mat, see notes not sure on date;

march 25, valve cover 36 smg, 11:25, false, 2, 11:38, 10/10, 48, null, null, [t14t17t1t10t11], null, null notes; 

march 25, valve cover 60 smg, 11:38, 11:43, 11:43, true, 1, 11:59, 10/10, rt, ul, dt, t, pc, size, mat, see notes;

march 25, valve cover 72 smg, 12:08, 12:10, true, 1, 12:14, 4/3, rt, ul, dt, t, pc, size, mat, see notes;

march 25, vavle cover DBL ssp, 12:15, 12:31, true, 1, 12:51, 19/19, rt, ul, dt, t, pc, size, mat, see notes;

march 25, repairs, broken die, null, null, null, null, null, null, rt, ul, dt, t, pc, size, mat, see notes;

march 28, side panel 24 stock pot, 9:08, 9:16, 9:51, true, 1, 10:12, 21/21, 

march 23, outside panel SMG, 9:05, 9:27, false, 2, 11:25, 120/120, null, null, null, null, null, null, null, see notes;

march 23, griddle grease can, 11:30, 11:40, 11:42, true, 1, 12:30, 52/52, rt, ul, dt, t, pc, size, mat, see notes ;

march 21, leg chanel ssp, 13:00, 13:06, True, 1, 57, 14:01, 57/57, null, 28, 5.4, 5.8, [T19T20T4], 30, 18.25 x 8, GAL, clamp move 1:crash 1 @ 14:08;

march 21, oven baffle, 2:19, 2:27, True, 1, 15:06, 50/50, 40, 7, [T3T10T11T16], 15, 26 x 5, GAL, see notes on IO;

march 22, back burner support griddle 48, 9:35, 9:42, null, null, null, 10:24, 23/19, null, nul, null, [T11T14T16], null, 47 x 4, HRS, see notes tool change 1 9:45-9:47;

march 22, oven baffle, 10:26, null, null, null, null, 11:19, null, null,null, null, null, null, null, null, 10:26-10:29 clamp move;

march 22, program operation, 11:22, 11:40, null, null, null, null, null, null, null, null, null, null, null, see notes out time 12:57;

march 22,  oven manifold support 24, 12:57, 13:18, 13:28, false, 2,14:28, 14/12, 4s, null, null, [t11], 2, null, null, see notes more lags and timestamps ;

march 22,  oven manifold support 24 re-run, 2:29, null, null, false, 2,14:38, 14/12, 4s, null, null, [t11], 2, null, null, see notes more lags and timestamps ;



march 22, oven manifold support 36, 14:29, 14:35, 14:38, TYrue, 1, 14:50, 10/10, null, null, null, null, 2, [t11], null, GAL, see notes;


