{
  "data": [
    {
      "type": "strippit",
      "task": "shp back stop 12",
      "start": "2022-03-10 09:43:42.970096",
      "end": "2022-03-10 09:43:46.041968",
      "part_count": "5",
      "time_type": "UpTime",
      "machine": "Strippit",
      "task_type": "Production",
      "error_count": "",
      "error_type": "",
      "tool_change_count": "",
      "debur_time": "",
      "search_dir_time": "",
      "search_book_time": "",
      "name": "",
      "product_class": "",
      "width": "",
      "height": "",
      "material": ""
    },
    {
      "type": "strippit",
      "task": "shp back 12 real",
      "start": "2022-03-10 09:44:00.938240",
      "end": "2022-03-10 10:09:51.618821",
      "part_count": "24",
      "error": "clamp too close",
      "time_type": "UpTime",
      "machine": "Strippit",
      "task_type": "Production",
      "error_count": "",
      "error_type": "",
      "tool_change_count": "",
      "debur_time": "",
      "search_dir_time": "",
      "search_book_time": "",
      "name": "",
      "product_class": "",
      "width": "",
      "height": "",
      "material": ""
    },
    {
      "type": "Strippit",
      "task": "backstop dbl shp 12",
      "start": "2022-03-10 10:16:52.954979",
      "end": "2022-03-10 10:19:11.915089",
      "part_count": "0",
      "setup_finished": "1",
      "time_type": "UpTime",
      "machine": "Strippit",
      "task_type": "Production",
      "error_count": "",
      "error_type": "",
      "tool_change_count": "",
      "debur_time": "",
      "search_dir_time": "",
      "search_book_time": "",
      "name": "",
      "product_class": "",
      "width": "",
      "height": "",
      "material": ""
    },
    {
      "type": "Strippit",
      "task": "samelast",
      "start": "2022-03-10 10:20:53.779099",
      "end": "2022-03-10 10:28:36.315248",
      "part_count": "15",
      "time_type": "UpTime",
      "machine": "Strippit",
      "task_type": "Production",
      "error_count": "",
      "error_type": "",
      "tool_change_count": "",
      "debur_time": "",
      "search_dir_time": "",
      "search_book_time": "",
      "name": "",
      "product_class": "",
      "width": "",
      "height": "",
      "material": ""
    },
    {
      "type": "Strippit",
      "task": "ssp crumb tray",
      "start": "2022-03-10 10:29:27.003313",
      "end": "2022-03-10 10:31:20.091225",
      "part_count": "1",
      "lunch": "start",
      "time_type": "UpTime",
      "machine": "Strippit",
      "task_type": "Production",
      "error_count": "",
      "error_type": "",
      "tool_change_count": "",
      "debur_time": "",
      "search_dir_time": "",
      "search_book_time": "",
      "name": "",
      "product_class": "",
      "width": "",
      "height": "",
      "material": ""
    },
    {
      "type": "Strippit",
      "task": "ssp crumb tray",
      "start": "2022-03-10 11:08:14.155977",
      "end": "2022-03-10 11:31:00.964463",
      "part_count": "28",
      "time_type": "UpTime",
      "machine": "Strippit",
      "task_type": "Production",
      "error_count": "",
      "error_type": "",
      "tool_change_count": "",
      "debur_time": "",
      "search_dir_time": "",
      "search_book_time": "",
      "name": "",
      "product_class": "",
      "width": "",
      "height": "",
      "material": ""
    },
    {
      "type": "Strippit",
      "task": "front manifold support ",
      "start": "2022-03-10 11:36:23.428443",
      "end": "2022-03-10 11:39:30.876853",
      "part_count": "0",
      "setup continued": "confirm part",
      "time_type": "UpTime",
      "machine": "Strippit",
      "task_type": "Production",
      "error_count": "",
      "error_type": "",
      "tool_change_count": "",
      "debur_time": "",
      "search_dir_time": "",
      "search_book_time": "",
      "name": "",
      "product_class": "",
      "width": "",
      "height": "",
      "material": ""
    },
    {
      "type": "Strippit",
      "task": "front manifold support 12",
      "start": "2022-03-10 11:40:03.404657",
      "end": "2022-03-10 12:04:33.349316",
      "part_count": "1",
      "setup continued": "current 16m",
      "time_type": "UpTime",
      "machine": "Strippit",
      "task_type": "Production",
      "error_count": "",
      "error_type": "",
      "tool_change_count": "",
      "debur_time": "",
      "search_dir_time": "",
      "search_book_time": "",
      "name": "",
      "product_class": "",
      "width": "",
      "height": "",
      "material": ""
    },
    {
      "type": "Strippit",
      "task": "front manifold suppoprt 12",
      "start": "2022-03-10 12:08:26.989254",
      "end": "2022-03-10 12:52:28.502221",
      "part_count": "36",
      "theone": "1",
      "time_type": "UpTime",
      "machine": "Strippit",
      "task_type": "Production",
      "error_count": "",
      "error_type": "",
      "tool_change_count": "",
      "debur_time": "",
      "search_dir_time": "",
      "search_book_time": "",
      "name": "",
      "product_class": "",
      "width": "",
      "height": "",
      "material": ""
    },
    {
      "type": "backstop dbl shp confirm part",
      "task": "above",
      "start": "2022-03-10 10:19:55.890947",
      "end": "2022-03-10 10:20:24.283031",
      "part_count": "1",
      "addto": "20",
      "time_type": "UpTime",
      "machine": "Strippit",
      "task_type": "Production",
      "error_count": "",
      "error_type": "",
      "tool_change_count": "",
      "debur_time": "",
      "search_dir_time": "",
      "search_book_time": "",
      "name": "",
      "product_class": "",
      "width": "",
      "height": "",
      "material": ""
    },
    {
      "type": "lunchbreak",
      "task": "start",
      "start": "2022-03-10 10:31:38.187340",
      "end": "2022-03-10 11:07:25.540021",
      "part_count": "0",
      "breakend": "yes",
      "time_type": "UpTime",
      "machine": "Strippit",
      "task_type": "Production",
      "error_count": "",
      "error_type": "",
      "tool_change_count": "",
      "debur_time": "",
      "search_dir_time": "",
      "search_book_time": "",
      "name": "",
      "product_class": "",
      "width": "",
      "height": "",
      "material": ""
    },
    {
      "type": "setup",
      "task": "searchfortask",
      "start": "2022-03-10 11:35:49.260659",
      "end": "2022-03-10 11:35:56.260588",
      "part_count": "0",
      "time_type": "UpTime",
      "machine": "Strippit",
      "task_type": "Production",
      "error_count": "",
      "error_type": "",
      "tool_change_count": "",
      "debur_time": "",
      "search_dir_time": "",
      "search_book_time": "",
      "name": "",
      "product_class": "",
      "width": "",
      "height": "",
      "material": ""
    },
    {
      "type": "Debug",
      "task": "manifold support",
      "start": "2022-03-10 12:05:04.581256",
      "end": "2022-03-10 12:08:07.797456",
      "part_count": "1",
      "ttl": "end",
      "time_type": "UpTime",
      "machine": "Strippit",
      "task_type": "Production",
      "error_count": "",
      "error_type": "",
      "tool_change_count": "",
      "debur_time": "",
      "search_dir_time": "",
      "search_book_time": "",
      "name": "",
      "product_class": "",
      "width": "",
      "height": "",
      "material": ""
    },
    {
      "type": "break",
      "task": "smoke",
      "start": "2022-03-10 12:52:55.246105",
      "end": "2022-03-10 12:54:51.214128",
      "part_count": "0",
      "waterbreak": "1",
      "time_type": "UpTime",
      "machine": "Strippit",
      "task_type": "Production",
      "error_count": "",
      "error_type": "",
      "tool_change_count": "",
      "debur_time": "",
      "search_dir_time": "",
      "search_book_time": "",
      "name": "",
      "product_class": "",
      "width": "",
      "height": "",
      "material": ""
    },
    {
      "type": "break",
      "task": "smoke",
      "start": "2022-03-10 12:55:57.125746",
      "end": "2022-03-10 13:02:20.133906",
      "part_count": "0",
      "time_type": "UpTime",
      "machine": "Strippit",
      "task_type": "Production",
      "error_count": "",
      "error_type": "",
      "tool_change_count": "",
      "debur_time": "",
      "search_dir_time": "",
      "search_book_time": "",
      "name": "",
      "product_class": "",
      "width": "",
      "height": "",
      "material": ""
    },
    {
      "type": "Strippit",
      "task": "manifold support 12 3",
      "start": "2022-03-10 13:02:38.078267",
      "end": "2022-03-10 13:16:30.846582",
      "part_count": "18",
      "time_type": "UpTime",
      "machine": "Strippit",
      "task_type": "Production",
      "error_count": "",
      "error_type": "",
      "tool_change_count": "",
      "debur_time": "",
      "search_dir_time": "",
      "search_book_time": "",
      "name": "",
      "product_class": "",
      "width": "",
      "height": "",
      "material": ""
    },
    {
      "type": "Strippit",
      "task": "inside panel shp",
      "start": "2022-03-10 13:18:20.798236",
      "end": "2022-03-10 13:22:06.262415",
      "part_count": "0",
      "stop for repair": "start",
      "time_type": "UpTime",
      "machine": "Strippit",
      "task_type": "Production",
      "error_count": "",
      "error_type": "",
      "tool_change_count": "",
      "debur_time": "",
      "search_dir_time": "",
      "search_book_time": "",
      "name": "",
      "product_class": "",
      "width": "",
      "height": "",
      "material": ""
    },
    {
      "type": "Strippit",
      "task": "inside panel shp",
      "start": "2022-03-10 13:54:11.319442",
      "end": "2022-03-10 14:03:11.271715",
      "part_count": "1",
      "t type": "setup and move clamps",
      "time_type": "UpTime",
      "machine": "Strippit",
      "task_type": "Production",
      "error_count": "",
      "error_type": "",
      "tool_change_count": "",
      "debur_time": "",
      "search_dir_time": "",
      "search_book_time": "",
      "name": "",
      "product_class": "",
      "width": "",
      "height": "",
      "material": ""
    },
    {
      "type": "Strippit",
      "task": "inside panel shp",
      "start": "2022-03-10 14:03:41.144198",
      "end": "2022-03-10 14:13:34.431822",
      "part_count": "2",
      "additional": "clamp errors",
      "time_type": "UpTime",
      "machine": "Strippit",
      "task_type": "Production",
      "error_count": "",
      "error_type": "",
      "tool_change_count": "",
      "debur_time": "",
      "search_dir_time": "",
      "search_book_time": "",
      "name": "",
      "product_class": "",
      "width": "",
      "height": "",
      "material": ""
    },
    {
      "type": "Repair",
      "task": "change screw",
      "start": "2022-03-10 13:22:40.806707",
      "end": "2022-03-10 13:30:40.374971",
      "part_count": "1",
      "additional": "toolchange 1 tool",
      "time_type": "UpTime",
      "machine": "Strippit",
      "task_type": "Production",
      "error_count": "",
      "error_type": "",
      "tool_change_count": "",
      "debur_time": "",
      "search_dir_time": "",
      "search_book_time": "",
      "name": "",
      "product_class": "",
      "width": "",
      "height": "",
      "material": ""
    },
    {
      "type": "break",
      "task": "break 2",
      "start": "2022-03-10 13:31:17.246967",
      "end": "2022-03-10 13:42:43.063133",
      "part_count": "0",
      "time_type": "UpTime",
      "machine": "Strippit",
      "task_type": "Production",
      "error_count": "",
      "error_type": "",
      "tool_change_count": "",
      "debur_time": "",
      "search_dir_time": "",
      "search_book_time": "",
      "name": "",
      "product_class": "",
      "width": "",
      "height": "",
      "material": ""
    },
    {
      "type": "Setup",
      "task": "tool change for shp inside panel",
      "start": "2022-03-10 13:44:40.247300",
      "end": "2022-03-10 13:50:13.871445",
      "part_count": "1",
      "time_type": "UpTime",
      "machine": "Strippit",
      "task_type": "Production",
      "error_count": "",
      "error_type": "",
      "tool_change_count": "",
      "debur_time": "",
      "search_dir_time": "",
      "search_book_time": "",
      "name": "",
      "product_class": "",
      "width": "",
      "height": "",
      "material": ""
    },
    {
      "type": "Debug",
      "task": "Check punch ",
      "start": "2022-03-10 13:50:50.623461",
      "end": "2022-03-10 13:50:51.991385",
      "part_count": "0",
      "note": "last 2 are unscheduled type",
      "time_type": "UpTime",
      "machine": "Strippit",
      "task_type": "Production",
      "error_count": "",
      "error_type": "",
      "tool_change_count": "",
      "debur_time": "",
      "search_dir_time": "",
      "search_book_time": "",
      "name": "",
      "product_class": "",
      "width": "",
      "height": "",
      "material": ""
    },
    {
      "type": "Debug",
      "task": "check punch thing",
      "start": "2022-03-10 13:51:17.679396",
      "end": "2022-03-10 13:53:53.431529",
      "part_count": "1",
      "time_type": "UpTime",
      "machine": "Strippit",
      "task_type": "Production",
      "error_count": "",
      "error_type": "",
      "tool_change_count": "",
      "debur_time": "",
      "search_dir_time": "",
      "search_book_time": "",
      "name": "",
      "product_class": "",
      "width": "",
      "height": "",
      "material": ""
    },
    {
      "type": "Downtime",
      "task": "program alteration scheduled",
      "start": "2022-03-10 14:14:29.895846",
      "end": "2022-03-10 14:43:23.688318",
      "part_count": "2",
      "add": "i did 2 inbetween before sop",
      "time_type": "UpTime",
      "machine": "Strippit",
      "task_type": "Production",
      "error_count": "",
      "error_type": "",
      "tool_change_count": "",
      "debur_time": "",
      "search_dir_time": "",
      "search_book_time": "",
      "name": "",
      "product_class": "",
      "width": "",
      "height": "",
      "material": ""
    },
    {
      "type": "part",
      "task": "last part",
      "start": "2022-03-10 14:43:48.720373",
      "end": "2022-03-10 14:54:11.128726",
      "part_count": "15",
      "time_type": "UpTime",
      "machine": "Strippit",
      "task_type": "Production",
      "error_count": "",
      "error_type": "",
      "tool_change_count": "",
      "debur_time": "",
      "search_dir_time": "",
      "search_book_time": "",
      "name": "",
      "product_class": "",
      "width": "",
      "height": "",
      "material": ""
    },
    {
      "type": "end ealy",
      "task": "shit to do",
      "start": "2022-03-10 14:54:23.064731",
      "end": "2022-03-10 14:54:24.752577",
      "part_count": "0",
      "time_type": "UpTime",
      "machine": "Strippit",
      "task_type": "Production",
      "error_count": "",
      "error_type": "",
      "tool_change_count": "",
      "debur_time": "",
      "search_dir_time": "",
      "search_book_time": "",
      "name": "",
      "product_class": "",
      "width": "",
      "height": "",
      "material": ""
    }
  ]
}