{
  "Morning":[
    {
      "time_type": "UpTime",
      "machine": "Strippit",
      "task_type": "Production",
      "task": "Big Burner ",
      "start": "2022-03-09 10:04:02.887622",
      "end": "2022-03-09 10:18:52.120384",
      "part_count": "15"
    },
    {
      "time_type": "UpTime",
      "machine": "Strippit",
      "task_type": "Production",
      "task": "tracks hot plate srb shp ",
      "start": "2022-03-09 10:21:34.672670",
      "end": "2022-03-09 10:32:40.965440",
      "part_count": "14"
    }
  ],
  "Lunch":[],
  "After Lunch": [
    {
      "time_type": "DownTime",
      "scheduled": "scheduled",
      "state": "Starting",
      "task": "Resume Session",
      "start": "2022-03-09 11:03:55.302733",
      "end": "2022-03-09 11:03:58.188738"
    },
    {
      "time_type": "UpTime",
      "machine": "Strippit",
      "task_type": "Production",
      "task": "tracks hot plate srb shp",
      "start": "2022-03-09 11:18:12.602239",
      "end": "2022-03-09 11:18:14.053042",
      "part_count": "39"
    },
    {
      "time_type": "UpTime",
      "task_type": "Production",
      "machine": "Strippit",
      "task": "tracks shp",
      "start": "2022-03-09 11:18:47.218700",
      "end": "2022-03-09 12:28:36.403258",
      "part_count": "160",
      "note": "the program is same as previous program but apllies to multiple parts"
    },
    {
      "time_type": "UpTime",
      "machine": "Strippit",
      "task_type": "Setup",
      "action": "De-burr",
      "task": "De-burr for valve cover regular",
      "start": "2022-03-09 12:34:17.841058",
      "end": "2022-03-09 12:39:14.319578",
      "part_count": "22",
      "change type to de-burr": "1 code for this and next is ssp "
    },
    {
      "time_type": "UpTime",
      "machine": "Strippit",
      "task_type": "Production",
      "task": "valve cover regular",
      "start": "2022-03-09 12:49:46.744689",
      "end": "2022-03-09 13:09:58.648418",
      "part_count": "8",
      "see notes": "count probably wrong too"
    },
    {
      "time_type": "DownTime",
      "scheduled": "Unscheduled",
      "state_type": "Searching",
      "task": "dbl ssp jet orific bracket",
      "start": "2022-03-09 13:11:12.748548",
      "end": "2022-03-09 13:15:59.071451",
      "part_count": "0"
    },
    {
      "time_type": "UpTime",
      "type": "Strippit",
      "task_type": "Production",
      "task": "dbl ssp jet orific bracket",
      "start": "2022-03-09 13:23:40.348661",
      "end": "2022-03-09 13:33:05.740454",
      "part_count": "see note"
    },
    {
      "time_type": "UpTime",
      "task_type": "Production",
      "machine": "Strippit",
      "task": "dbl ssp jet orific bracket",
      "start": "2022-03-09 13:44:45.011682",
      "end": "2022-03-09 14:02:46.873582",
      "part_count": "9",
      "yield": "4",
      "notes": "total = part-count * yield"
    },
    {
      "time_type": "DownTime",
      "scheduled": "Unscheduled",
      "task_type": "Setup",
      "state": "Searching",
      "task": "SSP burner connector",
      "start": "2022-03-09 14:05:18.537049",
      "end": "2022-03-09 14:09:35.297900",
      "part_count": "1",
      "search ": "and run",
      "notes": "Time here is search for, identify, test run, confirm"
    },
    {
      "time_type": "UpTime",
      "task_type": "Production",
      "type": "Strippit",
      "task": "SSP burner connector",
      "start": "2022-03-09 14:09:59.711943",
      "end": "2022-03-09 14:34:24.808918",
      "part_count": "11",
      "yield": 4
    },
    {
      "time_type": "UpTime",
      "task_type": "Setup",
      "machine": "Strippit",
      "task": "dbl ssp back spacer",
      "start": "2022-03-09 14:38:06.313707",
      "end": "2022-03-09 14:48:30.580003",
      "part_count": "1",
      "alter t to setup": "1 run and tool change 1",
      "setup_type": "tool change",
      "tools_changed_total": 1
    },
    {
      "time_type": "UpTime",
      "task_type": "Production",
      "machine": "Strippit",
      "task": "dbl ssp back spacer",
      "start": "2022-03-09 14:49:12.809278",
      "end": "2022-03-09 14:54:59.317086",
      "part_count": "1"
    },
    {
      "time_type": "UpTime",
      "task_type": "Production",
      "machine": "Strippit",
      "task": "crumb tray 12",
      "start": "2022-03-09 14:55:49.814375",
      "end": "2022-03-09 15:03:19.048364",
      "part_count": "10"
    },
    {
      "time_type": "UpTime",
      "machine": "Strippit",
      "task": "dbl ssp back spacer",
      "start": "2022-03-09 15:03:49.811618",
      "end": "2022-03-09 15:23:41.045310",
      "part_count": "18"
    },
    {
      "time_type": "DownTime",
      "scheduled": "Unscheduled",
      "task": "debug",
      "repeats": false,
      "state": "error",
      "start": "2022-03-09 12:40:13.584082",
      "end": "2022-03-09 12:49:20.458643"
    },
    {
      "time_type": "DownTime",
      "scheduled": "unscheduled",
      "task": "tool_change",
      "start": "2022-03-09 13:16:20.365488",
      "end": "2022-03-09 13:22:29.540137",
      "part_count": "1",
      "tool": "T7"
    }
  ],
  "Second Break": [
    {
      "time_type": "DownTime",
      "scheduled": "scheduled",
      "task": "Chill",
      "start": "2022-03-09 13:44:19.536837",
      "end": "2022-03-09 13:44:20.940840"
    }
  ]
}