{
  "jobs": [
    {
      "type": "ssp dbl side panel 24 h",
      "task": "Ssp dbl side panel 24 h",
      "start": "2022-03-07 11:58:34.925267",
      "end": "2022-03-07 12:16:35.804365",
      "part_count": "34",
      "time_type": "Uptime",
      "machine": "Strippit",
      "task_type": "Setup",
      "part": {
        "name": "SSP Dbl Side Panel 24",
        "product_class": "SSP",
        "width": "null",
        "height": "null",
        "material": "null",
        "uid": "e5b24da4-dc1c-4f26-8e14-8548e0dad6d4"
      },
      "punch_count": "64",
      "tools": "4,16,2,9,1,14",
      "ideal_time": "39",
      "cycle_time": "49",
      "yield": "1",
      "debur_time": "15",
      "material": "null",
      "size": ""
    },
    {
      "type": "strippit",
      "task": "Valve cover dbll ssp",
      "start": "2022-03-07 11:59:56.389055",
      "end": "2022-03-07 12:26:56.389055",
      "part_count": "0",
      "enddown": "start down is delta from last",
      "reason": "wrong part",
      "time_type": "DownTime",
      "machine": "Strippit",
      "task_type": "Repair",
      "part": {
        "name": "Valve Cover Dbl SSP",
        "product_class": "SSP",
        "width": "n",
        "height": "n",
        "material": "null",
        "uid": "6cea7a3c-96c0-44cc-a002-138c5c101cb5"
      },
      "punch_count": "13",
      "tools": "14,10,11,1",
      "ideal_time": "null",
      "cycle_time": "null",
      "yield": "1",
      "debur_time": "null",
      "material": "null",
      "size": "null"
    },
    {
      "type": "repair",
      "task": "Clamp hose",
      "start": "2022-03-07 12:37:36.192979",
      "end": "2022-03-07 12:39:41.351999",
      "part_count": "0",
      "enddowntime": "reason wrong part",
      "time_type": "DownTime",
      "machine": "Strippit",
      "task_type": "Repair"
    },
    {
      "type": "strippit",
      "task": "Ssp valve cover regular",
      "start": "2022-03-07 12:40:10.414850",
      "end": "2022-03-07 13:07:11.398097",
      "part_count": "45",
      "outputed embeded": "first task from today -> out",
      "time_type": "UpTime",
      "machine": "Strippit",
      "task_type": "Production",
      "part": {
        "name": "SSP Valve Cover Regular",
        "product_class": "SSP",
        "width": "null",
        "height": "null",
        "material": "null",
        "uid": "a53fe196-0f5f-4818-a956-4ef66518e151"
      },
      "punch_count": "13",
      "tools": "14,10,11,1",
      "ideal_time": "34",
      "cycle_time": "44",
      "yield": "1",
      "debur_time": "null",
      "material": "null",
      "size": "null"
    },
    {
      "type": "strippit",
      "task": "Ssp valve cover jet",
      "start": "2022-03-07 13:12:28.901062",
      "end": "2022-03-07 13:21:08.662775",
      "part_count": "9",
      "error": "slug up",
      "time_type": "SSP valve Cover jet",
      "machine": "Strippit ",
      "task_type": "Production",
      "part": {
        "name": "SSP",
        "product_class": "SSP",
        "width": "null",
        "height": "null",
        "material": "null",
        "uid": "e2275c99-6d96-4534-a0c6-b18c2623f199"
      },
      "punch_count": "22",
      "tools": "1,14,12",
      "ideal_time": "39",
      "cycle_time": "55",
      "yield": "1",
      "debur_time": "19",
      "material": "null",
      "size": "null"
    },
    {
      "type": "strippit",
      "task": "Shp valve cover 12",
      "start": "2022-03-07 13:26:26.560133",
      "end": "2022-03-07 13:28:58.863201",
      "part_count": "0",
      "start downtime": "1",
      "time_type": "UpTime",
      "machine": "Strippit",
      "task_type": "Production",
      "part": {
        "name": "Shp Valve Cover 12",
        "product_class": "DBLSHP ",
        "width": "null",
        "height": "null",
        "material": "null",
        "uid": "e58e90ed-a3fd-4b37-a176-f5e9d63a3af2"
      },
      "punch_count": "37",
      "tools": "14,17,10,11,1",
      "ideal_time": "null",
      "cycle_time": "null",
      "yield": "1",
      "debur_time": "null",
      "material": "null",
      "size": "null"
    },
    {
      "type": "search file",
      "task": "Shp valve cover 12",
      "start": "2022-03-07 13:29:29.142854",
      "end": "2022-03-07 13:49:24.728954",
      "part_count": "1",
      "time_type": "DownTime",
      "machine": "Strippit",
      "task_type": "Search"
    },
    {
      "type": "strippit",
      "task": "Shp valve cover 12 dbl",
      "start": "2022-03-07 13:49:58.518613",
      "end": "2022-03-07 13:55:04.606751",
      "part_count": "0",
      "downtime start": "1",
      "time_type": "DownTime",
      "machine": "Strippit",
      "task_type": "Repair"
    },
    {
      "type": "repair",
      "task": "Error t17",
      "start": "2022-03-07 13:55:38.802011",
      "end": "2022-03-07 13:58:34.395919",
      "part_count": "0",
      "time_type": "Downtime",
      "machine": "Strippit",
      "task_type": "Repair"
    },
    {
      "type": "shp valve cover 12 dbl",
      "task": "Shp valve cover 12 dbl",
      "start": "2022-03-07 13:59:02.444769",
      "end": "2022-03-07 14:10:44.102801",
      "part_count": "10",
      "time_type": "Uptime",
      "machine": "Strippit",
      "task_type": "Production",
      "part": {
        "name": "Shp Valve Cover 12 DBL",
        "product_class": "",
        "width": "",
        "height": "",
        "material": "",
        "uid": "45273905-f55a-4ff3-bcdc-045f6d278c85"
      }
    },
    {
      "type": "strippit",
      "task": "Ssp dbl side panel 18 h",
      "start": "2022-03-07 09:32:48.559503",
      "end": "2022-03-07 09:37:45.100424",
      "part_count": "0",
      "time_type": "DownTime",
      "machine": "Strippit",
      "task_type": "Debug",
      "part": {
        "name": "SSP DBL Side Panel 18",
        "product_class": "SSP",
        "width": "null",
        "height": "null",
        "material": "null",
        "uid": "c21ba9a1-fc0f-458f-89b3-4536d22c613b"
      },
      "punch_count": "4,16,2,9,1,14",
      "tools": "64",
      "ideal_time": "49",
      "cycle_time": "64",
      "yield": "1",
      "debur_time": "null",
      "material": "null",
      "size": "null"
    },
    {
      "type": "strippit",
      "task": "Scb valve cover 12 setup",
      "start": "2022-03-07 14:12:18.607767",
      "end": "2022-03-07 14:17:08.347076",
      "part_count": "0",
      "start inspect": "1",
      "time_type": "DownTime",
      "machine": "Strippit",
      "task_type": "Setup",
      "part": {
        "name": "SCB Valve Cover 12",
        "product_class": "SCB",
        "width": "null",
        "height": "null",
        "material": "null",
        "uid": "23a3ab66-8a24-4b91-8a95-61e15eca275b"
      },
      "punch_count": "20",
      "tools": "14,20",
      "ideal_time": "null",
      "cycle_time": "",
      "yield": "",
      "debur_time": "",
      "material": "",
      "size": ""
    },
    {
      "type": "scb valve cover 12 ",
      "task": "Scb valve cover 12 ",
      "start": "2022-03-07 14:17:30.623915",
      "end": "2022-03-07 14:26:31.788865",
      "part_count": "2",
      "cancveld": "code smell",
      "time_type": "Uptime",
      "machine": "Strippit",
      "task_type": "Production"
    },
    {
      "type": "strippit",
      "task": "Shp or smg valve cover",
      "start": "2022-03-07 14:28:13.781845",
      "end": "2022-03-07 14:42:58.537399",
      "part_count": "11",
      "time_type": "UpTime",
      "machine": "Strippit",
      "task_type": "Production",
      "part": {
        "name": "SHP valve Cover",
        "product_class": "SHP",
        "width": "",
        "height": "",
        "material": "",
        "uid": "288b4929-f39b-42c3-8954-f3235617acbb"
      },
      "punch_count": "22",
      "tools": "14,17,10",
      "ideal_time": "",
      "cycle_time": "",
      "yield": "",
      "debur_time": "",
      "material": "",
      "size": ""
    },
    {
      "type": "strippit",
      "task": "Valve cover 12 shp ",
      "start": "2022-03-07 14:44:58.142809",
      "end": "2022-03-07 14:50:51.592630",
      "part_count": "0",
      "wrong program": "scrap 1",
      "punch_count": "",
      "tools": "",
      "ideal_time": "",
      "cycle_time": "",
      "yield": "",
      "debur_time": "",
      "material": "",
      "size": ""
    },
    {
      "type": "scb valve cover 1`2",
      "task": "Scb valve cover 12",
      "start": "2022-03-07 14:51:28.268294",
      "end": "2022-03-07 15:05:36.940985",
      "part_count": "9",
      "time_type": "Uptime",
      "machine": "Strippit",
      "task_type": "Production",
      "part": {
        "name": "SCB ValveCover 12",
        "product_class": "SCB",
        "width": "",
        "height": "",
        "material": "",
        "uid": "434a3c0e-ed8d-4136-9b7b-0fd4a79c406c"
      }
    },
    {
      "type": "strippit",
      "task": "Ssp dbl sidew panel 18 h",
      "start": "2022-03-07 09:38:08.999666",
      "end": "2022-03-07 09:53:20.462467",
      "part_count": "1",
      "setup": "1",
      "time_type": "Uptime",
      "machine": "Strippit",
      "task_type": "Setp",
      "part": {
        "name": "SSP DBL panel 18",
        "product_class": "SSP",
        "width": "",
        "height": "",
        "material": "",
        "uid": "b74974f4-1c30-46c2-858e-f7035e6099bc"
      }
    },
    {
      "type": "strippit",
      "task": "Ssp dbl side panel 18 h",
      "start": "2022-03-07 09:53:55.843329",
      "end": "2022-03-07 10:14:26.935091",
      "part_count": "22",
      "scrap": "1",
      "time_type": "Uptime",
      "machine": "Strippit",
      "task_type": "Production",
      "part": {
        "name": "SSP DBL Side Panel 18",
        "product_class": "SSP",
        "width": "",
        "height": "",
        "material": "",
        "uid": "323f3378-f4ae-4b64-9910-da4b7bc24db8"
      },
      "punch_count": "64",
      "tools": "4,16,2,9,14",
      "ideal_time": "",
      "cycle_time": "",
      "yield": "",
      "debur_time": "",
      "material": "",
      "size": ""
    },
    {
      "type": "strippit",
      "task": "Ssp dbl side panel 24 h",
      "start": "2022-03-07 10:15:12.986372",
      "end": "2022-03-07 10:27:42.848489",
      "part_count": "0",
      "time_type": "Downtime",
      "machine": "Strippit",
      "task_type": "Setup",
      "part": {
        "name": "SSP DBL side Panel 24",
        "product_class": "SSP",
        "width": "",
        "height": "",
        "material": "",
        "uid": "884aa255-3443-4d79-998f-8092aeb2092a"
      },
      "punch_count": "13",
      "tools": "14,10,11,1",
      "ideal_time": "",
      "cycle_time": "",
      "yield": "",
      "debur_time": "",
      "material": "",
      "size": ""
    },
    {
      "type": "repair",
      "task": "Strippit hose broke",
      "start": "2022-03-07 10:27:57.216114",
      "end": "2022-03-07 11:08:35.749997",
      "part_count": "0",
      "plus lunch": "1",
      "time_type": "Downtime",
      "machine": "Strippit",
      "task_type": "ScheduledDownTime"
    },
    {
      "type": "ssp dbl side panel 24 h",
      "task": "Ssp dbl side panel 24 h",
      "start": "2022-03-07 11:09:01.755243",
      "end": "2022-03-07 11:34:36.439139",
      "part_count": "use totals",
      "downstart": "1",
      "time_type": "Downtime",
      "machine": "Strippit",
      "task_type": "Repair"
    },
    {
      "type": "downtime",
      "task": "Strippit",
      "start": "2022-03-07 11:35:12.553202",
      "end": "2022-03-07 11:42:59.968824",
      "part_count": "0"
    },
    {
      "type": "ssp dbl side panel 24 h",
      "task": "Ssp dbl side panel 24 h",
      "start": "2022-03-07 11:43:15.802852",
      "end": "2022-03-07 11:51:02.836473",
      "part_count": "use total",
      "down start": "1",
      "time_type": "UpTime",
      "machine": "Strippit",
      "task_type": "Production"
    },
    {
      "type": "ssp dbl side panel 24 h",
      "task": "Downend",
      "start": "2022-03-07 11:51:45.736548",
      "end": "2022-03-07 11:58:23.069246",
      "part_count": "0"
    }
  ]
}