{
  "DataType": [
    "MachineOperationFact"
  ],
  "fsdate": [
    "2022-03-23"
  ],
  "start_time": [
    "11:53"
  ],
  "end_time": [
    "13:00"
  ],
  "setup_start_time": [
    "11:54"
  ],
  "setup_end_time": [
    "12:06"
  ],
  "tc_start_time": [
    ""
  ],
  "tc_end_time": [
    ""
  ],
  "fsdatetime": [
    ""
  ],
  "error_severity_tag": [
    "Critical"
  ],
  "error_score": [
    "5"
  ],
  "repair_description": [
    "removed clamps and replaced bottom part "
  ],
  "repair_lag_minutes": [
    "19"
  ],
  "product_name": [
    "CRB"
  ],
  "product_category": [
    "Char Rock Broiler"
  ],
  "part_name": [
    "Outside Panel CRB"
  ],
  "part_size": [
    "25x14"
  ],
  "part_height": [
    "14"
  ],
  "part_width": [
    "25"
  ],
  "part_material": [
    "Stainless Steal"
  ],
  "part_material_gage": [
    "0"
  ],
  "part_material_steel_type": [
    ""
  ],
  "punch_count": [
    "21"
  ],
  "tool_change_count": [
    "0"
  ],
  "event_duration_minutes": [
    "0"
  ],
  "tools": [
    "9,5,1,14"
  ],
  "part_flip": [
    "0"
  ],
  "error_string": [
    ""
  ],
  "good_parts_produced": [
    "14"
  ],
  "scrap_parts_produce": [
    "17"
  ],
  "amount_parts_input": [
    "17"
  ],
  "amount_parts_output": [
    "14"
  ],
  "program_errors_count": [
    "3"
  ],
  "interrupts_count": [
    "3"
  ],
  "total_process_lag_minutes": [
    "9"
  ],
  "time_until_first_pass_minutes": [
    "4"
  ],
  "parts_until_first_good": [
    "1"
  ],
  "inspect_time_lag_minutes": [
    "4"
  ],
  "error_resolution_lag_minutes": [
    "5"
  ],
  "setup_lag_minutes": [
    "0"
  ],
  "cycle_time_lag_seconds": [
    "0"
  ],
  "program_run_time_lag_seconds": [
    "36.6"
  ],
  "debur_time_lag_seconds": [
    "9"
  ],
  "program_load_unload_lag_seconds": [
    "7"
  ],
  "csrfmiddlewaretoken": [
    "Idf12Uz5AkcItmJHbAVFSjsTHCNhr9miHVL1l6pSjxaVblqwfyrkBygQ0iACnq"
  ]
}
