{
 
 
  "4": [
    {
      "Morning": [
        {
          "time_type": "UpTime",
          "machine": "Strippit",
          "task_type": "Production",
          "task": "Big Burner ",
          "start": "2022-03-09 10:04:02.887622",
          "end": "2022-03-09 10:18:52.120384",
          "part_count": "15"
        },
        {
          "time_type": "UpTime",
          "machine": "Strippit",
          "task_type": "Production",
          "task": "tracks hot plate srb shp ",
          "start": "2022-03-09 10:21:34.672670",
          "end": "2022-03-09 10:32:40.965440",
          "part_count": "14"
        }
      ],
      "After Lunch": [
        {
          "time_type": "DownTime",
          "scheduled": "scheduled",
          "state": "Starting",
          "task": "Resume Session",
          "start": "2022-03-09 11:03:55.302733",
          "end": "2022-03-09 11:03:58.188738"
        },
        {
          "time_type": "UpTime",
          "machine": "Strippit",
          "task_type": "Production",
          "task": "tracks hot plate srb shp",
          "start": "2022-03-09 11:18:12.602239",
          "end": "2022-03-09 11:18:14.053042",
          "part_count": "39"
        },
        {
          "time_type": "UpTime",
          "task_type": "Production",
          "machine": "Strippit",
          "task": "tracks shp",
          "start": "2022-03-09 11:18:47.218700",
          "end": "2022-03-09 12:28:36.403258",
          "part_count": "160",
          "note": "the program is same as previous program but apllies to multiple parts"
        },
        {
          "time_type": "UpTime",
          "machine": "Strippit",
          "task_type": "Setup",
          "action": "De-burr",
          "task": "De-burr for valve cover regular",
          "start": "2022-03-09 12:34:17.841058",
          "end": "2022-03-09 12:39:14.319578",
          "part_count": "22",
          "change type to de-burr": "1 code for this and next is ssp "
        },
        {
          "time_type": "UpTime",
          "machine": "Strippit",
          "task_type": "Production",
          "task": "valve cover regular",
          "start": "2022-03-09 12:49:46.744689",
          "end": "2022-03-09 13:09:58.648418",
          "part_count": "8",
          "see notes": "count probably wrong too"
        },
        {
          "time_type": "DownTime",
          "scheduled": "Unscheduled",
          "state_type": "Searching",
          "task": "dbl ssp jet orific bracket",
          "start": "2022-03-09 13:11:12.748548",
          "end": "2022-03-09 13:15:59.071451",
          "part_count": "0"
        },
        {
          "time_type": "UpTime",
          "type": "Strippit",
          "task_type": "Production",
          "task": "dbl ssp jet orific bracket",
          "start": "2022-03-09 13:23:40.348661",
          "end": "2022-03-09 13:33:05.740454",
          "part_count": "see note"
        },
        {
          "time_type": "UpTime",
          "task_type": "Production",
          "machine": "Strippit",
          "task": "dbl ssp jet orific bracket",
          "start": "2022-03-09 13:44:45.011682",
          "end": "2022-03-09 14:02:46.873582",
          "part_count": "9",
          "yield": "4"
        },
        {
          "time_type": "DownTime",
          "scheduled": "Unscheduled",
          "task_type": "Setup",
          "state": "Searching",
          "task": "SSP burner connector",
          "start": "2022-03-09 14:05:18.537049",
          "end": "2022-03-09 14:09:35.297900",
          "part_count": "1",
          "search ": "and run",
          "notes": "Time here is search for, identify, test run, confirm"
        },
        {
          "time_type": "UpTime",
          "task_type": "Production",
          "type": "Strippit",
          "task": "SSP burner connector",
          "start": "2022-03-09 14:09:59.711943",
          "end": "2022-03-09 14:34:24.808918",
          "part_count": "11",
          "yield": 4
        },
        {
          "time_type": "UpTime",
          "task_type": "Setup",
          "machine": "Strippit",
          "task": "dbl ssp back spacer",
          "start": "2022-03-09 14:38:06.313707",
          "end": "2022-03-09 14:48:30.580003",
          "part_count": "1",
          "alter t to setup": "1 run and tool change 1",
          "setup_type": "tool change",
          "tools_changed_total": 1
        },
        {
          "time_type": "UpTime",
          "task_type": "Production",
          "machine": "Strippit",
          "task": "dbl ssp back spacer",
          "start": "2022-03-09 14:49:12.809278",
          "end": "2022-03-09 14:54:59.317086",
          "part_count": "1"
        },
        {
          "time_type": "UpTime",
          "task_type": "Production",
          "machine": "Strippit",
          "task": "crumb tray 12",
          "start": "2022-03-09 14:55:49.814375",
          "end": "2022-03-09 15:03:19.048364",
          "part_count": "10"
        },
        {
          "time_type": "UpTime",
          "machine": "Strippit",
          "task": "dbl ssp back spacer",
          "start": "2022-03-09 15:03:49.811618",
          "end": "2022-03-09 15:23:41.045310",
          "part_count": "18"
        },
        {
          "time_type": "DownTime",
          "scheduled": "Unscheduled",
          "task": "debug",
          "repeats": false,
          "state": "error",
          "start": "2022-03-09 12:40:13.584082",
          "end": "2022-03-09 12:49:20.458643"
        },
        {
          "time_type": "DownTime",
          "scheduled": "unscheduled",
          "task": "tool_change",
          "start": "2022-03-09 13:16:20.365488",
          "end": "2022-03-09 13:22:29.540137",
          "part_count": "1",
          "tool": "T7"
        }
      ]
    }
  ],
  "2": [
    {
      "STRIPPIT": [
        {
          "type": "STRIPPIT",
          "task": "MONDAY CONTINUE",
          "start": "2022-03-14 12:45:51.158965",
          "end": "2022-03-14 12:49:07.044509",
          "part_count": "8"
        }
      ],
      "strippit": [
        {
          "type": "strippit",
          "task": "landing ledge 36",
          "start": "2022-03-14 12:49:20.351332",
          "end": "2022-03-14 12:54:07.875437",
          "part_count": "8"
        }
      ]
    },
    {
      "STRIPPIT": [
        {
          "type": "STRIPPIT",
          "task": "MONDAY CONTINUE",
          "start": "2022-03-14 12:45:51.158965",
          "end": "2022-03-14 12:49:07.044509",
          "part_count": "8"
        }
      ],
      "strippit": [
        {
          "type": "strippit",
          "task": "landing ledge 36",
          "start": "2022-03-14 12:49:20.351332",
          "end": "2022-03-14 12:54:07.875437",
          "part_count": "8"
        }
      ]
    },
    {
      "strippit": [
        {
          "type": "strippit",
          "task": "oven griddle baffle 48",
          "start": "2022-03-15 14:35:12.337532",
          "end": "2022-03-15 14:36:09.371232",
          "part_count": "0"
        },
        {
          "type": "strippit",
          "task": "oven griddle bafflel 48",
          "start": "2022-03-15 14:44:46.075340",
          "end": "2022-03-15 14:59:10.847259",
          "part_count": "0",
          "down": "start"
        }
      ],
      "Down": [
        {
          "type": "Down",
          "task": "computer crash",
          "start": "2022-03-15 14:36:27.077263",
          "end": "2022-03-15 14:44:17.464890",
          "part_count": "0"
        },
        {
          "type": "Down",
          "task": "Maintain",
          "start": "2022-03-15 14:59:31.595295",
          "end": "2022-03-15 15:21:51.684050",
          "part_count": "0",
          "describe": "grinding die"
        }
      ]
    },
    {
      "DayStart": [
        {
          "type": "DayStart",
          "task": "day",
          "start": "2022-03-15 09:00:36.407379",
          "end": "2022-03-15 09:00:41.726988",
          "part_count": "0"
        }
      ],
      "Strippit": [
        {
          "type": "Strippit",
          "task": "back flue panel smg all ",
          "start": "2022-03-15 09:09:20.613902",
          "end": "2022-03-15 10:06:50.332762",
          "part_count": "14",
          "scrap": "1"
        },
        {
          "type": "Strippit",
          "task": "before oven base",
          "start": "2022-03-15 10:10:13.601119",
          "end": "2022-03-15 10:10:15.254722",
          "part_count": "0",
          "till now is part search or task search": "1"
        }
      ]
    },
    {
      "Repair": [
        {
          "type": "Repair",
          "task": "description for repair",
          "start": "2022-03-15 11:55:56.023861",
          "end": "2022-03-15 11:55:57.755465",
          "part_count": "2",
          "part": "clamps",
          "fault": "screw ",
          "resolved": "True",
          "steps": "n",
          "step1": "remove",
          "step2": "weld back togther part"
        }
      ],
      "t": [
        {
          "type": "t",
          "task": "t",
          "start": "2022-03-15 11:57:13.165997",
          "end": "2022-03-15 11:57:14.273599",
          "part_count": "0"
        }
      ]
    }
  ],
  "7": [
    {
      "Monday": [
        {
          "type": "Monday",
          "task": "DayStart",
          "start": "2022-03-14 08:31:08.910217",
          "end": "2022-03-14 08:33:56.510332",
          "part_count": "0"
        }
      ],
      "Back liner 36 SRB": [
        {
          "type": "Back liner 24 RANGE",
          "task": "Strippit",
          "start": "2022-03-14 08:34:15.566215",
          "end": "2022-03-14 09:14:54.175115",
          "part_count": "13",
          "additional": "sheer-hgelp"
        }
      ],
      "Strippit": [
        {
          "type": "Strippit",
          "task": "waiting _for_next",
          "start": "2022-03-14 09:22:09.279399",
          "end": "2022-03-14 09:33:30.687455",
          "part_count": "0"
        },
        {
          "type": "Strippit",
          "task": "valve cover thewrmo 48",
          "start": "2022-03-14 09:42:21.351805",
          "end": "2022-03-14 09:52:58.184098",
          "part_count": "6",
          "tool_change": "1"
        },
        {
          "type": "Strippit",
          "task": "valvecover thermo 76 smg",
          "start": "2022-03-14 10:05:59.440264",
          "end": "2022-03-14 10:12:55.176298",
          "part_count": "3"
        },
        {
          "type": "Strippit",
          "task": "High Front Range 24",
          "start": "2022-03-14 11:03:46.321391",
          "end": "2022-03-14 11:25:37.489687",
          "part_count": "6",
          "tool_change": "3"
        },
        {
          "type": "Strippit",
          "task": "landing ledge 72 Ends here",
          "start": "2022-03-14 12:23:21.899040",
          "end": "2022-03-14 12:23:24.843086",
          "part_count": "6",
          "scrap ": "1",
          "time is delta from last": "1"
        },
        {
          "type": "Strippit",
          "task": "landing ledge 48 End here",
          "start": "2022-03-14 12:34:58.195300",
          "end": "2022-03-14 12:35:04.443171",
          "part_count": "6"
        },
        {
          "type": "Strippit",
          "task": "landing ledge 60 griddle ",
          "start": "2022-03-14 12:37:07.147462",
          "end": "2022-03-14 12:42:15.411489",
          "part_count": "2"
        }
      ],
      "strippit": [
        {
          "type": "strippit",
          "task": "valve cover thermo 36 SMG",
          "start": "2022-03-14 09:33:41.991655",
          "end": "2022-03-14 09:40:21.343773",
          "part_count": "5"
        },
        {
          "type": "strippit",
          "task": "valve cover 60",
          "start": "2022-03-14 09:55:22.744104",
          "end": "2022-03-14 10:03:46.544112",
          "part_count": "6"
        },
        {
          "type": "strippit",
          "task": "high front 24 range",
          "start": "2022-03-14 10:16:18.216517",
          "end": "2022-03-14 10:31:35.712973",
          "part_count": "0",
          "tool change": "3",
          "completed ": "2"
        }
      ],
      "Lunch": [
        {
          "type": "Lunch",
          "task": "Start",
          "start": "2022-03-14 10:32:02.976715",
          "end": "2022-03-14 11:03:20.281496",
          "part_count": "0"
        }
      ],
      "sheer 2": [
        {
          "type": "sheer 2",
          "task": "Oven front 60 range ENDS here",
          "start": "2022-03-14 11:53:36.458507",
          "end": "2022-03-14 11:53:38.610480",
          "part_count": "6",
          "ends he4re": "1"
        }
      ],
      "Last add 2": [
        {
          "type": "Last add 2",
          "task": "landing 48",
          "start": "2022-03-14 12:36:47.187229",
          "end": "2022-03-14 12:36:49.395355",
          "part_count": "2"
        }
      ]
    },
    {
      "Monday": [
        {
          "type": "Monday",
          "task": "DayStart",
          "start": "2022-03-14 08:31:08.910217",
          "end": "2022-03-14 08:33:56.510332",
          "part_count": "0"
        }
      ],
      "Back liner 36 SRB": [
        {
          "type": "Back liner 24 RANGE",
          "task": "Strippit",
          "start": "2022-03-14 08:34:15.566215",
          "end": "2022-03-14 09:14:54.175115",
          "part_count": "13",
          "additional": "sheer-hgelp"
        }
      ],
      "Strippit": [
        {
          "type": "Strippit",
          "task": "waiting _for_next",
          "start": "2022-03-14 09:22:09.279399",
          "end": "2022-03-14 09:33:30.687455",
          "part_count": "0"
        },
        {
          "type": "Strippit",
          "task": "valve cover thewrmo 48",
          "start": "2022-03-14 09:42:21.351805",
          "end": "2022-03-14 09:52:58.184098",
          "part_count": "6",
          "tool_change": "1"
        },
        {
          "type": "Strippit",
          "task": "valvecover thermo 76 smg",
          "start": "2022-03-14 10:05:59.440264",
          "end": "2022-03-14 10:12:55.176298",
          "part_count": "3"
        },
        {
          "type": "Strippit",
          "task": "High Front Range 24",
          "start": "2022-03-14 11:03:46.321391",
          "end": "2022-03-14 11:25:37.489687",
          "part_count": "6",
          "tool_change": "3"
        },
        {
          "type": "Strippit",
          "task": "landing ledge 72 Ends here",
          "start": "2022-03-14 12:23:21.899040",
          "end": "2022-03-14 12:23:24.843086",
          "part_count": "6",
          "scrap ": "1",
          "time is delta from last": "1"
        },
        {
          "type": "Strippit",
          "task": "landing ledge 48 End here",
          "start": "2022-03-14 12:34:58.195300",
          "end": "2022-03-14 12:35:04.443171",
          "part_count": "6"
        },
        {
          "type": "Strippit",
          "task": "landing ledge 60 griddle ",
          "start": "2022-03-14 12:37:07.147462",
          "end": "2022-03-14 12:42:15.411489",
          "part_count": "2"
        }
      ],
      "strippit": [
        {
          "type": "strippit",
          "task": "valve cover thermo 36 SMG",
          "start": "2022-03-14 09:33:41.991655",
          "end": "2022-03-14 09:40:21.343773",
          "part_count": "5"
        },
        {
          "type": "strippit",
          "task": "valve cover 60",
          "start": "2022-03-14 09:55:22.744104",
          "end": "2022-03-14 10:03:46.544112",
          "part_count": "6"
        },
        {
          "type": "strippit",
          "task": "high front 24 range",
          "start": "2022-03-14 10:16:18.216517",
          "end": "2022-03-14 10:31:35.712973",
          "part_count": "0",
          "tool change": "3",
          "completed ": "2"
        }
      ],
      "Lunch": [
        {
          "type": "Lunch",
          "task": "Start",
          "start": "2022-03-14 10:32:02.976715",
          "end": "2022-03-14 11:03:20.281496",
          "part_count": "0"
        }
      ],
      "sheer 2": [
        {
          "type": "sheer 2",
          "task": "Oven front 60 range ENDS here",
          "start": "2022-03-14 11:53:36.458507",
          "end": "2022-03-14 11:53:38.610480",
          "part_count": "6",
          "ends he4re": "1"
        }
      ],
      "Last add 2": [
        {
          "type": "Last add 2",
          "task": "landing 48",
          "start": "2022-03-14 12:36:47.187229",
          "end": "2022-03-14 12:36:49.395355",
          "part_count": "2"
        }
      ]
    },
    {
      "type": "strippit",
      "task": "Valve cover dbll ssp",
      "start": "2022-03-07 12:26:52.957049",
      "end": "2022-03-07 12:26:56.389055",
      "part_count": "0",
      "enddown": "start down is delta from last",
      "reason": "wrong part"
    },
    {
      "type": "dbl ssp back panel 24 ",
      "task": "Dbl ssp back panel 24 ",
      "start": "2022-03-08 10:26:38.573316",
      "end": "2022-03-08 10:31:27.532623",
      "part_count": "2",
      "break": "start",
      "note": "check next for actual number"
    }
  ],
  "6": [
    {
      "punch_count": "95",
      "ideal_time": "1m59s",
      "tools": "2,4,14,10,11",
      "size": "72x11",
      "material": "HR",
      "uid": "46f2da23"
    },
    {
      "punch_count": "60",
      "ideal_time": "2m3s",
      "tools": "8,1,3,7,11",
      "size": "22x66",
      "material": "20Gss",
      "uid": "27f2c62a"
    },
    {
      "punch_count": "2",
      "ideal_time": "32s",
      "tools": "16,11",
      "size": "48x12.7",
      "material": "20Gs",
      "uid": "35023ce0"
    },
    {
      "punch_count": "4",
      "ideal_time": "34s",
      "tools": "16,11",
      "size": "72x12.7",
      "material": "20Gss",
      "uid": "662c3acb"
    },
    {
      "punch_count": "20",
      "ideal_time": "41S",
      "tools": "1,14,9,16,17",
      "size": "36X6.5",
      "material": "20Gss",
      "uid": "256fbeff"
    },
    {
      "punch_count": "46",
      "ideal_time": "1M21S",
      "tools": "2,11,1,14,4,5,3",
      "size": "26.5X22",
      "material": "ALS",
      "uid": "0e3993ae"
    },
    {
      "punch_count": "95",
      "ideal_time": "1m59s",
      "tools": "2,4,14,10,11",
      "size": "72x11",
      "material": "HR",
      "uid": "46f2da23"
    },
    {
      "punch_count": "60",
      "ideal_time": "2m3s",
      "tools": "8,1,3,7,11",
      "size": "22x66",
      "material": "20Gss",
      "uid": "27f2c62a"
    },
    {
      "punch_count": "2",
      "ideal_time": "32s",
      "tools": "16,11",
      "size": "48x12.7",
      "material": "20Gs",
      "uid": "35023ce0"
    },
    {
      "punch_count": "4",
      "ideal_time": "34s",
      "tools": "16,11",
      "size": "72x12.7",
      "material": "20Gss",
      "uid": "662c3acb"
    },
    {
      "punch_count": "20",
      "ideal_time": "41S",
      "tools": "1,14,9,16,17",
      "size": "36X6.5",
      "material": "20Gss",
      "uid": "256fbeff"
    },
    {
      "punch_count": "",
      "ideal_time": "",
      "tools": "",
      "size": "",
      "material": "",
      "uid": "58f2e927"
    },
    {
      "type": "repair",
      "task": "Clamp hose",
      "start": "2022-03-07 12:37:36.192979",
      "end": "2022-03-07 12:39:41.351999",
      "part_count": "0",
      "enddowntime": "reason wrong part"
    },
    {
      "type": "strippit",
      "task": "Ssp valve cover regular",
      "start": "2022-03-07 12:40:10.414850",
      "end": "2022-03-07 13:07:11.398097",
      "part_count": "45",
      "outputed embeded": "first task from today -> out"
    },
    {
      "type": "strippit",
      "task": "Ssp valve cover jet",
      "start": "2022-03-07 13:12:28.901062",
      "end": "2022-03-07 13:21:08.662775",
      "part_count": "9",
      "error": "slug up"
    },
    {
      "type": "strippit",
      "task": "Shp valve cover 12",
      "start": "2022-03-07 13:26:26.560133",
      "end": "2022-03-07 13:28:58.863201",
      "part_count": "0",
      "start downtime": "1"
    },
    {
      "type": "strippit",
      "task": "Shp valve cover 12 dbl",
      "start": "2022-03-07 13:49:58.518613",
      "end": "2022-03-07 13:55:04.606751",
      "part_count": "0",
      "downtime start": "1"
    },
    {
      "type": "strippit",
      "task": "Scb valve cover 12 setup",
      "start": "2022-03-07 14:12:18.607767",
      "end": "2022-03-07 14:17:08.347076",
      "part_count": "0",
      "start inspect": "1"
    },
    {
      "type": "scb valve cover 12 ",
      "task": "Scb valve cover 12 ",
      "start": "2022-03-07 14:17:30.623915",
      "end": "2022-03-07 14:26:31.788865",
      "part_count": "2",
      "cancveld": "code smell"
    },
    {
      "type": "strippit",
      "task": "Valve cover 12 shp ",
      "start": "2022-03-07 14:44:58.142809",
      "end": "2022-03-07 14:50:51.592630",
      "part_count": "0",
      "wrong program": "scrap 1"
    },
    {
      "type": "strippit",
      "task": "Ssp dbl sidew panel 18 h",
      "start": "2022-03-07 09:38:08.999666",
      "end": "2022-03-07 09:53:20.462467",
      "part_count": "1",
      "setup": "1"
    },
    {
      "type": "strippit",
      "task": "Ssp dbl side panel 18 h",
      "start": "2022-03-07 09:53:55.843329",
      "end": "2022-03-07 10:14:26.935091",
      "part_count": "22",
      "scrap": "1"
    },
    {
      "type": "repair",
      "task": "Strippit hose broke",
      "start": "2022-03-07 10:27:57.216114",
      "end": "2022-03-07 11:08:35.749997",
      "part_count": "0",
      "plus lunch": "1"
    },
    {
      "type": "ssp dbl side panel 24 h",
      "task": "Ssp dbl side panel 24 h",
      "start": "2022-03-07 11:09:01.755243",
      "end": "2022-03-07 11:34:36.439139",
      "part_count": "use totals",
      "downstart": "1"
    },
    {
      "type": "ssp dbl side panel 24 h",
      "task": "Ssp dbl side panel 24 h",
      "start": "2022-03-07 11:43:15.802852",
      "end": "2022-03-07 11:51:02.836473",
      "part_count": "use total",
      "down start": "1"
    },
    {
      "punch_count": "41",
      "ideal_time": "58s",
      "tools": "1,9,8,3,11",
      "size": "41x9",
      "material": "18gGAL",
      "uid": "05affb95"
    },
    {
      "punch_count": "46",
      "ideal_time": "1M21S",
      "tools": "2,11,1,14,4,5,3",
      "size": "26.5X22",
      "material": "ALS",
      "uid": "0e3993ae"
    },
    {
      "punch_count": "hebroke",
      "ideal_time": "removed",
      "tools": "",
      "size": "",
      "material": "",
      "uid": "08d2d81f"
    },
    {
      "punch_count": "79",
      "ideal_time": "1m46s",
      "tools": "4,9,19,14",
      "size": "60x27",
      "material": "HR",
      "uid": "5075332d"
    },
    {
      "punch_count": "?",
      "ideal_time": "29s",
      "tools": "?",
      "size": "30x10",
      "material": "SS",
      "uid": "5ea62afb"
    },
    {
      "type": "strippit",
      "task": "Dbl ssp leg chanel ",
      "start": "2022-03-08 11:25:31.901522",
      "end": "2022-03-08 11:43:06.057773",
      "part_count": "15",
      "a little bit extra tim,e cause was distracted after finish": "1"
    },
    {
      "type": "strippit",
      "task": "Ssp back panel 18 h setup",
      "start": "2022-03-08 11:44:42.980743",
      "end": "2022-03-08 11:53:42.991292",
      "part_count": "1",
      "error downtime": "error caxis about half the time"
    },
    {
      "type": "strippit",
      "task": "Ssp back panel 18 h ",
      "start": "2022-03-08 11:54:21.133359",
      "end": "2022-03-08 12:20:20.044097",
      "part_count": "0",
      "see notes for count": "1"
    },
    {
      "type": "error",
      "task": "Back panel ssp 24 h debug",
      "start": "2022-03-08 12:35:19.619677",
      "end": "2022-03-08 12:45:37.739563",
      "part_count": "0",
      "error wron part": "1"
    },
    {
      "type": "strippit",
      "task": "Dbl ssp back panel 18 h",
      "start": "2022-03-08 08:58:12.161595",
      "end": "2022-03-08 09:26:57.968626",
      "part_count": "1",
      "setup finished": "1"
    },
    {
      "type": "strippit",
      "task": "Dbl ssp back panel 18 h",
      "start": "2022-03-08 09:27:26.048676",
      "end": "2022-03-08 10:02:05.025927",
      "part_count": "22",
      "see paper notes": "1"
    },
    {
      "type": "dbbl ssp back panel 24 ",
      "task": "Dbbl ssp back panel 24 ",
      "start": "2022-03-08 10:06:06.373951",
      "end": "2022-03-08 10:24:35.052299",
      "part_count": "6",
      "downtime": "start"
    },
    {
      "type": "strippit",
      "task": "Dbl ssp leg chanel setup",
      "start": "2022-03-08 11:19:19.435267",
      "end": "2022-03-08 11:24:52.823453",
      "part_count": "1",
      "setup including inspect ideal": "1"
    }
  ],
  "9": [
    {
      "punch_count": 50,
      "ideal_time": "null",
      "tools": [
        3,
        7,
        1,
        11,
        8
      ],
      "size": "30x22.5 ",
      "material": "SS",
      "uid": "fc14b634",
      "debur_time": "11s",
      "unload_time": "14s",
      "cycle_time": "51s"
    }
  ],
  "8": [
    {
      "punch_count": "23",
      "ideal_time": "44",
      "cycle_time": "0",
      "tools": "14,17,20,9,16",
      "in": "6",
      "out": "6",
      "tool_change": "1",
      "uid": "acf60e70"
    },
    {
      "punch_count": "31",
      "ideal_time": "null",
      "cycle_time": "null",
      "tools": "14,17,9,20,1",
      "in": "6",
      "out": "67",
      "tool_change": "n",
      "uid": "a3e563d8"
    },
    {
      "punch_count": "31",
      "ideal_time": "null",
      "cycle_time": "null",
      "tools": "14,17,9,20,16,1",
      "in": "null",
      "out": "null",
      "tool_change": "n",
      "uid": "47e0e6f7"
    },
    {
      "punch_count": "23",
      "ideal_time": "44",
      "cycle_time": "0",
      "tools": "14,17,20,9,16",
      "in": "6",
      "out": "6",
      "tool_change": "1",
      "uid": "acf60e70"
    },
    {
      "punch_count": "31",
      "ideal_time": "null",
      "cycle_time": "null",
      "tools": "14,17,9,20,1",
      "in": "6",
      "out": "67",
      "tool_change": "n",
      "uid": "a3e563d8"
    },
    {
      "punch_count": "31",
      "ideal_time": "null",
      "cycle_time": "null",
      "tools": "14,17,9,20,16,1",
      "in": "null",
      "out": "null",
      "tool_change": "n",
      "uid": "47e0e6f7"
    },
    {
      "Strippit": [
        {
          "type": "Strippit",
          "task": "inside panel shp",
          "start": "2022-03-10 13:18:20.798236",
          "end": "2022-03-10 13:22:06.262415",
          "part_count": "0",
          "stop for repair": "start"
        },
        {
          "type": "Strippit",
          "task": "inside panel shp",
          "start": "2022-03-10 13:54:11.319442",
          "end": "2022-03-10 14:03:11.271715",
          "part_count": "1",
          "t type": "setup and move clamps"
        },
        {
          "type": "Strippit",
          "task": "inside panel shp",
          "start": "2022-03-10 14:03:41.144198",
          "end": "2022-03-10 14:13:34.431822",
          "part_count": "2",
          "additional": "clamp errors"
        }
      ],
      "Repair": [
        {
          "type": "Repair",
          "task": "change screw",
          "start": "2022-03-10 13:22:40.806707",
          "end": "2022-03-10 13:30:40.374971",
          "part_count": "1",
          "additional": "toolchange 1 tool"
        }
      ],
      "break": [
        {
          "type": "break",
          "task": "break 2",
          "start": "2022-03-10 13:31:17.246967",
          "end": "2022-03-10 13:42:43.063133",
          "part_count": "0"
        }
      ],
      "Setup": [
        {
          "type": "Setup",
          "task": "toolchange for shp inside panel",
          "start": "2022-03-10 13:44:40.247300",
          "end": "2022-03-10 13:50:13.871445",
          "part_count": "1"
        }
      ],
      "Debug": [
        {
          "type": "Debug",
          "task": "Check punch ",
          "start": "2022-03-10 13:50:50.623461",
          "end": "2022-03-10 13:50:51.991385",
          "part_count": "0",
          "note": "last 2 are unscheduled type"
        },
        {
          "type": "Debug",
          "task": "check punch thing",
          "start": "2022-03-10 13:51:17.679396",
          "end": "2022-03-10 13:53:53.431529",
          "part_count": "1"
        }
      ],
      "Downtime": [
        {
          "type": "Downtime",
          "task": "program alteration scheduled",
          "start": "2022-03-10 14:14:29.895846",
          "end": "2022-03-10 14:43:23.688318",
          "part_count": "2",
          "add": "i did 2 inbetween before sop"
        }
      ],
      "part": [
        {
          "type": "part",
          "task": "last part",
          "start": "2022-03-10 14:43:48.720373",
          "end": "2022-03-10 14:54:11.128726",
          "part_count": "15"
        }
      ],
      "end ealy": [
        {
          "type": "end ealy",
          "task": "shit to do",
          "start": "2022-03-10 14:54:23.064731",
          "end": "2022-03-10 14:54:24.752577",
          "part_count": "0"
        }
      ]
    },
    {
      "Strippit": [
        {
          "type": "Strippit",
          "task": "Oven base 60",
          "start": "2022-03-15 10:11:29.789254",
          "end": "2022-03-15 10:31:14.611335",
          "part_count": "2",
          "start lunch": "1"
        }
      ],
      "lunch end": [
        {
          "type": "lunch end",
          "task": "lunch end",
          "start": "2022-03-15 11:09:19.266547",
          "end": "2022-03-15 11:09:20.576950",
          "part_count": "0",
          "start clamp move": "1"
        }
      ],
      "Oven base 60": [
        {
          "type": "Oven base 60",
          "task": "Oven base 60",
          "start": "2022-03-15 11:09:53.493008",
          "end": "2022-03-15 11:44:51.727893",
          "part_count": "11"
        }
      ],
      "strippit": [
        {
          "type": "strippit",
          "task": "outside panel hot plate part search",
          "start": "2022-03-15 11:46:40.148083",
          "end": "2022-03-15 11:47:54.731814",
          "part_count": "0"
        }
      ],
      "outside panel shp": [
        {
          "type": "outside panel shp",
          "task": "outside panel shp",
          "start": "2022-03-15 11:48:20.908660",
          "end": "2022-03-15 11:49:02.467133",
          "part_count": "0"
        }
      ],
      "Repair": [
        {
          "type": "Repair",
          "task": "clamp screw broke",
          "start": "2022-03-15 11:49:18.706762",
          "end": "2022-03-15 12:03:53.509500",
          "part_count": "2"
        }
      ],
      "shp back panel": [
        {
          "type": "shp back panel",
          "task": "strippit",
          "start": "2022-03-15 12:04:07.908325",
          "end": "2022-03-15 12:13:11.272880",
          "part_count": "0",
          "clamp error": "1"
        }
      ],
      "repair": [
        {
          "type": "repair",
          "task": "hose broke",
          "start": "2022-03-15 12:13:27.652909",
          "end": "2022-03-15 12:29:15.650974",
          "part_count": "1"
        }
      ]
    }
  ],
  "5": [
    {
      "type": "ssp dbl side panel 24 h",
      "task": "Ssp dbl side panel 24 h",
      "start": "2022-03-07 11:58:34.925267",
      "end": "2022-03-07 12:16:35.804365",
      "part_count": "34"
    },
    {
      "type": "search file",
      "task": "Shp valve cover 12",
      "start": "2022-03-07 13:29:29.142854",
      "end": "2022-03-07 13:49:24.728954",
      "part_count": "1"
    },
    {
      "type": "repair",
      "task": "Error t17",
      "start": "2022-03-07 13:55:38.802011",
      "end": "2022-03-07 13:58:34.395919",
      "part_count": "0"
    },
    {
      "type": "shp valve cover 12 dbl",
      "task": "Shp valve cover 12 dbl",
      "start": "2022-03-07 13:59:02.444769",
      "end": "2022-03-07 14:10:44.102801",
      "part_count": "10"
    },
    {
      "type": "strippit",
      "task": "Ssp dbl side panel 18 h",
      "start": "2022-03-07 09:32:48.559503",
      "end": "2022-03-07 09:37:45.100424",
      "part_count": "0"
    },
    {
      "type": "strippit",
      "task": "Shp or smg valve cover",
      "start": "2022-03-07 14:28:13.781845",
      "end": "2022-03-07 14:42:58.537399",
      "part_count": "11"
    },
    {
      "type": "scb valve cover 1`2",
      "task": "Scb valve cover 12",
      "start": "2022-03-07 14:51:28.268294",
      "end": "2022-03-07 15:05:36.940985",
      "part_count": "9"
    },
    {
      "type": "strippit",
      "task": "Ssp dbl side panel 24 h",
      "start": "2022-03-07 10:15:12.986372",
      "end": "2022-03-07 10:27:42.848489",
      "part_count": "0"
    },
    {
      "type": "downtime",
      "task": "Strippit",
      "start": "2022-03-07 11:35:12.553202",
      "end": "2022-03-07 11:42:59.968824",
      "part_count": "0"
    },
    {
      "type": "ssp dbl side panel 24 h",
      "task": "Downend",
      "start": "2022-03-07 11:51:45.736548",
      "end": "2022-03-07 11:58:23.069246",
      "part_count": "0"
    },
    {
      "type": "strippit",
      "task": "Back panel ssp 24 h",
      "start": "2022-03-08 12:22:21.459110",
      "end": "2022-03-08 12:34:50.010825",
      "part_count": "0"
    },
    {
      "type": "strippit",
      "task": "Back panel ssp 24 h ",
      "start": "2022-03-08 12:46:01.326804",
      "end": "2022-03-08 13:22:36.110259",
      "part_count": "40"
    },
    {
      "type": "break",
      "task": "Break",
      "start": "2022-03-08 13:22:51.538686",
      "end": "2022-03-08 13:48:36.799400",
      "part_count": "0"
    },
    {
      "type": "strippit",
      "task": "Dbl ssp back panel 24 setup",
      "start": "2022-03-08 10:03:08.814439",
      "end": "2022-03-08 10:05:52.349527",
      "part_count": "1"
    },
    {
      "type": "dbbl ssp back panel 24 down",
      "task": "Dbbl ssp back panel 24 down",
      "start": "2022-03-08 10:25:22.632382",
      "end": "2022-03-08 10:26:08.855263",
      "part_count": "0"
    },
    {
      "type": "dbbl ssp back panel 24 ",
      "task": "",
      "start": "2022-03-08 10:32:17.499511",
      "end": "2022-03-08 10:32:20.619516",
      "part_count": "0"
    },
    {
      "type": "dbbl ssp back panel 24 break end",
      "task": "Dbbl ssp back panel 24 ",
      "start": "2022-03-08 11:06:08.186278",
      "end": "2022-03-08 11:18:20.123963",
      "part_count": "20"
    }
  ]
}