[{"type": "strippit", "task": "ssp_front_cross_support", "start": "2022-03-04 11:40:23.850472", "end": "2022-03-04 13:31:23.664171", "errors": [{"name": "turret fault", "description": "Turret popped out"}], "part_count": 80, "error_count": 1, "tool_change_count": 1, "tool_changes": [{"from": "T04"}]}, {"type": "strippit", "task": "srb_valve_cover_36", "start": "2022-03-04 09:48:23.340517", "end": "2022-03-04 10:05:24.689911", "part_count": 6, "tool_change_count": 1, "tool_changes": [{"from": "T11"}], "code_change_count": 1, "setup_end": "9:57"}, {"type": "strippit", "task": "burner_hangover_stock_pot", "start": "2022-03-04 14:04:58.227111", "end": "2022-03-04 15:02:47.142804", "setup_end": "14:21", "part_count": 10, "tool_change_count": 1, "tool_changes": [{"from": "T09"}]}, {"type": "strippit", "task": "Dbl ssp leg chanel ", "start": "2022-03-08 11:25:31.901522", "end": "2022-03-08 11:43:06.057773", "part_count": "15", "a little bit extra tim,e cause was distracted after finish": "1"}, {"type": "ssp dbl side panel 24 h", "task": "Ssp dbl side panel 24 h", "start": "2022-03-07 11:58:34.925267", "end": "2022-03-07 12:16:35.804365", "part_count": "34"}, {"type": "strippit", "task": "Ssp back panel 18 h setup", "start": "2022-03-08 11:44:42.980743", "end": "2022-03-08 11:53:42.991292", "part_count": "1", "error downtime": "error caxis about half the time"}, {"type": "strippit", "task": "Valve cover dbll ssp", "start": "2022-03-07 12:26:52.957049", "end": "2022-03-07 12:26:56.389055", "part_count": "0", "enddown": "start down is delta from last", "reason": "wrong part"}, {"type": "repair", "task": "Clamp hose", "start": "2022-03-07 12:37:36.192979", "end": "2022-03-07 12:39:41.351999", "part_count": "0", "enddowntime": "reason wrong part"}, {"type": "strippit", "task": "Ssp back panel 18 h ", "start": "2022-03-08 11:54:21.133359", "end": "2022-03-08 12:20:20.044097", "part_count": "0", "see notes for count": "1"}, {"type": "strippit", "task": "Back panel ssp 24 h", "start": "2022-03-08 12:22:21.459110", "end": "2022-03-08 12:34:50.010825", "part_count": "0"}, {"type": "strippit", "task": "Ssp valve cover regular", "start": "2022-03-07 12:40:10.414850", "end": "2022-03-07 13:07:11.398097", "part_count": "45", "outputed embeded": "first task from today -> out"}, {"type": "error", "task": "Back panel ssp 24 h debug", "start": "2022-03-08 12:35:19.619677", "end": "2022-03-08 12:45:37.739563", "part_count": "0", "error wron part": "1"}, {"type": "strippit", "task": "Ssp valve cover jet", "start": "2022-03-07 13:12:28.901062", "end": "2022-03-07 13:21:08.662775", "part_count": "9", "error": "slug up"}, {"type": "strippit", "task": "Back panel ssp 24 h ", "start": "2022-03-08 12:46:01.326804", "end": "2022-03-08 13:22:36.110259", "part_count": "40"}, {"type": "strippit", "task": "Shp valve cover 12", "start": "2022-03-07 13:26:26.560133", "end": "2022-03-07 13:28:58.863201", "part_count": "0", "start downtime": "1"}, {"type": "break", "task": "Break", "start": "2022-03-08 13:22:51.538686", "end": "2022-03-08 13:48:36.799400", "part_count": "0"}, {"type": "search file", "task": "Shp valve cover 12", "start": "2022-03-07 13:29:29.142854", "end": "2022-03-07 13:49:24.728954", "part_count": "1"}, {"type": "strippit", "task": "Shp valve cover 12 dbl", "start": "2022-03-07 13:49:58.518613", "end": "2022-03-07 13:55:04.606751", "part_count": "0", "downtime start": "1"}, {"type": "repair", "task": "Error t17", "start": "2022-03-07 13:55:38.802011", "end": "2022-03-07 13:58:34.395919", "part_count": "0"}, {"type": "shp valve cover 12 dbl", "task": "Shp valve cover 12 dbl", "start": "2022-03-07 13:59:02.444769", "end": "2022-03-07 14:10:44.102801", "part_count": "10"}, {"type": "strippit", "task": "Dbl ssp back panel 18 h", "start": "2022-03-08 08:58:12.161595", "end": "2022-03-08 09:26:57.968626", "part_count": "1", "setup finished": "1"}, {"type": "strippit", "task": "Ssp dbl side panel 18 h", "start": "2022-03-07 09:32:48.559503", "end": "2022-03-07 09:37:45.100424", "part_count": "0"}, {"type": "strippit", "task": "Scb valve cover 12 setup", "start": "2022-03-07 14:12:18.607767", "end": "2022-03-07 14:17:08.347076", "part_count": "0", "start inspect": "1"}, {"type": "scb valve cover 12 ", "task": "Scb valve cover 12 ", "start": "2022-03-07 14:17:30.623915", "end": "2022-03-07 14:26:31.788865", "part_count": "2", "cancveld": "code smell"}, {"type": "strippit", "task": "Shp or smg valve cover", "start": "2022-03-07 14:28:13.781845", "end": "2022-03-07 14:42:58.537399", "part_count": "11"}, {"type": "strippit", "task": "Valve cover 12 shp ", "start": "2022-03-07 14:44:58.142809", "end": "2022-03-07 14:50:51.592630", "part_count": "0", "wrong program": "scrap 1"}, {"type": "scb valve cover 1`2", "task": "Scb valve cover 12", "start": "2022-03-07 14:51:28.268294", "end": "2022-03-07 15:05:36.940985", "part_count": "9"}, {"type": "strippit", "task": "back_manifold_support_bracket", "start": "2022-03-03 09:31:04.803210", "end": "2022-03-03 11:52:02.661266", "part_count": 36, "setup_end": "09:50", "tool_change_count": 2}, {"type": "strippit", "task": "Dbl ssp back panel 18 h", "start": "2022-03-08 09:27:26.048676", "end": "2022-03-08 10:02:05.025927", "part_count": "22", "see paper notes": "1"}, {"type": "strippit", "task": "inside_panel_srb", "start": "2022-03-04 11:08:42.300732", "end": "2022-03-04 11:38:29.689471", "part_count": "19", "errors": "1", "scraped": "1"}, {"type": "strippit", "task": "Ssp dbl sidew panel 18 h", "start": "2022-03-07 09:38:08.999666", "end": "2022-03-07 09:53:20.462467", "part_count": "1", "setup": "1"}, {"type": "strippit", "task": "Dbl ssp back panel 24 setup", "start": "2022-03-08 10:03:08.814439", "end": "2022-03-08 10:05:52.349527", "part_count": "1"}, {"type": "strippit", "task": "inside_panel_shp_single", "start": "2022-03-03 11:57:21.650627", "end": "2022-03-03 13:04:45.505329", "part_count": 1, "scrap": 1, "setup_end": "13:01", "tool_change_count": 3}, {"type": "strippit", "task": "Ssp dbl side panel 18 h", "start": "2022-03-07 09:53:55.843329", "end": "2022-03-07 10:14:26.935091", "part_count": "22", "scrap": "1"}, {"type": "dbbl ssp back panel 24 ", "task": "Dbbl ssp back panel 24 ", "start": "2022-03-08 10:06:06.373951", "end": "2022-03-08 10:24:35.052299", "part_count": "6", "downtime": "start"}, {"type": "strippit", "task": "Ssp dbl side panel 24 h", "start": "2022-03-07 10:15:12.986372", "end": "2022-03-07 10:27:42.848489", "part_count": "0"}, {"type": "dbbl ssp back panel 24 down", "task": "Dbbl ssp back panel 24 down", "start": "2022-03-08 10:25:22.632382", "end": "2022-03-08 10:26:08.855263", "part_count": "0"}, {"type": "repair", "task": "Strippit hose broke", "start": "2022-03-07 10:27:57.216114", "end": "2022-03-07 11:08:35.749997", "part_count": "0", "plus lunch": "1"}, {"type": "dbl ssp back panel 24 ", "task": "Dbl ssp back panel 24 ", "start": "2022-03-08 10:26:38.573316", "end": "2022-03-08 10:31:27.532623", "part_count": "2", "break": "start", "note": "check next for actual number"}, {"type": "strippit", "task": "inside_panel_shp_single", "start": "2022-03-03 13:59:46.802728", "end": "2022-03-03 14:24:41.581754", "setup_end": "13:03", "part_count": 12, "scrap": 1, "tool_change_count": 3}, {"type": "ssp dbl side panel 24 h", "task": "Ssp dbl side panel 24 h", "start": "2022-03-07 11:09:01.755243", "end": "2022-03-07 11:34:36.439139", "part_count": "use totals", "downstart": "1"}, {"type": "dbbl ssp back panel 24 ", "task": "", "start": "2022-03-08 10:32:17.499511", "end": "2022-03-08 10:32:20.619516", "part_count": "0"}, {"type": "strip", "task": "back flue panel", "start": "2022-03-03 14:35:30.371293", "end": "2022-03-03 14:59:14.996995", "setup_end": "14:44", "part_count": 6, "tool_change_count": 3}, {"type": "downtime", "task": "Strippit", "start": "2022-03-07 11:35:12.553202", "end": "2022-03-07 11:42:59.968824", "part_count": "0"}, {"type": "dbbl ssp back panel 24 break end", "task": "Dbbl ssp back panel 24 ", "start": "2022-03-08 11:06:08.186278", "end": "2022-03-08 11:18:20.123963", "part_count": "20"}, {"type": "ssp dbl side panel 24 h", "task": "Ssp dbl side panel 24 h", "start": "2022-03-07 11:43:15.802852", "end": "2022-03-07 11:51:02.836473", "part_count": "use total", "down start": "1"}, {"type": "strippit", "task": "Dbl ssp leg chanel setup", "start": "2022-03-08 11:19:19.435267", "end": "2022-03-08 11:24:52.823453", "part_count": "1", "setup including inspect ideal": "1"}, {"type": "ssp dbl side panel 24 h", "task": "Downend", "start": "2022-03-07 11:51:45.736548", "end": "2022-03-07 11:58:23.069246", "part_count": "0"}, {"type": "downtime", "task": "compressor_waiting", "start": "2022-03-02 12:50:20.354746", "end": "2022-03-02 12:50:22.170850"}, {"task": "job1", "start": "2022-03-02 10:05:34.338299", "end": "2022-03-02 10:05:36.129401"}, {"task": "landing_ledge_36_tchange", "start": "2022-03-02 10:45:53.729680", "end": "2022-03-02 10:55:23.874290", "part_count": 0}, {"task": "test", "start": "2022-03-02 10:10:20.857687", "end": "2022-03-02 10:10:21.945749", "part_count": "4"}, {"type": "downtime", "task": "waiting_compressor", "start": "2022-03-02 12:49:30.122873", "end": "2022-03-02 12:49:33.866087", "part_count": 0, "extra": []}, {"task": "back_burner_support_36", "start": "2022-03-02 10:11:06.082273", "end": "2022-03-02 10:21:59.217630", "part_count": 1}, {"type": "downtime", "task": "compressor_waiting", "start": "2022-03-02 12:50:20.354746", "end": "2022-03-02 12:50:22.170850", "part_count": 0, "extra": []}, {"type": "strippt", "task": "cross_support_12", "start": "2022-03-02 13:16:43.746311", "end": "2022-03-02 14:31:59.530599", "part_count": 45}, {"task": "landing_ledge_36", "start": "2022-03-02 10:55:44.938495", "end": "2022-03-02 11:02:13.753734", "part_count": 5}, {"task": "back_burner_support_36", "start": "2022-03-02 10:22:14.601510", "end": "2022-03-02 10:42:15.674208", "part_count": 14}, {"type": "strippit", "task": "high_front_36_low_range", "start": "2022-03-02 14:34:18.890570", "end": "2022-03-02 15:13:16.659283", "part_count": 0, "tool_change_count": 1, "code_change_count": 2}, {"task": "landing_ledge_48", "start": "2022-03-02 11:02:47.889686", "end": "2022-03-02 11:10:25.473859", "part_count": 5}, {"task": "landing_ledge_48_after_lunch", "start": "2022-03-02 11:44:23.826446", "end": "2022-03-02 11:46:47.562667", "part_count": 2}, {"type": "strippit", "task": "ssp_valve_cover", "start": "2022-03-02 15:52:20.931368", "end": "2022-03-02 15:52:23.555518", "part_count": 0}, {"type": "strippit", "task": "ssp_valve_cover_jet", "start": "2022-03-02 14:36:58.067492", "end": "2022-03-02 15:10:02.000000", "part_count": 10}, {"type": "strippit", "task": "inside_panel_srb", "start": "2022-03-04 11:08:42.300732", "end": "2022-03-04 11:38:29.689471", "part_count": "19", "error_count": 2, "scrap": 1, "tool_change_count": 3}, {"type": "strippit", "task": "griddle_baffle_60", "start": "2022-03-04 09:14:51.592184", "end": "2022-03-04 09:46:28.773916", "setup_end": "09:28", "part_count": "6"}, {"type": "Repair", "task": "Strippit turret fault repair", "start": "2022-03-04 12:11:48.380582", "end": "2022-03-04 12:21:55.611648"}, {"type": "strippit_maintaince", "task": "maintainence_01922398jfI", "start": "2022-03-03 13:47:33.133439", "end": "2022-03-03 13:58:41.501013"}, {"time_type": "UpTime", "machine": "Strippit", "task_type": "Setup", "action": "De-burr", "task": "valve cover regular 12", "start": "2022-03-09 12:34:17.841058", "end": "2022-03-09 12:39:14.319578", "part_count": "22"}, {"type": "", "task": "", "start": "2022-03-04 08:54:39.594855", "end": "2022-03-04 08:54:43.541662", "part_count": ""}, {"type": "test", "task": "g", "start": "2022-03-07 09:16:58.642635", "end": "2022-03-07 09:17:00.764238", "part_count": "4"}, {"type": "strippit", "task": "srb_valve_cover_36", "start": "2022-03-04 11:07:46.686634", "end": "2022-03-04 11:08:23.705499", "part_count": "0"}, {"type": "d", "task": "test", "start": "2022-03-04 08:51:06.436080", "end": "2022-03-04 08:51:08.542084", "part_count": "99", "kk": "vv"}, {"type": "test", "task": "testname", "start": "2022-03-03 09:47:54.365385", "end": "2022-03-03 09:47:56.128188", "part_count": "10", "key": "value"}, {"type": "", "task": "", "start": "2022-03-04 08:54:45.975266", "end": "2022-03-04 08:54:51.450876", "part_count": "0"}, {"type": "strippit", "task": "griddle_baffle_60", "start": "2022-03-04 09:01:54.149218", "end": "2022-03-04 09:02:42.977304", "part_count": "0", "note": "break start"}, {"type": "strippit", "task": "ssp_front_cross_support", "start": "2022-03-04 11:40:23.850472", "end": "2022-03-04 12:10:06.762003", "part_count": "0", "error": "turret fault", "tool chaneg": "4", "tc count ": "1", "notess": "downtime for error"}, {"type": "3", "task": "fff", "start": "2022-03-03 13:46:44.804555", "end": "2022-03-03 13:46:46.598558", "part_count": "0"}, {"type": "strippit", "task": "griddle_baffle_60", "start": "2022-03-04 09:14:51.592184", "end": "2022-03-04 09:46:28.773916", "part_count": "6", "ordered by": "mm"}, {"type": "strippit debug and repair", "task": "turret fault", "start": "2022-03-04 12:11:48.380582", "end": "2022-03-04 12:21:55.611648", "part_count": "0"}, {"type": "strippit", "task": "front_cross_support_ssp", "start": "2022-03-04 12:23:25.998207", "end": "2022-03-04 13:31:23.664171", "part_count": "81", "stop ": "for break"}, {"type": "strippit_maintaince", "task": "maintainence_1", "start": "2022-03-03 13:47:33.133439", "end": "2022-03-03 13:58:41.501013", "part_count": "1", "t": "f"}, {"type": "strippit", "task": "srb_valve_cover_36", "start": "2022-03-04 09:48:23.340517", "end": "2022-03-04 10:05:24.689911", "part_count": "6", "tools_used": "t14,10,t11,tO1", "tchange": "1", "tchangetarget": "13->14", "setupendtime": "9.57"}, {"type": "strippit", "task": "burner_hangover_stock_pot", "start": "2022-03-04 14:04:58.227111", "end": "2022-03-04 15:02:47.142804", "part_count": "10", "notes": "see paper notes"}, {"type": "strippit", "task": "Dbl ssp leg chanel ", "start": "2022-03-08 11:25:31.901522", "end": "2022-03-08 11:42", "part_count": "15", "time_type": "UpTime", "machine": "Strippit", "task_type": "Production"}, {"type": "strippit", "task": "Ssp back panel 18 h setup", "start": "2022-03-08 11:44:42.980743", "end": "2022-03-08 11:53:42.991292", "part_count": "1", "error downtime": "error caxis about half the time", "time_type": "UpTime", "machine": "Strippit", "task_type": "Production"}, {"type": "strippit", "task": "Ssp back panel 18 h ", "start": "2022-03-08 11:54:21.133359", "end": "2022-03-08 12:20:20.044097", "part_count": "0", "see notes for count": "1", "time_type": "UpTime", "machine": "Strippit", "task_type": "Production"}, {"type": "strippit", "task": "Back panel ssp 24 h", "start": "2022-03-08 12:22:21.459110", "end": "2022-03-08 12:34:50.010825", "part_count": "0", "time_type": "UpTime", "machine": "Strippit", "task_type": "Production"}, {"type": "error", "task": "Back panel ssp 24 h debug", "start": "2022-03-08 12:35:19.619677", "end": "2022-03-08 12:45:37.739563", "part_count": "0", "error wron part": "1", "time_type": "UpTime", "machine": "Strippit", "task_type": "Production"}, {"type": "strippit", "task": "Back panel ssp 24 h ", "start": "2022-03-08 12:46:01.326804", "end": "2022-03-08 13:22:36.110259", "part_count": "40", "time_type": "UpTime", "machine": "Strippit", "task_type": "Production"}, {"type": "break", "task": "Break", "start": "2022-03-08 13:22:51.538686", "end": "2022-03-08 13:48:36.799400", "part_count": "0", "time_type": "UpTime", "machine": "Strippit", "task_type": "Production"}, {"type": "strippit", "task": "Dbl ssp back panel 18 h", "start": "2022-03-08 08:58:12.161595", "end": "2022-03-08 09:26:57.968626", "part_count": "1", "setup finished": "1", "time_type": "UpTime", "machine": "Strippit", "task_type": "Production"}, {"type": "strippit", "task": "Dbl ssp back panel 18 h", "start": "2022-03-08 09:27:26.048676", "end": "2022-03-08 10:02:05.025927", "part_count": "22", "see paper notes": "1", "time_type": "UpTime", "machine": "Strippit", "task_type": "Production"}, {"type": "strippit", "task": "Dbbl ssp back panel 24 setup", "start": "2022-03-08 10:03:08.814439", "end": "2022-03-08 10:05:52.349527", "part_count": "1", "time_type": "UpTime", "machine": "Strippit", "task_type": "Production"}, {"type": "dbbl ssp back panel 24 ", "task": "Dbbl ssp back panel 24 ", "start": "2022-03-08 10:06:06.373951", "end": "2022-03-08 10:24:35.052299", "part_count": "6", "downtime": "start", "time_type": "UpTime", "machine": "Strippit", "task_type": "Production"}, {"type": "dbbl ssp back panel 24 down", "task": "Dbbl ssp back panel 24 down", "start": "2022-03-08 10:25:22.632382", "end": "2022-03-08 10:26:08.855263", "part_count": "0", "time_type": "UpTime", "machine": "Strippit", "task_type": "Production"}, {"type": "dbbl ssp back panel 24 ", "task": "Dbbl ssp back panel 24 ", "start": "2022-03-08 10:26:38.573316", "end": "2022-03-08 10:31:27.532623", "part_count": "2", "break": "start", "note": "check next for actual number", "time_type": "UpTime", "machine": "Strippit", "task_type": "Production"}, {"type": "dbbl ssp back panel 24 ", "task": "", "start": "2022-03-08 10:32:17.499511", "end": "2022-03-08 10:32:20.619516", "part_count": "0", "time_type": "UpTime", "machine": "Strippit", "task_type": "Production"}, {"type": "dbbl ssp back panel 24 break end", "task": "Dbbl ssp back panel 24 ", "start": "2022-03-08 11:06:08.186278", "end": "2022-03-08 11:18:20.123963", "part_count": "20", "time_type": "UpTime", "machine": "Strippit", "task_type": "Production"}, {"type": "strippit", "task": "Dbl ssp leg chanel setup", "start": "2022-03-08 11:19:19.435267", "end": "2022-03-08 11:24:52.823453", "part_count": "1", "setup including inspect ideal": "1", "time_type": "UpTime", "machine": "Strippit", "task_type": "Production"}, {"type": "ssp dbl side panel 24 h", "task": "Ssp dbl side panel 24 h", "start": "2022-03-07 11:58:34.925267", "end": "2022-03-07 12:16:35.804365", "part_count": "34", "time_type": "UpTime", "machine": "Strippit", "task_type": "Production"}, {"type": "strippit", "task": "Valve cover dbll ssp", "start": "2022-03-07 12:26:52.957049", "end": "2022-03-07 12:26:56.389055", "part_count": "0", "enddown": "start down is delta from last", "reason": "wrong part", "time_type": "UpTime", "machine": "Strippit", "task_type": "Production"}, {"type": "repair", "task": "Clamp hose", "start": "2022-03-07 12:37:36.192979", "end": "2022-03-07 12:39:41.351999", "part_count": "0", "enddowntime": "reason wrong part", "time_type": "UpTime", "machine": "Strippit", "task_type": "Production"}, {"type": "strippit", "task": "Ssp valve cover regular", "start": "2022-03-07 12:40:10.414850", "end": "2022-03-07 13:07:11.398097", "part_count": "45", "outputed embeded": "first task from today -> out", "time_type": "UpTime", "machine": "Strippit", "task_type": "Production"}, {"type": "strippit", "task": "Ssp valve cover jet", "start": "2022-03-07 13:12:28.901062", "end": "2022-03-07 13:21:08.662775", "part_count": "9", "error": "slug up", "time_type": "UpTime", "machine": "Strippit", "task_type": "Production"}, {"type": "strippit", "task": "Shp valve cover 12", "start": "2022-03-07 13:26:26.560133", "end": "2022-03-07 13:28:58.863201", "part_count": "0", "start downtime": "1", "time_type": "UpTime", "machine": "Strippit", "task_type": "Production"}, {"type": "search file", "task": "Shp valve cover 12", "start": "2022-03-07 13:29:29.142854", "end": "2022-03-07 13:49:24.728954", "part_count": "1", "time_type": "UpTime", "machine": "Strippit", "task_type": "Production"}, {"type": "strippit", "task": "Shp valve cover 12 dbl", "start": "2022-03-07 13:49:58.518613", "end": "2022-03-07 13:55:04.606751", "part_count": "0", "downtime start": "1", "time_type": "UpTime", "machine": "Strippit", "task_type": "Production"}, {"type": "repair", "task": "Error t17", "start": "2022-03-07 13:55:38.802011", "end": "2022-03-07 13:58:34.395919", "part_count": "0", "time_type": "UpTime", "machine": "Strippit", "task_type": "Production"}, {"type": "shp valve cover 12 dbl", "task": "Shp valve cover 12 dbl", "start": "2022-03-07 13:59:02.444769", "end": "2022-03-07 14:10:44.102801", "part_count": "10", "time_type": "UpTime", "machine": "Strippit", "task_type": "Production"}, {"type": "strippit", "task": "Ssp dbl side panel 18 h", "start": "2022-03-07 09:32:48.559503", "end": "2022-03-07 09:37:45.100424", "part_count": "0", "time_type": "UpTime", "machine": "Strippit", "task_type": "Production"}, {"type": "strippit", "task": "Scb valve cover 12 setup", "start": "2022-03-07 14:12:18.607767", "end": "2022-03-07 14:17:08.347076", "part_count": "0", "start inspect": "1", "time_type": "UpTime", "machine": "Strippit", "task_type": "Production"}, {"type": "scb valve cover 12 ", "task": "Scb valve cover 12 ", "start": "2022-03-07 14:17:30.623915", "end": "2022-03-07 14:26:31.788865", "part_count": "2", "cancveld": "code smell", "time_type": "UpTime", "machine": "Strippit", "task_type": "Production"}, {"type": "strippit", "task": "Shp or smg valve cover", "start": "2022-03-07 14:28:13.781845", "end": "2022-03-07 14:42:58.537399", "part_count": "11", "time_type": "UpTime", "machine": "Strippit", "task_type": "Production"}, {"type": "strippit", "task": "Valve cover 12 shp ", "start": "2022-03-07 14:44:58.142809", "end": "2022-03-07 14:50:51.592630", "part_count": "0", "wrong program": "scrap 1", "time_type": "UpTime", "machine": "Strippit", "task_type": "Production"}, {"type": "scb valve cover 1`2", "task": "Scb valve cover 12", "start": "2022-03-07 14:51:28.268294", "end": "2022-03-07 15:05:36.940985", "part_count": "9", "time_type": "UpTime", "machine": "Strippit", "task_type": "Production"}, {"type": "strippit", "task": "Ssp dbl sidew panel 18 h", "start": "2022-03-07 09:38:08.999666", "end": "2022-03-07 09:53:20.462467", "part_count": "1", "setup": "1", "time_type": "UpTime", "machine": "Strippit", "task_type": "Production"}, {"type": "strippit", "task": "Ssp dbl side panel 18 h", "start": "2022-03-07 09:53:55.843329", "end": "2022-03-07 10:14:26.935091", "part_count": "22", "scrap": "1", "time_type": "UpTime", "machine": "Strippit", "task_type": "Production"}, {"type": "strippit", "task": "Ssp dbl side panel 24 h", "start": "2022-03-07 10:15:12.986372", "end": "2022-03-07 10:27:42.848489", "part_count": "0", "time_type": "UpTime", "machine": "Strippit", "task_type": "Production"}, {"type": "repair", "task": "Strippit hose broke", "start": "2022-03-07 10:27:57.216114", "end": "2022-03-07 11:08:35.749997", "part_count": "0", "plus lunch": "1", "time_type": "UpTime", "machine": "Strippit", "task_type": "Production"}, {"type": "ssp dbl side panel 24 h", "task": "Ssp dbl side panel 24 h", "start": "2022-03-07 11:09:01.755243", "end": "2022-03-07 11:34:36.439139", "part_count": "use totals", "downstart": "1", "time_type": "UpTime", "machine": "Strippit", "task_type": "Production"}, {"type": "downtime", "task": "Strippit", "start": "2022-03-07 11:35:12.553202", "end": "2022-03-07 11:42:59.968824", "part_count": "0", "time_type": "UpTime", "machine": "Strippit", "task_type": "Production"}, {"type": "ssp dbl side panel 24 h", "task": "Ssp dbl side panel 24 h", "start": "2022-03-07 11:43:15.802852", "end": "2022-03-07 11:51:02.836473", "part_count": "use total", "down start": "1", "time_type": "UpTime", "machine": "Strippit", "task_type": "Production"}, {"type": "ssp dbl side panel 24 h", "task": "Downend", "start": "2022-03-07 11:51:45.736548", "end": "2022-03-07 11:58:23.069246", "part_count": "0", "time_type": "UpTime", "machine": "Strippit", "task_type": "Production"}, {"type": "strippit", "task": "shp back stop 12", "start": "2022-03-10 09:43:42.970096", "end": "2022-03-10 09:43:46.041968", "part_count": "5", "time_type": "UpTime", "machine": "Strippit", "task_type": "Production", "error_count": "", "error_type": "", "tool_change_count": "", "debur_time": "", "search_dir_time": "", "search_book_time": "", "name": "", "product_class": "", "width": "", "height": "", "material": ""}, {"type": "strippit", "task": "shp back 12 real", "start": "2022-03-10 09:44:00.938240", "end": "2022-03-10 10:09:51.618821", "part_count": "24", "error": "clamp too close", "time_type": "UpTime", "machine": "Strippit", "task_type": "Production", "error_count": "", "error_type": "", "tool_change_count": "", "debur_time": "", "search_dir_time": "", "search_book_time": "", "name": "", "product_class": "", "width": "", "height": "", "material": ""}, {"type": "Strippit", "task": "backstop dbl shp 12", "start": "2022-03-10 10:16:52.954979", "end": "2022-03-10 10:19:11.915089", "part_count": "0", "setup_finished": "1", "time_type": "UpTime", "machine": "Strippit", "task_type": "Production", "error_count": "", "error_type": "", "tool_change_count": "", "debur_time": "", "search_dir_time": "", "search_book_time": "", "name": "", "product_class": "", "width": "", "height": "", "material": ""}, {"type": "Strippit", "task": "samelast", "start": "2022-03-10 10:20:53.779099", "end": "2022-03-10 10:28:36.315248", "part_count": "15", "time_type": "UpTime", "machine": "Strippit", "task_type": "Production", "error_count": "", "error_type": "", "tool_change_count": "", "debur_time": "", "search_dir_time": "", "search_book_time": "", "name": "", "product_class": "", "width": "", "height": "", "material": ""}, {"type": "Strippit", "task": "ssp crumb tray", "start": "2022-03-10 10:29:27.003313", "end": "2022-03-10 10:31:20.091225", "part_count": "1", "lunch": "start", "time_type": "UpTime", "machine": "Strippit", "task_type": "Production", "error_count": "", "error_type": "", "tool_change_count": "", "debur_time": "", "search_dir_time": "", "search_book_time": "", "name": "", "product_class": "", "width": "", "height": "", "material": ""}, {"type": "Strippit", "task": "ssp crumb tray", "start": "2022-03-10 11:08:14.155977", "end": "2022-03-10 11:31:00.964463", "part_count": "28", "time_type": "UpTime", "machine": "Strippit", "task_type": "Production", "error_count": "", "error_type": "", "tool_change_count": "", "debur_time": "", "search_dir_time": "", "search_book_time": "", "name": "", "product_class": "", "width": "", "height": "", "material": ""}, {"type": "Strippit", "task": "front manifold support ", "start": "2022-03-10 11:36:23.428443", "end": "2022-03-10 11:39:30.876853", "part_count": "0", "setup continued": "confirm part", "time_type": "UpTime", "machine": "Strippit", "task_type": "Production", "error_count": "", "error_type": "", "tool_change_count": "", "debur_time": "", "search_dir_time": "", "search_book_time": "", "name": "", "product_class": "", "width": "", "height": "", "material": ""}, {"type": "Strippit", "task": "front manifold support 12", "start": "2022-03-10 11:40:03.404657", "end": "2022-03-10 12:04:33.349316", "part_count": "1", "setup continued": "current 16m", "time_type": "UpTime", "machine": "Strippit", "task_type": "Production", "error_count": "", "error_type": "", "tool_change_count": "", "debur_time": "", "search_dir_time": "", "search_book_time": "", "name": "", "product_class": "", "width": "", "height": "", "material": ""}, {"type": "Strippit", "task": "front manifold suppoprt 12", "start": "2022-03-10 12:08:26.989254", "end": "2022-03-10 12:52:28.502221", "part_count": "36", "theone": "1", "time_type": "UpTime", "machine": "Strippit", "task_type": "Production", "error_count": "", "error_type": "", "tool_change_count": "", "debur_time": "", "search_dir_time": "", "search_book_time": "", "name": "", "product_class": "", "width": "", "height": "", "material": ""}, {"type": "backstop dbl shp confirm part", "task": "above", "start": "2022-03-10 10:19:55.890947", "end": "2022-03-10 10:20:24.283031", "part_count": "1", "addto": "20", "time_type": "UpTime", "machine": "Strippit", "task_type": "Production", "error_count": "", "error_type": "", "tool_change_count": "", "debur_time": "", "search_dir_time": "", "search_book_time": "", "name": "", "product_class": "", "width": "", "height": "", "material": ""}, {"type": "lunchbreak", "task": "start", "start": "2022-03-10 10:31:38.187340", "end": "2022-03-10 11:07:25.540021", "part_count": "0", "breakend": "yes", "time_type": "UpTime", "machine": "Strippit", "task_type": "Production", "error_count": "", "error_type": "", "tool_change_count": "", "debur_time": "", "search_dir_time": "", "search_book_time": "", "name": "", "product_class": "", "width": "", "height": "", "material": ""}, {"type": "setup", "task": "searchfortask", "start": "2022-03-10 11:35:49.260659", "end": "2022-03-10 11:35:56.260588", "part_count": "0", "time_type": "UpTime", "machine": "Strippit", "task_type": "Production", "error_count": "", "error_type": "", "tool_change_count": "", "debur_time": "", "search_dir_time": "", "search_book_time": "", "name": "", "product_class": "", "width": "", "height": "", "material": ""}, {"type": "Debug", "task": "manifold support", "start": "2022-03-10 12:05:04.581256", "end": "2022-03-10 12:08:07.797456", "part_count": "1", "ttl": "end", "time_type": "UpTime", "machine": "Strippit", "task_type": "Production", "error_count": "", "error_type": "", "tool_change_count": "", "debur_time": "", "search_dir_time": "", "search_book_time": "", "name": "", "product_class": "", "width": "", "height": "", "material": ""}, {"type": "break", "task": "smoke", "start": "2022-03-10 12:52:55.246105", "end": "2022-03-10 12:54:51.214128", "part_count": "0", "waterbreak": "1", "time_type": "UpTime", "machine": "Strippit", "task_type": "Production", "error_count": "", "error_type": "", "tool_change_count": "", "debur_time": "", "search_dir_time": "", "search_book_time": "", "name": "", "product_class": "", "width": "", "height": "", "material": ""}, {"type": "break", "task": "smoke", "start": "2022-03-10 12:55:57.125746", "end": "2022-03-10 13:02:20.133906", "part_count": "0", "time_type": "UpTime", "machine": "Strippit", "task_type": "Production", "error_count": "", "error_type": "", "tool_change_count": "", "debur_time": "", "search_dir_time": "", "search_book_time": "", "name": "", "product_class": "", "width": "", "height": "", "material": ""}, {"type": "Strippit", "task": "manifold support 12 3", "start": "2022-03-10 13:02:38.078267", "end": "2022-03-10 13:16:30.846582", "part_count": "18", "time_type": "UpTime", "machine": "Strippit", "task_type": "Production", "error_count": "", "error_type": "", "tool_change_count": "", "debur_time": "", "search_dir_time": "", "search_book_time": "", "name": "", "product_class": "", "width": "", "height": "", "material": ""}, {"type": "Strippit", "task": "inside panel shp", "start": "2022-03-10 13:18:20.798236", "end": "2022-03-10 13:22:06.262415", "part_count": "0", "stop for repair": "start", "time_type": "UpTime", "machine": "Strippit", "task_type": "Production", "error_count": "", "error_type": "", "tool_change_count": "", "debur_time": "", "search_dir_time": "", "search_book_time": "", "name": "", "product_class": "", "width": "", "height": "", "material": ""}, {"type": "Strippit", "task": "inside panel shp", "start": "2022-03-10 13:54:11.319442", "end": "2022-03-10 14:03:11.271715", "part_count": "1", "t type": "setup and move clamps", "time_type": "UpTime", "machine": "Strippit", "task_type": "Production", "error_count": "", "error_type": "", "tool_change_count": "", "debur_time": "", "search_dir_time": "", "search_book_time": "", "name": "", "product_class": "", "width": "", "height": "", "material": ""}, {"type": "Strippit", "task": "inside panel shp", "start": "2022-03-10 14:03:41.144198", "end": "2022-03-10 14:13:34.431822", "part_count": "2", "additional": "clamp errors", "time_type": "UpTime", "machine": "Strippit", "task_type": "Production", "error_count": "", "error_type": "", "tool_change_count": "", "debur_time": "", "search_dir_time": "", "search_book_time": "", "name": "", "product_class": "", "width": "", "height": "", "material": ""}, {"type": "Repair", "task": "change screw", "start": "2022-03-10 13:22:40.806707", "end": "2022-03-10 13:30:40.374971", "part_count": "1", "additional": "toolchange 1 tool", "time_type": "UpTime", "machine": "Strippit", "task_type": "Production", "error_count": "", "error_type": "", "tool_change_count": "", "debur_time": "", "search_dir_time": "", "search_book_time": "", "name": "", "product_class": "", "width": "", "height": "", "material": ""}, {"type": "break", "task": "break 2", "start": "2022-03-10 13:31:17.246967", "end": "2022-03-10 13:42:43.063133", "part_count": "0", "time_type": "UpTime", "machine": "Strippit", "task_type": "Production", "error_count": "", "error_type": "", "tool_change_count": "", "debur_time": "", "search_dir_time": "", "search_book_time": "", "name": "", "product_class": "", "width": "", "height": "", "material": ""}, {"type": "Setup", "task": "tool change for shp inside panel", "start": "2022-03-10 13:44:40.247300", "end": "2022-03-10 13:50:13.871445", "part_count": "1", "time_type": "UpTime", "machine": "Strippit", "task_type": "Production", "error_count": "", "error_type": "", "tool_change_count": "", "debur_time": "", "search_dir_time": "", "search_book_time": "", "name": "", "product_class": "", "width": "", "height": "", "material": ""}, {"type": "Debug", "task": "Check punch ", "start": "2022-03-10 13:50:50.623461", "end": "2022-03-10 13:50:51.991385", "part_count": "0", "note": "last 2 are unscheduled type", "time_type": "UpTime", "machine": "Strippit", "task_type": "Production", "error_count": "", "error_type": "", "tool_change_count": "", "debur_time": "", "search_dir_time": "", "search_book_time": "", "name": "", "product_class": "", "width": "", "height": "", "material": ""}, {"type": "Debug", "task": "check punch thing", "start": "2022-03-10 13:51:17.679396", "end": "2022-03-10 13:53:53.431529", "part_count": "1", "time_type": "UpTime", "machine": "Strippit", "task_type": "Production", "error_count": "", "error_type": "", "tool_change_count": "", "debur_time": "", "search_dir_time": "", "search_book_time": "", "name": "", "product_class": "", "width": "", "height": "", "material": ""}, {"type": "Downtime", "task": "program alteration scheduled", "start": "2022-03-10 14:14:29.895846", "end": "2022-03-10 14:43:23.688318", "part_count": "2", "add": "i did 2 inbetween before sop", "time_type": "UpTime", "machine": "Strippit", "task_type": "Production", "error_count": "", "error_type": "", "tool_change_count": "", "debur_time": "", "search_dir_time": "", "search_book_time": "", "name": "", "product_class": "", "width": "", "height": "", "material": ""}, {"type": "part", "task": "last part", "start": "2022-03-10 14:43:48.720373", "end": "2022-03-10 14:54:11.128726", "part_count": "15", "time_type": "UpTime", "machine": "Strippit", "task_type": "Production", "error_count": "", "error_type": "", "tool_change_count": "", "debur_time": "", "search_dir_time": "", "search_book_time": "", "name": "", "product_class": "", "width": "", "height": "", "material": ""}, {"type": "end ealy", "task": "shit to do", "start": "2022-03-10 14:54:23.064731", "end": "2022-03-10 14:54:24.752577", "part_count": "0", "time_type": "UpTime", "machine": "Strippit", "task_type": "Production", "error_count": "", "error_type": "", "tool_change_count": "", "debur_time": "", "search_dir_time": "", "search_book_time": "", "name": "", "product_class": "", "width": "", "height": "", "material": ""}, {"type": "STRIPPIT", "task": "MONDAY CONTINUE", "start": "2022-03-14 12:45:51.158965", "end": "2022-03-14 12:49:07.044509", "part_count": "8"}, {"type": "strippit", "task": "landing ledge 36", "start": "2022-03-14 12:49:20.351332", "end": "2022-03-14 12:54:07.875437", "part_count": "8"}, {"type": "strippit", "task": "shp back stop 12", "start": "2022-03-10 09:43:42.970096", "end": "2022-03-10 09:43:46.041968", "part_count": "5"}, {"type": "strippit", "task": "shp back 12 real", "start": "2022-03-10 09:44:00.938240", "end": "2022-03-10 10:09:51.618821", "part_count": "24", "error": "clamp too close"}, {"type": "Strippit", "task": "backstop dbl shp 12", "start": "2022-03-10 10:16:52.954979", "end": "2022-03-10 10:19:11.915089", "part_count": "0", "setup_finished": "1"}, {"type": "Strippit", "task": "samelast", "start": "2022-03-10 10:20:53.779099", "end": "2022-03-10 10:28:36.315248", "part_count": "15"}, {"type": "Strippit", "task": "ssp crumb tray", "start": "2022-03-10 10:29:27.003313", "end": "2022-03-10 10:31:20.091225", "part_count": "1", "lunch": "start"}, {"type": "Strippit", "task": "ssp crumb tray", "start": "2022-03-10 11:08:14.155977", "end": "2022-03-10 11:31:00.964463", "part_count": "28"}, {"type": "Strippit", "task": "front manifold support ", "start": "2022-03-10 11:36:23.428443", "end": "2022-03-10 11:39:30.876853", "part_count": "0", "setup continued": "confirm part"}, {"type": "Strippit", "task": "front manifold support 12", "start": "2022-03-10 11:40:03.404657", "end": "2022-03-10 12:04:33.349316", "part_count": "1", "setup continued": "current 16m"}, {"type": "Strippit", "task": "front manifold suppoprt 12", "start": "2022-03-10 12:08:26.989254", "end": "2022-03-10 12:52:28.502221", "part_count": "36", "theone": "1"}, {"type": "backstop dbl shp confirm part", "task": "above", "start": "2022-03-10 10:19:55.890947", "end": "2022-03-10 10:20:24.283031", "part_count": "1", "addto": "20"}, {"type": "lunchbreak", "task": "start", "start": "2022-03-10 10:31:38.187340", "end": "2022-03-10 11:07:25.540021", "part_count": "0", "breakend": "yes"}, {"type": "setup", "task": "searchfortask", "start": "2022-03-10 11:35:49.260659", "end": "2022-03-10 11:35:56.260588", "part_count": "0"}, {"type": "Debug", "task": "manifold support", "start": "2022-03-10 12:05:04.581256", "end": "2022-03-10 12:08:07.797456", "part_count": "1", "ttl": "end"}, {"type": "break", "task": "smoke", "start": "2022-03-10 12:52:55.246105", "end": "2022-03-10 12:54:51.214128", "part_count": "0", "waterbreak": "1"}, {"type": "breakt", "task": "break2", "start": "2022-03-14 13:34:12.294884", "end": "2022-03-14 13:43:45.159090", "part_count": "0"}, {"type": "Strippit", "task": "Oven base 60", "start": "2022-03-15 10:11:29.789254", "end": "2022-03-15 10:31:14.611335", "part_count": "2", "start lunch": "1"}, {"type": "lunch end", "task": "lunch end", "start": "2022-03-15 11:09:19.266547", "end": "2022-03-15 11:09:20.576950", "part_count": "0", "start clamp move": "1"}, {"type": "Oven base 60", "task": "Oven base 60", "start": "2022-03-15 11:09:53.493008", "end": "2022-03-15 11:44:51.727893", "part_count": "11"}, {"type": "strippit", "task": "outside panel hot plate part search", "start": "2022-03-15 11:46:40.148083", "end": "2022-03-15 11:47:54.731814", "part_count": "0"}, {"type": "outside panel shp", "task": "outside panel shp", "start": "2022-03-15 11:48:20.908660", "end": "2022-03-15 11:49:02.467133", "part_count": "0"}, {"type": "Repair", "task": "clamp screw broke", "start": "2022-03-15 11:49:18.706762", "end": "2022-03-15 12:03:53.509500", "part_count": "2"}, {"type": "shp back panel", "task": "strippit", "start": "2022-03-15 12:04:07.908325", "end": "2022-03-15 12:13:11.272880", "part_count": "0", "clamp error": "1"}, {"type": "repair", "task": "hose broke", "start": "2022-03-15 12:13:27.652909", "end": "2022-03-15 12:29:15.650974", "part_count": "1"}, {"type": "Strippit", "task": "inside panel shp", "start": "2022-03-10 13:18:20.798236", "end": "2022-03-10 13:22:06.262415", "part_count": "0", "stop for repair": "start"}, {"type": "Strippit", "task": "inside panel shp", "start": "2022-03-10 13:54:11.319442", "end": "2022-03-10 14:03:11.271715", "part_count": "1", "t type": "setup and move clamps"}, {"type": "Strippit", "task": "inside panel shp", "start": "2022-03-10 14:03:41.144198", "end": "2022-03-10 14:13:34.431822", "part_count": "2", "additional": "clamp errors"}, {"type": "Repair", "task": "change screw", "start": "2022-03-10 13:22:40.806707", "end": "2022-03-10 13:30:40.374971", "part_count": "1", "additional": "toolchange 1 tool"}, {"type": "break", "task": "break 2", "start": "2022-03-10 13:31:17.246967", "end": "2022-03-10 13:42:43.063133", "part_count": "0"}, {"type": "Setup", "task": "toolchange for shp inside panel", "start": "2022-03-10 13:44:40.247300", "end": "2022-03-10 13:50:13.871445", "part_count": "1"}, {"type": "Debug", "task": "Check punch ", "start": "2022-03-10 13:50:50.623461", "end": "2022-03-10 13:50:51.991385", "part_count": "0", "note": "last 2 are unscheduled type"}, {"type": "Debug", "task": "check punch thing", "start": "2022-03-10 13:51:17.679396", "end": "2022-03-10 13:53:53.431529", "part_count": "1"}, {"type": "Downtime", "task": "program alteration scheduled", "start": "2022-03-10 14:14:29.895846", "end": "2022-03-10 14:43:23.688318", "part_count": "2", "add": "i did 2 inbetween before sop"}, {"type": "part", "task": "last part", "start": "2022-03-10 14:43:48.720373", "end": "2022-03-10 14:54:11.128726", "part_count": "15"}, {"type": "end ealy", "task": "shit to do", "start": "2022-03-10 14:54:23.064731", "end": "2022-03-10 14:54:24.752577", "part_count": "0"}, {"time_type": "UpTime", "machine": "Strippit", "task_type": "Production", "task": "Big Burner ", "start": "2022-03-09 10:04:02.887622", "end": "2022-03-09 10:18:52.120384", "part_count": "15"}, {"time_type": "UpTime", "machine": "Strippit", "task_type": "Production", "task": "tracks hot plate srb shp ", "start": "2022-03-09 10:21:34.672670", "end": "2022-03-09 10:32:40.965440", "part_count": "14"}, {"time_type": "DownTime", "scheduled": "scheduled", "state": "Starting", "task": "Resume Session", "start": "2022-03-09 11:03:55.302733", "end": "2022-03-09 11:03:58.188738"}, {"time_type": "UpTime", "machine": "Strippit", "task_type": "Production", "task": "tracks hot plate srb shp", "start": "2022-03-09 11:18:12.602239", "end": "2022-03-09 11:18:14.053042", "part_count": "39"}, {"time_type": "UpTime", "task_type": "Production", "machine": "Strippit", "task": "tracks shp", "start": "2022-03-09 11:18:47.218700", "end": "2022-03-09 12:28:36.403258", "part_count": "160", "note": "the program is same as previous program but apllies to multiple parts"}, {"time_type": "UpTime", "machine": "Strippit", "task_type": "Setup", "action": "De-burr", "task": "De-burr for valve cover regular", "start": "2022-03-09 12:34:17.841058", "end": "2022-03-09 12:39:14.319578", "part_count": "22", "change type to de-burr": "1 code for this and next is ssp "}, {"time_type": "UpTime", "machine": "Strippit", "task_type": "Production", "task": "valve cover regular", "start": "2022-03-09 12:49:46.744689", "end": "2022-03-09 13:09:58.648418", "part_count": "8", "see notes": "count probably wrong too"}, {"time_type": "DownTime", "scheduled": "Unscheduled", "state_type": "Searching", "task": "dbl ssp jet orific bracket", "start": "2022-03-09 13:11:12.748548", "end": "2022-03-09 13:15:59.071451", "part_count": "0"}, {"time_type": "UpTime", "type": "Strippit", "task_type": "Production", "task": "dbl ssp jet orific bracket", "start": "2022-03-09 13:23:40.348661", "end": "2022-03-09 13:33:05.740454", "part_count": "see note"}, {"time_type": "UpTime", "task_type": "Production", "machine": "Strippit", "task": "dbl ssp jet orific bracket", "start": "2022-03-09 13:44:45.011682", "end": "2022-03-09 14:02:46.873582", "part_count": "9", "yield": "4", "notes": "total = part-count * yield"}, {"time_type": "DownTime", "scheduled": "Unscheduled", "task_type": "Setup", "state": "Searching", "task": "SSP burner connector", "start": "2022-03-09 14:05:18.537049", "end": "2022-03-09 14:09:35.297900", "part_count": "1", "search ": "and run", "notes": "Time here is search for, identify, test run, confirm"}, {"time_type": "UpTime", "task_type": "Production", "type": "Strippit", "task": "SSP burner connector", "start": "2022-03-09 14:09:59.711943", "end": "2022-03-09 14:34:24.808918", "part_count": "11", "yield": 4}, {"time_type": "UpTime", "task_type": "Setup", "machine": "Strippit", "task": "dbl ssp back spacer", "start": "2022-03-09 14:38:06.313707", "end": "2022-03-09 14:48:30.580003", "part_count": "1", "alter t to setup": "1 run and tool change 1", "setup_type": "tool change", "tools_changed_total": 1}, {"time_type": "UpTime", "task_type": "Production", "machine": "Strippit", "task": "dbl ssp back spacer", "start": "2022-03-09 14:49:12.809278", "end": "2022-03-09 14:54:59.317086", "part_count": "1"}, {"time_type": "UpTime", "task_type": "Production", "machine": "Strippit", "task": "crumb tray 12", "start": "2022-03-09 14:55:49.814375", "end": "2022-03-09 15:03:19.048364", "part_count": "10"}, {"time_type": "UpTime", "machine": "Strippit", "task": "dbl ssp back spacer", "start": "2022-03-09 15:03:49.811618", "end": "2022-03-09 15:23:41.045310", "part_count": "18"}, {"time_type": "DownTime", "scheduled": "Unscheduled", "task": "debug", "repeats": false, "state": "error", "start": "2022-03-09 12:40:13.584082", "end": "2022-03-09 12:49:20.458643"}, {"time_type": "DownTime", "scheduled": "unscheduled", "task": "tool_change", "start": "2022-03-09 13:16:20.365488", "end": "2022-03-09 13:22:29.540137", "part_count": "1", "tool": "T7"}, {"time_type": "DownTime", "scheduled": "scheduled", "task": "Chill", "start": "2022-03-09 13:44:19.536837", "end": "2022-03-09 13:44:20.940840"}, {"type": "strippit", "task": "oven griddle baffle 48", "start": "2022-03-15 14:35:12.337532", "end": "2022-03-15 14:36:09.371232", "part_count": "0"}, {"type": "strippit", "task": "oven griddle bafflel 48", "start": "2022-03-15 14:44:46.075340", "end": "2022-03-15 14:59:10.847259", "part_count": "0", "down": "start"}, {"type": "Down", "task": "computer crash", "start": "2022-03-15 14:36:27.077263", "end": "2022-03-15 14:44:17.464890", "part_count": "0"}, {"type": "Down", "task": "Maintain", "start": "2022-03-15 14:59:31.595295", "end": "2022-03-15 15:21:51.684050", "part_count": "0", "describe": "grinding die"}, {"type": "strippit", "task": "shp back panel ", "start": "2022-03-15 12:30:19.391086", "end": "2022-03-15 13:03:06.538941", "part_count": "33"}, {"type": "strippit", "task": "shp back panel", "start": "2022-03-15 13:03:41.264602", "end": "2022-03-15 13:05:17.376371", "part_count": "0", "pause": "true"}, {"type": "strippit", "task": "back panel shp", "start": "2022-03-15 13:07:21.583789", "end": "2022-03-15 13:31:46.785162", "part_count": "?"}, {"type": "strippit", "task": "back panel shp", "start": "2022-03-15 13:45:56.721455", "end": "2022-03-15 14:19:13.961763", "part_count": "120", "checkpoint": "part-finish"}, {"type": "break", "task": "second break", "start": "2022-03-15 13:31:59.124784", "end": "2022-03-15 13:45:38.999824", "part_count": "0"}, {"type": "ad", "task": "adfg", "start": "2022-03-15 14:19:36.831403", "end": "2022-03-15 14:19:37.845405", "part_count": "0"}, {"type": "break", "task": "smoke", "start": "2022-03-10 12:55:57.125746", "end": "2022-03-10 13:02:20.133906", "part_count": "0"}, {"type": "Strippit", "task": "manifold support 12 3", "start": "2022-03-10 13:02:38.078267", "end": "2022-03-10 13:16:30.846582", "part_count": "18"}, {"type": "test", "task": "test", "start": "2022-03-10 13:16:42.222671", "end": "2022-03-10 13:16:43.358610", "part_count": "0"}, {"type": "DayStart", "task": "day", "start": "2022-03-15 09:00:36.407379", "end": "2022-03-15 09:00:41.726988", "part_count": "0"}, {"type": "Strippit", "task": "back flue panel smg all ", "start": "2022-03-15 09:09:20.613902", "end": "2022-03-15 10:06:50.332762", "part_count": "14", "scrap": "1"}, {"type": "Strippit", "task": "before oven base", "start": "2022-03-15 10:10:13.601119", "end": "2022-03-15 10:10:15.254722", "part_count": "0", "till now is part search or task search": "1"}, {"type": "Monday", "task": "DayStart", "start": "2022-03-14 08:31:08.910217", "end": "2022-03-14 08:33:56.510332", "part_count": "0"}, {"type": "Back liner 24 RANGE", "task": "Strippit", "start": "2022-03-14 08:34:15.566215", "end": "2022-03-14 09:14:54.175115", "part_count": "13", "additional": "sheer-hgelp"}, {"type": "Strippit", "task": "waiting _for_next", "start": "2022-03-14 09:22:09.279399", "end": "2022-03-14 09:33:30.687455", "part_count": "0"}, {"type": "Strippit", "task": "valve cover thewrmo 48", "start": "2022-03-14 09:42:21.351805", "end": "2022-03-14 09:52:58.184098", "part_count": "6", "tool_change": "1"}, {"type": "Strippit", "task": "valvecover thermo 76 smg", "start": "2022-03-14 10:05:59.440264", "end": "2022-03-14 10:12:55.176298", "part_count": "3"}, {"type": "Strippit", "task": "High Front Range 24", "start": "2022-03-14 11:03:46.321391", "end": "2022-03-14 11:25:37.489687", "part_count": "6", "tool_change": "3"}, {"type": "Strippit", "task": "landing ledge 72 Ends here", "start": "2022-03-14 12:23:21.899040", "end": "2022-03-14 12:23:24.843086", "part_count": "6", "scrap ": "1", "time is delta from last": "1"}, {"type": "Strippit", "task": "landing ledge 48 End here", "start": "2022-03-14 12:34:58.195300", "end": "2022-03-14 12:35:04.443171", "part_count": "6"}, {"type": "Strippit", "task": "landing ledge 60 griddle ", "start": "2022-03-14 12:37:07.147462", "end": "2022-03-14 12:42:15.411489", "part_count": "2"}, {"type": "strippit", "task": "valve cover thermo 36 SMG", "start": "2022-03-14 09:33:41.991655", "end": "2022-03-14 09:40:21.343773", "part_count": "5"}, {"type": "strippit", "task": "valve cover 60", "start": "2022-03-14 09:55:22.744104", "end": "2022-03-14 10:03:46.544112", "part_count": "6"}, {"type": "strippit", "task": "high front 24 range", "start": "2022-03-14 10:16:18.216517", "end": "2022-03-14 10:31:35.712973", "part_count": "0", "tool change": "3", "completed ": "2"}, {"type": "Lunch", "task": "Start", "start": "2022-03-14 10:32:02.976715", "end": "2022-03-14 11:03:20.281496", "part_count": "0"}, {"type": "sheer 2", "task": "Oven front 60 range ENDS here", "start": "2022-03-14 11:53:36.458507", "end": "2022-03-14 11:53:38.610480", "part_count": "6", "ends he4re": "1"}, {"type": "Last add 2", "task": "landing 48", "start": "2022-03-14 12:36:47.187229", "end": "2022-03-14 12:36:49.395355", "part_count": "2"}, {"type": "Part", "task": "Inside Panel Shp", "start": "2022-03-10 14:22:03.455514", "end": "2022-03-10 14:22:05.127587", "part_count": "0", "Program": "Inside panel shp", "code ": "shp", "class": "hot platE", "program": "punch count", "punch count": "70"}, {"type": "Repair", "task": "description for repair", "start": "2022-03-15 11:55:56.023861", "end": "2022-03-15 11:55:57.755465", "part_count": "2", "part": "clamps", "fault": "screw ", "resolved": "True", "steps": "n", "step1": "remove", "step2": "weld back togther part"}, {"type": "t", "task": "t", "start": "2022-03-15 11:57:13.165997", "end": "2022-03-15 11:57:14.273599", "part_count": "0"}, {"type": "downtime", "task": "compressor_waiting", "start": "2022-03-02 12:50:20.354746", "end": "2022-03-02 12:50:22.170850", "uid": "80e52036-e5a5-4a78-920d-a651a547df7e", "total_minutes": 0.03333333333333333}, {"task": "back_burner_support_36", "start": "2022-03-02 10:11:06.082273", "end": "2022-03-02 10:21:59.217630", "part_count": 1, "uid": "26292bf2-ffcb-4b2f-9fbf-520df3b74856", "total_minutes": 10.883333333333333, "program": "07843a47-d691-4f12-a76d-ffff68625dcc"}, {"type": "strippt", "task": "cross_support_12", "start": "2022-03-02 13:16:43.746311", "end": "2022-03-02 14:31:59.530599", "part_count": 45, "uid": "8187b67b-804e-4f1f-bef8-129d185d3b94", "total_minutes": 75.26666666666667, "program": "a64f3851-72d2-4ac6-b19e-6879eb6d5445"}, {"task": "landing_ledge_36", "start": "2022-03-02 10:55:44.938495", "end": "2022-03-02 11:02:13.753734", "part_count": 5, "uid": "379092fb-f397-49b2-b616-9bda34109962", "total_minutes": 6.483333333333333, "program": "104cd5e3-83d2-40aa-919b-dde95e798132"}, {"task": "back_burner_support_36", "start": "2022-03-02 10:22:14.601510", "end": "2022-03-02 10:42:15.674208", "part_count": 14, "uid": "dc7e0c23-8e82-4e19-8515-575761c5358c", "total_minutes": 20.016666666666666, "program": "07843a47-d691-4f12-a76d-ffff68625dcc"}, {"type": "strippit", "task": "high_front_36_low_range", "start": "2022-03-02 14:34:18.890570", "end": "2022-03-02 15:13:16.659283", "part_count": 0, "tool_change_count": 1, "code_change_count": 2, "uid": "5cb37ae7-e7a6-4f56-86a1-fd59f41b7845", "total_minutes": 38.96666666666667, "program": "b2a55ecc-444f-431c-9246-2586ff9c7dd4"}, {"task": "landing_ledge_48", "start": "2022-03-02 11:02:47.889686", "end": "2022-03-02 11:10:25.473859", "part_count": 5, "uid": "a5cc6b6d-d63d-47cf-b047-c10762a56d55", "total_minutes": 7.633333333333334, "program": "da9f1a74-338b-4a3e-ad20-05071466a8e4"}, {"task": "landing_ledge_48_after_lunch", "start": "2022-03-02 11:44:23.826446", "end": "2022-03-02 11:46:47.562667", "part_count": 2, "uid": "5961d67d-6ad1-4053-b47a-d48b1f9ed6e1", "total_minutes": 2.4, "program": "dea3a5ad-ace1-4f9f-9875-2f8612abd3c1"}, {"type": "strippit", "task": "ssp_valve_cover", "start": "2022-03-02 15:52:20.931368", "end": "2022-03-02 15:52:23.555518", "part_count": 0, "uid": "1500e7ec-9f87-4485-9ba2-69c581b78a00", "total_minutes": 0.05, "program": "c2e6b488-fbf7-416c-b0d1-79efb9f6c3fe"}, {"type": "strippit", "task": "ssp_valve_cover_jet", "start": "2022-03-02 14:36:58.067492", "end": "2022-03-02 15:10:02.000000", "part_count": 10, "uid": "dd0fc38b-3971-40ae-8203-5940ca2cdeeb", "total_minutes": 33.06666666666667, "program": "866d4b71-b9b9-4289-9f4e-d63f33b4aa96"}, {"type": "strippit", "task": "back_manifold_support_bracket", "start": "2022-03-03 09:31:04.803210", "end": "2022-03-03 11:52:02.661266", "part_count": 36, "setup_end": "09:50", "tool_change_count": 2, "uid": "2307f07c-fd4a-4d54-85ba-5fd6b7fa80af", "total_minutes": 140.96666666666667, "total_setup": 18.933333333333334, "program": "9fbf338a-9541-4650-80b5-f563c1135707"}, {"type": "strippit", "task": "inside_panel_shp_single", "start": "2022-03-03 11:57:21.650627", "end": "2022-03-03 13:04:45.505329", "part_count": 1, "scrap": 1, "setup_end": "13:01", "tool_change_count": 3, "uid": "1637ca5c-e9f4-45f3-b31d-ca6d9e474f6f", "total_minutes": 67.4, "total_setup": 63.65, "program": "d73f8a65-44fa-4fb6-9838-f7e2c12a2da2"}, {"type": "strippit", "task": "inside_panel_shp_single", "start": "2022-03-03 13:59:46.802728", "end": "2022-03-03 14:24:41.581754", "part_count": 12, "scrap": 1, "tool_change_count": 3, "uid": "71b511a2-08ee-4380-8404-e8e3eab7688e", "total_minutes": 24.916666666666668, "program": "d73f8a65-44fa-4fb6-9838-f7e2c12a2da2"}, {"type": "strip", "task": "back flue panel", "start": "2022-03-03 14:35:30.371293", "end": "2022-03-03 14:59:14.996995", "setup_end": "14:44", "part_count": 6, "tool_change_count": 3, "uid": "71307dfa-da2f-49ed-b303-a60d7f1cf555", "total_minutes": 23.733333333333334, "total_setup": 8.5, "program": "ad04dd28-df98-4bdc-b6cd-642a2f2d881c"}, {"type": "Maintenance", "task": "maintenance_strippit", "start": "2022-03-03 13:47:33.133439", "end": "2022-03-03 13:58:41.501013", "uid": "f9d4fa4c-b263-4d0c-950f-07902e4a9118", "total_minutes": 11.133333333333333}, {"type": "strippit", "task": "inside_panel_srb", "start": "2022-03-04 11:08:42.300732", "end": "2022-03-04 11:38:29.689471", "part_count": "19", "error_count": 2, "scrap": 1, "tool_change_count": 3, "uid": "5d024b12-6502-4585-955a-10382dddfc8a", "total_minutes": 29.783333333333335, "program": "00aeaa66-2d36-4f9c-a43f-0bb9e18e5917"}, {"type": "strippit", "task": "ssp_front_cross_support", "start": "2022-03-04 11:40:23.850472", "end": "2022-03-04 13:31:23.664171", "errors": [{"name": "turret fault", "description": "Turret popped out"}], "part_count": 80, "error_count": 1, "tool_change_count": 1, "tool_changes": [{"from": "T04"}], "uid": "6c1bcdc2-797c-4e58-a2b0-392a8617cc80", "total_minutes": 111.0, "program": "ff632909-7d9e-4dd8-83f8-3766f847b447"}, {"type": "strippit", "task": "griddle_baffle_60", "start": "2022-03-04 09:14:51.592184", "end": "2022-03-04 09:46:28.773916", "setup_end": "09:28", "part_count": "6", "uid": "9d273ea3-dc9e-49d7-83e6-9f55585fde0e", "total_minutes": 31.616666666666667, "total_setup": 13.15, "program": "cb621090-c924-4f1d-904a-e5a8b71b244d"}, {"type": "strippit", "task": "srb_valve_cover_36", "start": "2022-03-04 09:48:23.340517", "end": "2022-03-04 10:05:24.689911", "part_count": 6, "tool_change_count": 1, "tool_changes": [{"from": "T11"}], "code_change_count": 1, "setup_end": "9:57", "uid": "97983245-9093-4c3f-96f9-463251c2c863", "total_minutes": 17.016666666666666, "total_setup": 8.616666666666667, "program": "d0fe67b6-33fc-4118-8550-f3adb1d2eb3c"}, {"type": "strippit", "task": "burner_hangover_stock_pot", "start": "2022-03-04 14:04:58.227111", "end": "2022-03-04 15:02:47.142804", "setup_end": "14:21", "part_count": 10, "tool_change_count": 1, "tool_changes": [{"from": "T09"}], "uid": "293fd876-e825-49eb-8fa7-dcc11e4b42a2", "total_minutes": 57.81666666666667, "total_setup": 16.033333333333335, "program": "34af6a5c-30e9-442d-81a3-dfbcdde2ddfc"}, {"type": "Repair", "task": "Strippit turret fault repair", "start": "2022-03-04 12:11:48.380582", "end": "2022-03-04 12:21:55.611648", "uid": "656174b5-8085-4575-b8e3-1f988a607123", "total_minutes": 10.116666666666667}, {"type": "Strippit", "task": "inside panel shp", "start": "2022-03-10 13:18:20.798236", "end": "2022-03-10 13:22:06.262415", "part_count": "0", "stop for repair": "start"}, {"type": "Strippit", "task": "inside panel shp", "start": "2022-03-10 13:54:11.319442", "end": "2022-03-10 14:03:11.271715", "part_count": "1", "t type": "setup and move clamps"}, {"type": "Strippit", "task": "inside panel shp", "start": "2022-03-10 14:03:41.144198", "end": "2022-03-10 14:13:34.431822", "part_count": "2", "additional": "clamp errors"}, {"type": "Repair", "task": "change screw", "start": "2022-03-10 13:22:40.806707", "end": "2022-03-10 13:30:40.374971", "part_count": "1", "additional": "toolchange 1 tool"}, {"type": "break", "task": "break 2", "start": "2022-03-10 13:31:17.246967", "end": "2022-03-10 13:42:43.063133", "part_count": "0"}, {"type": "Setup", "task": "toolchange for shp inside panel", "start": "2022-03-10 13:44:40.247300", "end": "2022-03-10 13:50:13.871445", "part_count": "1"}, {"type": "Debug", "task": "Check punch ", "start": "2022-03-10 13:50:50.623461", "end": "2022-03-10 13:50:51.991385", "part_count": "0", "note": "last 2 are unscheduled type"}, {"type": "Debug", "task": "check punch thing", "start": "2022-03-10 13:51:17.679396", "end": "2022-03-10 13:53:53.431529", "part_count": "1"}, {"type": "Downtime", "task": "program alteration scheduled", "start": "2022-03-10 14:14:29.895846", "end": "2022-03-10 14:43:23.688318", "part_count": "2", "add": "i did 2 inbetween before sop"}, {"type": "part", "task": "last part", "start": "2022-03-10 14:43:48.720373", "end": "2022-03-10 14:54:11.128726", "part_count": "15"}, {"type": "end ealy", "task": "shit to do", "start": "2022-03-10 14:54:23.064731", "end": "2022-03-10 14:54:24.752577", "part_count": "0"}, {"time_type": "UpTime", "machine": "Strippit", "task_type": "Production", "task": "Big Burner ", "start": "2022-03-09 10:04:02.887622", "end": "2022-03-09 10:18:52.120384", "part_count": "15"}, {"time_type": "UpTime", "machine": "Strippit", "task_type": "Production", "task": "tracks hot plate srb shp ", "start": "2022-03-09 10:21:34.672670", "end": "2022-03-09 10:32:40.965440", "part_count": "14"}, {"time_type": "DownTime", "scheduled": "scheduled", "state": "Starting", "task": "Resume Session", "start": "2022-03-09 11:03:55.302733", "end": "2022-03-09 11:03:58.188738"}, {"time_type": "UpTime", "machine": "Strippit", "task_type": "Production", "task": "tracks hot plate srb shp", "start": "2022-03-09 11:18:12.602239", "end": "2022-03-09 11:18:14.053042", "part_count": "39"}, {"time_type": "UpTime", "task_type": "Production", "machine": "Strippit", "task": "tracks shp", "start": "2022-03-09 11:18:47.218700", "end": "2022-03-09 12:28:36.403258", "part_count": "160", "note": "the program is same as previous program but apllies to multiple parts"}, {"time_type": "UpTime", "machine": "Strippit", "task_type": "Setup", "action": "De-burr", "task": "De-burr for valve cover regular", "start": "2022-03-09 12:34:17.841058", "end": "2022-03-09 12:39:14.319578", "part_count": "22", "change type to de-burr": "1 code for this and next is ssp "}, {"time_type": "UpTime", "machine": "Strippit", "task_type": "Production", "task": "valve cover regular", "start": "2022-03-09 12:49:46.744689", "end": "2022-03-09 13:09:58.648418", "part_count": "8", "see notes": "count probably wrong too"}, {"time_type": "DownTime", "scheduled": "Unscheduled", "state_type": "Searching", "task": "dbl ssp jet orific bracket", "start": "2022-03-09 13:11:12.748548", "end": "2022-03-09 13:15:59.071451", "part_count": "0"}, {"time_type": "UpTime", "type": "Strippit", "task_type": "Production", "task": "dbl ssp jet orific bracket", "start": "2022-03-09 13:23:40.348661", "end": "2022-03-09 13:33:05.740454", "part_count": "see note"}, {"time_type": "UpTime", "task_type": "Production", "machine": "Strippit", "task": "dbl ssp jet orific bracket", "start": "2022-03-09 13:44:45.011682", "end": "2022-03-09 14:02:46.873582", "part_count": "9", "yield": "4", "notes": "total = part-count * yield"}, {"time_type": "DownTime", "scheduled": "Unscheduled", "task_type": "Setup", "state": "Searching", "task": "SSP burner connector", "start": "2022-03-09 14:05:18.537049", "end": "2022-03-09 14:09:35.297900", "part_count": "1", "search ": "and run", "notes": "Time here is search for, identify, test run, confirm"}, {"time_type": "UpTime", "task_type": "Production", "type": "Strippit", "task": "SSP burner connector", "start": "2022-03-09 14:09:59.711943", "end": "2022-03-09 14:34:24.808918", "part_count": "11", "yield": 4}, {"time_type": "UpTime", "task_type": "Setup", "machine": "Strippit", "task": "dbl ssp back spacer", "start": "2022-03-09 14:38:06.313707", "end": "2022-03-09 14:48:30.580003", "part_count": "1", "alter t to setup": "1 run and tool change 1", "setup_type": "tool change", "tools_changed_total": 1}, {"time_type": "UpTime", "task_type": "Production", "machine": "Strippit", "task": "dbl ssp back spacer", "start": "2022-03-09 14:49:12.809278", "end": "2022-03-09 14:54:59.317086", "part_count": "1"}, {"time_type": "UpTime", "task_type": "Production", "machine": "Strippit", "task": "crumb tray 12", "start": "2022-03-09 14:55:49.814375", "end": "2022-03-09 15:03:19.048364", "part_count": "10"}, {"time_type": "UpTime", "machine": "Strippit", "task": "dbl ssp back spacer", "start": "2022-03-09 15:03:49.811618", "end": "2022-03-09 15:23:41.045310", "part_count": "18"}, {"time_type": "DownTime", "scheduled": "Unscheduled", "task": "debug", "repeats": false, "state": "error", "start": "2022-03-09 12:40:13.584082", "end": "2022-03-09 12:49:20.458643"}, {"time_type": "DownTime", "scheduled": "unscheduled", "task": "tool_change", "start": "2022-03-09 13:16:20.365488", "end": "2022-03-09 13:22:29.540137", "part_count": "1", "tool": "T7"}, {"time_type": "DownTime", "scheduled": "scheduled", "task": "Chill", "start": "2022-03-09 13:44:19.536837", "end": "2022-03-09 13:44:20.940840"}, {"type": "ssp dbl side panel 24 h", "task": "Ssp dbl side panel 24 h", "start": "2022-03-07 11:58:34.925267", "end": "2022-03-07 12:16:35.804365", "part_count": "34", "time_type": "Uptime", "machine": "Strippit", "task_type": "Setup", "part": {"name": "SSP Dbl Side Panel 24", "product_class": "SSP", "width": "null", "height": "null", "material": "null", "uid": "e5b24da4-dc1c-4f26-8e14-8548e0dad6d4"}, "punch_count": "64", "tools": "4,16,2,9,1,14", "ideal_time": "39", "cycle_time": "49", "yield": "1", "debur_time": "15", "material": "null", "size": ""}, {"type": "strippit", "task": "Valve cover dbll ssp", "start": "2022-03-07 11:59:56.389055", "end": "2022-03-07 12:26:56.389055", "part_count": "0", "enddown": "start down is delta from last", "reason": "wrong part", "time_type": "DownTime", "machine": "Strippit", "task_type": "Repair", "part": {"name": "Valve Cover Dbl SSP", "product_class": "SSP", "width": "n", "height": "n", "material": "null", "uid": "6cea7a3c-96c0-44cc-a002-138c5c101cb5"}, "punch_count": "13", "tools": "14,10,11,1", "ideal_time": "null", "cycle_time": "null", "yield": "1", "debur_time": "null", "material": "null", "size": "null"}, {"type": "repair", "task": "Clamp hose", "start": "2022-03-07 12:37:36.192979", "end": "2022-03-07 12:39:41.351999", "part_count": "0", "enddowntime": "reason wrong part", "time_type": "DownTime", "machine": "Strippit", "task_type": "Repair"}, {"type": "strippit", "task": "Ssp valve cover regular", "start": "2022-03-07 12:40:10.414850", "end": "2022-03-07 13:07:11.398097", "part_count": "45", "outputed embeded": "first task from today -> out", "time_type": "UpTime", "machine": "Strippit", "task_type": "Production", "part": {"name": "SSP Valve Cover Regular", "product_class": "SSP", "width": "null", "height": "null", "material": "null", "uid": "a53fe196-0f5f-4818-a956-4ef66518e151"}, "punch_count": "13", "tools": "14,10,11,1", "ideal_time": "34", "cycle_time": "44", "yield": "1", "debur_time": "null", "material": "null", "size": "null"}, {"type": "strippit", "task": "Ssp valve cover jet", "start": "2022-03-07 13:12:28.901062", "end": "2022-03-07 13:21:08.662775", "part_count": "9", "error": "slug up", "time_type": "SSP valve Cover jet", "machine": "Strippit ", "task_type": "Production", "part": {"name": "SSP", "product_class": "SSP", "width": "null", "height": "null", "material": "null", "uid": "e2275c99-6d96-4534-a0c6-b18c2623f199"}, "punch_count": "22", "tools": "1,14,12", "ideal_time": "39", "cycle_time": "55", "yield": "1", "debur_time": "19", "material": "null", "size": "null"}, {"type": "strippit", "task": "Shp valve cover 12", "start": "2022-03-07 13:26:26.560133", "end": "2022-03-07 13:28:58.863201", "part_count": "0", "start downtime": "1", "time_type": "UpTime", "machine": "Strippit", "task_type": "Production", "part": {"name": "Shp Valve Cover 12", "product_class": "DBLSHP ", "width": "null", "height": "null", "material": "null", "uid": "e58e90ed-a3fd-4b37-a176-f5e9d63a3af2"}, "punch_count": "37", "tools": "14,17,10,11,1", "ideal_time": "null", "cycle_time": "null", "yield": "1", "debur_time": "null", "material": "null", "size": "null"}, {"type": "search file", "task": "Shp valve cover 12", "start": "2022-03-07 13:29:29.142854", "end": "2022-03-07 13:49:24.728954", "part_count": "1", "time_type": "DownTime", "machine": "Strippit", "task_type": "Search"}, {"type": "strippit", "task": "Shp valve cover 12 dbl", "start": "2022-03-07 13:49:58.518613", "end": "2022-03-07 13:55:04.606751", "part_count": "0", "downtime start": "1", "time_type": "DownTime", "machine": "Strippit", "task_type": "Repair"}, {"type": "repair", "task": "Error t17", "start": "2022-03-07 13:55:38.802011", "end": "2022-03-07 13:58:34.395919", "part_count": "0", "time_type": "Downtime", "machine": "Strippit", "task_type": "Repair"}, {"type": "shp valve cover 12 dbl", "task": "Shp valve cover 12 dbl", "start": "2022-03-07 13:59:02.444769", "end": "2022-03-07 14:10:44.102801", "part_count": "10", "time_type": "Uptime", "machine": "Strippit", "task_type": "Production", "part": {"name": "Shp Valve Cover 12 DBL", "product_class": "", "width": "", "height": "", "material": "", "uid": "45273905-f55a-4ff3-bcdc-045f6d278c85"}}, {"type": "strippit", "task": "Ssp dbl side panel 18 h", "start": "2022-03-07 09:32:48.559503", "end": "2022-03-07 09:37:45.100424", "part_count": "0", "time_type": "DownTime", "machine": "Strippit", "task_type": "Debug", "part": {"name": "SSP DBL Side Panel 18", "product_class": "SSP", "width": "null", "height": "null", "material": "null", "uid": "c21ba9a1-fc0f-458f-89b3-4536d22c613b"}, "punch_count": "4,16,2,9,1,14", "tools": "64", "ideal_time": "49", "cycle_time": "64", "yield": "1", "debur_time": "null", "material": "null", "size": "null"}, {"type": "strippit", "task": "Scb valve cover 12 setup", "start": "2022-03-07 14:12:18.607767", "end": "2022-03-07 14:17:08.347076", "part_count": "0", "start inspect": "1", "time_type": "DownTime", "machine": "Strippit", "task_type": "Setup", "part": {"name": "SCB Valve Cover 12", "product_class": "SCB", "width": "null", "height": "null", "material": "null", "uid": "23a3ab66-8a24-4b91-8a95-61e15eca275b"}, "punch_count": "20", "tools": "14,20", "ideal_time": "null", "cycle_time": "", "yield": "", "debur_time": "", "material": "", "size": ""}, {"type": "scb valve cover 12 ", "task": "Scb valve cover 12 ", "start": "2022-03-07 14:17:30.623915", "end": "2022-03-07 14:26:31.788865", "part_count": "2", "cancveld": "code smell", "time_type": "Uptime", "machine": "Strippit", "task_type": "Production"}, {"type": "strippit", "task": "Shp or smg valve cover", "start": "2022-03-07 14:28:13.781845", "end": "2022-03-07 14:42:58.537399", "part_count": "11", "time_type": "UpTime", "machine": "Strippit", "task_type": "Production", "part": {"name": "SHP valve Cover", "product_class": "SHP", "width": "", "height": "", "material": "", "uid": "288b4929-f39b-42c3-8954-f3235617acbb"}, "punch_count": "22", "tools": "14,17,10", "ideal_time": "", "cycle_time": "", "yield": "", "debur_time": "", "material": "", "size": ""}, {"type": "strippit", "task": "Valve cover 12 shp ", "start": "2022-03-07 14:44:58.142809", "end": "2022-03-07 14:50:51.592630", "part_count": "0", "wrong program": "scrap 1", "punch_count": "", "tools": "", "ideal_time": "", "cycle_time": "", "yield": "", "debur_time": "", "material": "", "size": ""}, {"type": "scb valve cover 1`2", "task": "Scb valve cover 12", "start": "2022-03-07 14:51:28.268294", "end": "2022-03-07 15:05:36.940985", "part_count": "9", "time_type": "Uptime", "machine": "Strippit", "task_type": "Production", "part": {"name": "SCB ValveCover 12", "product_class": "SCB", "width": "", "height": "", "material": "", "uid": "434a3c0e-ed8d-4136-9b7b-0fd4a79c406c"}}, {"type": "strippit", "task": "Ssp dbl sidew panel 18 h", "start": "2022-03-07 09:38:08.999666", "end": "2022-03-07 09:53:20.462467", "part_count": "1", "setup": "1", "time_type": "Uptime", "machine": "Strippit", "task_type": "Setp", "part": {"name": "SSP DBL panel 18", "product_class": "SSP", "width": "", "height": "", "material": "", "uid": "b74974f4-1c30-46c2-858e-f7035e6099bc"}}, {"type": "strippit", "task": "Ssp dbl side panel 18 h", "start": "2022-03-07 09:53:55.843329", "end": "2022-03-07 10:14:26.935091", "part_count": "22", "scrap": "1", "time_type": "Uptime", "machine": "Strippit", "task_type": "Production", "part": {"name": "SSP DBL Side Panel 18", "product_class": "SSP", "width": "", "height": "", "material": "", "uid": "323f3378-f4ae-4b64-9910-da4b7bc24db8"}, "punch_count": "64", "tools": "4,16,2,9,14", "ideal_time": "", "cycle_time": "", "yield": "", "debur_time": "", "material": "", "size": ""}, {"type": "strippit", "task": "Ssp dbl side panel 24 h", "start": "2022-03-07 10:15:12.986372", "end": "2022-03-07 10:27:42.848489", "part_count": "0", "time_type": "Downtime", "machine": "Strippit", "task_type": "Setup", "part": {"name": "SSP DBL side Panel 24", "product_class": "SSP", "width": "", "height": "", "material": "", "uid": "884aa255-3443-4d79-998f-8092aeb2092a"}, "punch_count": "13", "tools": "14,10,11,1", "ideal_time": "", "cycle_time": "", "yield": "", "debur_time": "", "material": "", "size": ""}, {"type": "repair", "task": "Strippit hose broke", "start": "2022-03-07 10:27:57.216114", "end": "2022-03-07 11:08:35.749997", "part_count": "0", "plus lunch": "1", "time_type": "Downtime", "machine": "Strippit", "task_type": "ScheduledDownTime"}, {"type": "ssp dbl side panel 24 h", "task": "Ssp dbl side panel 24 h", "start": "2022-03-07 11:09:01.755243", "end": "2022-03-07 11:34:36.439139", "part_count": "use totals", "downstart": "1", "time_type": "Downtime", "machine": "Strippit", "task_type": "Repair"}, {"type": "downtime", "task": "Strippit", "start": "2022-03-07 11:35:12.553202", "end": "2022-03-07 11:42:59.968824", "part_count": "0"}, {"type": "ssp dbl side panel 24 h", "task": "Ssp dbl side panel 24 h", "start": "2022-03-07 11:43:15.802852", "end": "2022-03-07 11:51:02.836473", "part_count": "use total", "down start": "1", "time_type": "UpTime", "machine": "Strippit", "task_type": "Production"}, {"type": "ssp dbl side panel 24 h", "task": "Downend", "start": "2022-03-07 11:51:45.736548", "end": "2022-03-07 11:58:23.069246", "part_count": "0"}, {"type": "strippit", "task": "Valve cover dbll ssp", "start": "2022-03-07 12:26:52.957049", "end": "2022-03-07 12:26:56.389055", "part_count": "0", "enddown": "start down is delta from last", "reason": "wrong part"}, {"type": "dbl ssp back panel 24 ", "task": "Dbl ssp back panel 24 ", "start": "2022-03-08 10:26:38.573316", "end": "2022-03-08 10:31:27.532623", "part_count": "2", "break": "start", "note": "check next for actual number"}, {"type": "repair", "task": "Clamp hose", "start": "2022-03-07 12:37:36.192979", "end": "2022-03-07 12:39:41.351999", "part_count": "0", "enddowntime": "reason wrong part"}, {"type": "strippit", "task": "Ssp valve cover regular", "start": "2022-03-07 12:40:10.414850", "end": "2022-03-07 13:07:11.398097", "part_count": "45", "outputed embeded": "first task from today -> out"}, {"type": "strippit", "task": "Ssp valve cover jet", "start": "2022-03-07 13:12:28.901062", "end": "2022-03-07 13:21:08.662775", "part_count": "9", "error": "slug up"}, {"type": "strippit", "task": "Shp valve cover 12", "start": "2022-03-07 13:26:26.560133", "end": "2022-03-07 13:28:58.863201", "part_count": "0", "start downtime": "1"}, {"type": "strippit", "task": "Shp valve cover 12 dbl", "start": "2022-03-07 13:49:58.518613", "end": "2022-03-07 13:55:04.606751", "part_count": "0", "downtime start": "1"}, {"type": "strippit", "task": "Scb valve cover 12 setup", "start": "2022-03-07 14:12:18.607767", "end": "2022-03-07 14:17:08.347076", "part_count": "0", "start inspect": "1"}, {"type": "scb valve cover 12 ", "task": "Scb valve cover 12 ", "start": "2022-03-07 14:17:30.623915", "end": "2022-03-07 14:26:31.788865", "part_count": "2", "cancveld": "code smell"}, {"type": "strippit", "task": "Valve cover 12 shp ", "start": "2022-03-07 14:44:58.142809", "end": "2022-03-07 14:50:51.592630", "part_count": "0", "wrong program": "scrap 1"}, {"type": "strippit", "task": "Ssp dbl sidew panel 18 h", "start": "2022-03-07 09:38:08.999666", "end": "2022-03-07 09:53:20.462467", "part_count": "1", "setup": "1"}, {"type": "strippit", "task": "Ssp dbl side panel 18 h", "start": "2022-03-07 09:53:55.843329", "end": "2022-03-07 10:14:26.935091", "part_count": "22", "scrap": "1"}, {"type": "repair", "task": "Strippit hose broke", "start": "2022-03-07 10:27:57.216114", "end": "2022-03-07 11:08:35.749997", "part_count": "0", "plus lunch": "1"}, {"type": "ssp dbl side panel 24 h", "task": "Ssp dbl side panel 24 h", "start": "2022-03-07 11:09:01.755243", "end": "2022-03-07 11:34:36.439139", "part_count": "use totals", "downstart": "1"}, {"type": "ssp dbl side panel 24 h", "task": "Ssp dbl side panel 24 h", "start": "2022-03-07 11:43:15.802852", "end": "2022-03-07 11:51:02.836473", "part_count": "use total", "down start": "1"}, {"type": "strippit", "task": "Dbl ssp leg chanel ", "start": "2022-03-08 11:25:31.901522", "end": "2022-03-08 11:43:06.057773", "part_count": "15", "a little bit extra tim,e cause was distracted after finish": "1"}, {"type": "strippit", "task": "Ssp back panel 18 h setup", "start": "2022-03-08 11:44:42.980743", "end": "2022-03-08 11:53:42.991292", "part_count": "1", "error downtime": "error caxis about half the time"}, {"type": "strippit", "task": "Ssp back panel 18 h ", "start": "2022-03-08 11:54:21.133359", "end": "2022-03-08 12:20:20.044097", "part_count": "0", "see notes for count": "1"}, {"type": "error", "task": "Back panel ssp 24 h debug", "start": "2022-03-08 12:35:19.619677", "end": "2022-03-08 12:45:37.739563", "part_count": "0", "error wron part": "1"}, {"type": "strippit", "task": "Dbl ssp back panel 18 h", "start": "2022-03-08 08:58:12.161595", "end": "2022-03-08 09:26:57.968626", "part_count": "1", "setup finished": "1"}, {"type": "strippit", "task": "Dbl ssp back panel 18 h", "start": "2022-03-08 09:27:26.048676", "end": "2022-03-08 10:02:05.025927", "part_count": "22", "see paper notes": "1"}, {"type": "dbbl ssp back panel 24 ", "task": "Dbbl ssp back panel 24 ", "start": "2022-03-08 10:06:06.373951", "end": "2022-03-08 10:24:35.052299", "part_count": "6", "downtime": "start"}, {"type": "strippit", "task": "Dbl ssp leg chanel setup", "start": "2022-03-08 11:19:19.435267", "end": "2022-03-08 11:24:52.823453", "part_count": "1", "setup including inspect ideal": "1"}, {"type": "ssp dbl side panel 24 h", "task": "Ssp dbl side panel 24 h", "start": "2022-03-07 11:58:34.925267", "end": "2022-03-07 12:16:35.804365", "part_count": "34"}, {"type": "search file", "task": "Shp valve cover 12", "start": "2022-03-07 13:29:29.142854", "end": "2022-03-07 13:49:24.728954", "part_count": "1"}, {"type": "repair", "task": "Error t17", "start": "2022-03-07 13:55:38.802011", "end": "2022-03-07 13:58:34.395919", "part_count": "0"}, {"type": "shp valve cover 12 dbl", "task": "Shp valve cover 12 dbl", "start": "2022-03-07 13:59:02.444769", "end": "2022-03-07 14:10:44.102801", "part_count": "10"}, {"type": "strippit", "task": "Ssp dbl side panel 18 h", "start": "2022-03-07 09:32:48.559503", "end": "2022-03-07 09:37:45.100424", "part_count": "0"}, {"type": "strippit", "task": "Shp or smg valve cover", "start": "2022-03-07 14:28:13.781845", "end": "2022-03-07 14:42:58.537399", "part_count": "11"}, {"type": "scb valve cover 1`2", "task": "Scb valve cover 12", "start": "2022-03-07 14:51:28.268294", "end": "2022-03-07 15:05:36.940985", "part_count": "9"}, {"type": "strippit", "task": "Ssp dbl side panel 24 h", "start": "2022-03-07 10:15:12.986372", "end": "2022-03-07 10:27:42.848489", "part_count": "0"}, {"type": "downtime", "task": "Strippit", "start": "2022-03-07 11:35:12.553202", "end": "2022-03-07 11:42:59.968824", "part_count": "0"}, {"type": "ssp dbl side panel 24 h", "task": "Downend", "start": "2022-03-07 11:51:45.736548", "end": "2022-03-07 11:58:23.069246", "part_count": "0"}, {"type": "strippit", "task": "Back panel ssp 24 h", "start": "2022-03-08 12:22:21.459110", "end": "2022-03-08 12:34:50.010825", "part_count": "0"}, {"type": "strippit", "task": "Back panel ssp 24 h ", "start": "2022-03-08 12:46:01.326804", "end": "2022-03-08 13:22:36.110259", "part_count": "40"}, {"type": "break", "task": "Break", "start": "2022-03-08 13:22:51.538686", "end": "2022-03-08 13:48:36.799400", "part_count": "0"}, {"type": "strippit", "task": "Dbl ssp back panel 24 setup", "start": "2022-03-08 10:03:08.814439", "end": "2022-03-08 10:05:52.349527", "part_count": "1"}, {"type": "dbbl ssp back panel 24 down", "task": "Dbbl ssp back panel 24 down", "start": "2022-03-08 10:25:22.632382", "end": "2022-03-08 10:26:08.855263", "part_count": "0"}, {"type": "dbbl ssp back panel 24 ", "task": "", "start": "2022-03-08 10:32:17.499511", "end": "2022-03-08 10:32:20.619516", "part_count": "0"}, {"type": "dbbl ssp back panel 24 break end", "task": "Dbbl ssp back panel 24 ", "start": "2022-03-08 11:06:08.186278", "end": "2022-03-08 11:18:20.123963", "part_count": "20"}]