[{"name": "back flue panel", "punch_count": "41", "ideal_time": "58s", "tools": "1,9,8,3,11", "size": "41x9", "material": "18g GAL", "uid": "05affb95"}, {"punch_count": "46", "ideal_time": "1M21S", "tools": "2,11,1,14,4,5,3", "size": "26.5X22", "material": "ALS", "uid": "0e3993ae"}, {"punch_count": "hebroke", "ideal_time": "removed", "tools": "", "size": "", "material": "", "uid": "08d2d81f"}, {"type": "strippit", "task": "Dbl ssp leg chanel ", "start": "2022-03-08 11:25:31.901522", "end": "2022-03-08 11:43:06.057773", "part_count": "15", "a little bit extra tim,e cause was distracted after finish": "1"}, {"type": "ssp dbl side panel 24 h", "task": "Ssp dbl side panel 24 h", "start": "2022-03-07 11:58:34.925267", "end": "2022-03-07 12:16:35.804365", "part_count": "34"}, {"type": "strippit", "task": "Ssp back panel 18 h setup", "start": "2022-03-08 11:44:42.980743", "end": "2022-03-08 11:53:42.991292", "part_count": "1", "error downtime": "error caxis about half the time"}, {"type": "strippit", "task": "Valve cover dbll ssp", "start": "2022-03-07 12:26:52.957049", "end": "2022-03-07 12:26:56.389055", "part_count": "0", "enddown": "start down is delta from last", "reason": "wrong part"}, {"type": "repair", "task": "Clamp hose", "start": "2022-03-07 12:37:36.192979", "end": "2022-03-07 12:39:41.351999", "part_count": "0", "enddowntime": "reason wrong part"}, {"type": "strippit", "task": "Ssp back panel 18 h ", "start": "2022-03-08 11:54:21.133359", "end": "2022-03-08 12:20:20.044097", "part_count": "0", "see notes for count": "1"}, {"type": "strippit", "task": "Back panel ssp 24 h", "start": "2022-03-08 12:22:21.459110", "end": "2022-03-08 12:34:50.010825", "part_count": "0"}, {"type": "strippit", "task": "Ssp valve cover regular", "start": "2022-03-07 12:40:10.414850", "end": "2022-03-07 13:07:11.398097", "part_count": "45", "outputed embeded": "first task from today -> out"}, {"type": "error", "task": "Back panel ssp 24 h debug", "start": "2022-03-08 12:35:19.619677", "end": "2022-03-08 12:45:37.739563", "part_count": "0", "error wron part": "1"}, {"type": "strippit", "task": "Ssp valve cover jet", "start": "2022-03-07 13:12:28.901062", "end": "2022-03-07 13:21:08.662775", "part_count": "9", "error": "slug up"}, {"type": "strippit", "task": "Back panel ssp 24 h ", "start": "2022-03-08 12:46:01.326804", "end": "2022-03-08 13:22:36.110259", "part_count": "40"}, {"type": "strippit", "task": "Shp valve cover 12", "start": "2022-03-07 13:26:26.560133", "end": "2022-03-07 13:28:58.863201", "part_count": "0", "start downtime": "1"}, {"type": "break", "task": "Break", "start": "2022-03-08 13:22:51.538686", "end": "2022-03-08 13:48:36.799400", "part_count": "0"}, {"type": "search file", "task": "Shp valve cover 12", "start": "2022-03-07 13:29:29.142854", "end": "2022-03-07 13:49:24.728954", "part_count": "1"}, {"type": "strippit", "task": "Shp valve cover 12 dbl", "start": "2022-03-07 13:49:58.518613", "end": "2022-03-07 13:55:04.606751", "part_count": "0", "downtime start": "1"}, {"type": "repair", "task": "Error t17", "start": "2022-03-07 13:55:38.802011", "end": "2022-03-07 13:58:34.395919", "part_count": "0"}, {"type": "shp valve cover 12 dbl", "task": "Shp valve cover 12 dbl", "start": "2022-03-07 13:59:02.444769", "end": "2022-03-07 14:10:44.102801", "part_count": "10"}, {"type": "strippit", "task": "Dbl ssp back panel 18 h", "start": "2022-03-08 08:58:12.161595", "end": "2022-03-08 09:26:57.968626", "part_count": "1", "setup finished": "1"}, {"type": "strippit", "task": "Ssp dbl side panel 18 h", "start": "2022-03-07 09:32:48.559503", "end": "2022-03-07 09:37:45.100424", "part_count": "0"}, {"type": "strippit", "task": "Scb valve cover 12 setup", "start": "2022-03-07 14:12:18.607767", "end": "2022-03-07 14:17:08.347076", "part_count": "0", "start inspect": "1"}, {"type": "scb valve cover 12 ", "task": "Scb valve cover 12 ", "start": "2022-03-07 14:17:30.623915", "end": "2022-03-07 14:26:31.788865", "part_count": "2", "cancveld": "code smell"}, {"type": "strippit", "task": "Shp or smg valve cover", "start": "2022-03-07 14:28:13.781845", "end": "2022-03-07 14:42:58.537399", "part_count": "11"}, {"type": "strippit", "task": "Valve cover 12 shp ", "start": "2022-03-07 14:44:58.142809", "end": "2022-03-07 14:50:51.592630", "part_count": "0", "wrong program": "scrap 1"}, {"type": "scb valve cover 1`2", "task": "Scb valve cover 12", "start": "2022-03-07 14:51:28.268294", "end": "2022-03-07 15:05:36.940985", "part_count": "9"}, {"type": "strippit", "task": "back_manifold_support_bracket", "start": "2022-03-03 09:31:04.803210", "end": "2022-03-03 11:52:02.661266", "part_count": 36, "setup_end": "09:50", "tool_change_count": 2}, {"type": "strippit", "task": "Dbl ssp back panel 18 h", "start": "2022-03-08 09:27:26.048676", "end": "2022-03-08 10:02:05.025927", "part_count": "22", "see paper notes": "1"}, {"type": "strippit", "task": "inside_panel_srb", "start": "2022-03-04 11:08:42.300732", "end": "2022-03-04 11:38:29.689471", "part_count": "19", "errors": "1", "scraped": "1"}, {"type": "strippit", "task": "Ssp dbl sidew panel 18 h", "start": "2022-03-07 09:38:08.999666", "end": "2022-03-07 09:53:20.462467", "part_count": "1", "setup": "1"}, {"type": "strippit", "task": "Dbl ssp back panel 24 setup", "start": "2022-03-08 10:03:08.814439", "end": "2022-03-08 10:05:52.349527", "part_count": "1"}, {"type": "strippit", "task": "inside_panel_shp_single", "start": "2022-03-03 11:57:21.650627", "end": "2022-03-03 13:04:45.505329", "part_count": 1, "scrap": 1, "setup_end": "13:01", "tool_change_count": 3}, {"type": "strippit", "task": "Ssp dbl side panel 18 h", "start": "2022-03-07 09:53:55.843329", "end": "2022-03-07 10:14:26.935091", "part_count": "22", "scrap": "1"}, {"type": "dbbl ssp back panel 24 ", "task": "Dbbl ssp back panel 24 ", "start": "2022-03-08 10:06:06.373951", "end": "2022-03-08 10:24:35.052299", "part_count": "6", "downtime": "start"}, {"type": "strippit", "task": "Ssp dbl side panel 24 h", "start": "2022-03-07 10:15:12.986372", "end": "2022-03-07 10:27:42.848489", "part_count": "0"}, {"type": "dbbl ssp back panel 24 down", "task": "Dbbl ssp back panel 24 down", "start": "2022-03-08 10:25:22.632382", "end": "2022-03-08 10:26:08.855263", "part_count": "0"}, {"type": "repair", "task": "Strippit hose broke", "start": "2022-03-07 10:27:57.216114", "end": "2022-03-07 11:08:35.749997", "part_count": "0", "plus lunch": "1"}, {"type": "dbl ssp back panel 24 ", "task": "Dbl ssp back panel 24 ", "start": "2022-03-08 10:26:38.573316", "end": "2022-03-08 10:31:27.532623", "part_count": "2", "break": "start", "note": "check next for actual number"}, {"type": "strippit", "task": "inside_panel_shp_single", "start": "2022-03-03 13:59:46.802728", "end": "2022-03-03 14:24:41.581754", "setup_end": "13:03", "part_count": 12, "scrap": 1, "tool_change_count": 3}, {"type": "ssp dbl side panel 24 h", "task": "Ssp dbl side panel 24 h", "start": "2022-03-07 11:09:01.755243", "end": "2022-03-07 11:34:36.439139", "part_count": "use totals", "downstart": "1"}, {"type": "dbbl ssp back panel 24 ", "task": "", "start": "2022-03-08 10:32:17.499511", "end": "2022-03-08 10:32:20.619516", "part_count": "0"}, {"type": "strip", "task": "back flue panel", "start": "2022-03-03 14:35:30.371293", "end": "2022-03-03 14:59:14.996995", "setup_end": "14:44", "part_count": 6, "tool_change_count": 3}, {"type": "downtime", "task": "Strippit", "start": "2022-03-07 11:35:12.553202", "end": "2022-03-07 11:42:59.968824", "part_count": "0"}, {"type": "dbbl ssp back panel 24 break end", "task": "Dbbl ssp back panel 24 ", "start": "2022-03-08 11:06:08.186278", "end": "2022-03-08 11:18:20.123963", "part_count": "20"}, {"type": "ssp dbl side panel 24 h", "task": "Ssp dbl side panel 24 h", "start": "2022-03-07 11:43:15.802852", "end": "2022-03-07 11:51:02.836473", "part_count": "use total", "down start": "1"}, {"type": "strippit", "task": "Dbl ssp leg chanel setup", "start": "2022-03-08 11:19:19.435267", "end": "2022-03-08 11:24:52.823453", "part_count": "1", "setup including inspect ideal": "1"}, {"type": "ssp dbl side panel 24 h", "task": "Downend", "start": "2022-03-07 11:51:45.736548", "end": "2022-03-07 11:58:23.069246", "part_count": "0"}, {"type": "downtime", "task": "compressor_waiting", "start": "2022-03-02 12:50:20.354746", "end": "2022-03-02 12:50:22.170850"}, {"punch_count": "95", "ideal_time": "1m59s", "tools": "2,4,14,10,11", "size": "72x11", "material": "HR", "uid": "46f2da23"}, {"name": "high front range 24", "unload time": "14s", "debur time": "11s", "runtime": "49s", "size": "30 x 22.5", "t": "3,7, 1, 11, 8,", "pc": "50", "material": "SS 20 g"}, {"punch_count": "60", "ideal_time": "2m3s", "tools": "8,1,3,7,11", "size": "22x66", "material": "20Gss", "uid": "27f2c62a"}, {"task": "job1", "start": "2022-03-02 10:05:34.338299", "end": "2022-03-02 10:05:36.129401"}, {"task": "landing_ledge_36_tchange", "start": "2022-03-02 10:45:53.729680", "end": "2022-03-02 10:55:23.874290", "part_count": 0}, {"task": "test", "start": "2022-03-02 10:10:20.857687", "end": "2022-03-02 10:10:21.945749", "part_count": "4"}, {"type": "downtime", "task": "waiting_compressor", "start": "2022-03-02 12:49:30.122873", "end": "2022-03-02 12:49:33.866087", "part_count": 0, "extra": []}, {"task": "back_burner_support_36", "start": "2022-03-02 10:11:06.082273", "end": "2022-03-02 10:21:59.217630", "part_count": 1}, {"type": "downtime", "task": "compressor_waiting", "start": "2022-03-02 12:50:20.354746", "end": "2022-03-02 12:50:22.170850", "part_count": 0, "extra": []}, {"type": "strippt", "task": "cross_support_12", "start": "2022-03-02 13:16:43.746311", "end": "2022-03-02 14:31:59.530599", "part_count": 45}, {"task": "landing_ledge_36", "start": "2022-03-02 10:55:44.938495", "end": "2022-03-02 11:02:13.753734", "part_count": 5}, {"task": "back_burner_support_36", "start": "2022-03-02 10:22:14.601510", "end": "2022-03-02 10:42:15.674208", "part_count": 14}, {"type": "strippit", "task": "high_front_36_low_range", "start": "2022-03-02 14:34:18.890570", "end": "2022-03-02 15:13:16.659283", "part_count": 0, "tool_change_count": 1, "code_change_count": 2}, {"task": "landing_ledge_48", "start": "2022-03-02 11:02:47.889686", "end": "2022-03-02 11:10:25.473859", "part_count": 5}, {"task": "landing_ledge_48_after_lunch", "start": "2022-03-02 11:44:23.826446", "end": "2022-03-02 11:46:47.562667", "part_count": 2}, {"type": "strippit", "task": "ssp_valve_cover", "start": "2022-03-02 15:52:20.931368", "end": "2022-03-02 15:52:23.555518", "part_count": 0}, {"type": "strippit", "task": "ssp_valve_cover_jet", "start": "2022-03-02 14:36:58.067492", "end": "2022-03-02 15:10:02.000000", "part_count": 10}, {"punch_count": "2", "ideal_time": "32s", "tools": "16,11", "size": "48x12.7", "material": "20Gs", "uid": "35023ce0"}, {"punch_count": "4", "ideal_time": "34s", "tools": "16,11", "size": "72x12.7", "material": "20Gss", "uid": "662c3acb"}, {"punch_count": "79", "ideal_time": "1m46s", "tools": "4,9,19,14", "size": "60x27", "material": "HR", "uid": "5075332d"}, {"type": "strippit", "task": "inside_panel_srb", "start": "2022-03-04 11:08:42.300732", "end": "2022-03-04 11:38:29.689471", "part_count": "19", "error_count": 2, "scrap": 1, "tool_change_count": 3}, {"type": "strippit", "task": "griddle_baffle_60", "start": "2022-03-04 09:14:51.592184", "end": "2022-03-04 09:46:28.773916", "setup_end": "09:28", "part_count": "6"}, {"type": "Repair", "task": "Strippit turret fault repair", "start": "2022-03-04 12:11:48.380582", "end": "2022-03-04 12:21:55.611648"}, {"type": "strippit_maintaince", "task": "maintainence_01922398jfI", "start": "2022-03-03 13:47:33.133439", "end": "2022-03-03 13:58:41.501013"}, {"time_type": "UpTime", "machine": "Strippit", "task_type": "Setup", "action": "De-burr", "task": "valve cover regular 12", "start": "2022-03-09 12:34:17.841058", "end": "2022-03-09 12:39:14.319578", "part_count": "22"}, {"punch_count": "?", "ideal_time": "29s", "tools": "?", "size": "30x10", "material": "SS", "uid": "5ea62afb"}, {"punch_count": "20", "ideal_time": "41S", "tools": "1,14,9,16,17", "size": "36X6.5", "material": "20Gss", "uid": "256fbeff"}, {"punch_count": "23", "ideal_time": "44", "cycle_time": "0", "tools": "14,17,20,9,16", "in": "6", "out": "6", "tool_change": "1", "uid": "acf60e70"}, {"punch_count": "31", "ideal_time": "null", "cycle_time": "null", "tools": "14,17,9,20,1", "in": "6", "out": "67", "tool_change": "n", "uid": "a3e563d8"}, {"punch_count": "31", "it = 1m 36 s": "1m36s", "pc = 31": "31", "pm = 3": "3", "height": "6.5", "material": "SS", "tools": "14,17,9,20,16,1", "uid": "47e0e6f7"}, {"type": "PartDim", "name": "Valve Cover Thermo 36 SMG ", "it = 1m 36 s": "1m36s", "pc = 31": "31", "pm = 3": "3", "height": "6.5", "material": "SS", "and add the count = 1": 1, "punch_count": 24, "ideal_time": "41s", "tools:": "1,14,9,16,17"}, {"type": "", "task": "", "start": "2022-03-04 08:54:39.594855", "end": "2022-03-04 08:54:43.541662", "part_count": ""}, {"type": "test", "task": "g", "start": "2022-03-07 09:16:58.642635", "end": "2022-03-07 09:17:00.764238", "part_count": "4"}, {"type": "strippit", "task": "srb_valve_cover_36", "start": "2022-03-04 11:07:46.686634", "end": "2022-03-04 11:08:23.705499", "part_count": "0"}, {"type": "d", "task": "test", "start": "2022-03-04 08:51:06.436080", "end": "2022-03-04 08:51:08.542084", "part_count": "99", "kk": "vv"}, {"type": "test", "task": "testname", "start": "2022-03-03 09:47:54.365385", "end": "2022-03-03 09:47:56.128188", "part_count": "10", "key": "value"}, {"type": "", "task": "", "start": "2022-03-04 08:54:45.975266", "end": "2022-03-04 08:54:51.450876", "part_count": "0"}, {"type": "strippit", "task": "griddle_baffle_60", "start": "2022-03-04 09:01:54.149218", "end": "2022-03-04 09:02:42.977304", "part_count": "0", "note": "break start"}, {"type": "strippit", "task": "ssp_front_cross_support", "start": "2022-03-04 11:40:23.850472", "end": "2022-03-04 12:10:06.762003", "part_count": "0", "error": "turret fault", "tool chaneg": "4", "tc count ": "1", "notess": "downtime for error"}, {"type": "3", "task": "fff", "start": "2022-03-03 13:46:44.804555", "end": "2022-03-03 13:46:46.598558", "part_count": "0"}, {"type": "strippit", "task": "griddle_baffle_60", "start": "2022-03-04 09:14:51.592184", "end": "2022-03-04 09:46:28.773916", "part_count": "6", "ordered by": "mm"}, {"type": "strippit debug and repair", "task": "turret fault", "start": "2022-03-04 12:11:48.380582", "end": "2022-03-04 12:21:55.611648", "part_count": "0"}, {"type": "strippit", "task": "front_cross_support_ssp", "start": "2022-03-04 12:23:25.998207", "end": "2022-03-04 13:31:23.664171", "part_count": "81", "stop ": "for break"}, {"type": "strippit_maintaince", "task": "maintainence_1", "start": "2022-03-03 13:47:33.133439", "end": "2022-03-03 13:58:41.501013", "part_count": "1", "t": "f"}, {"type": "strippit", "task": "srb_valve_cover_36", "start": "2022-03-04 09:48:23.340517", "end": "2022-03-04 10:05:24.689911", "part_count": "6", "tools_used": "t14,10,t11,tO1", "tchange": "1", "tchangetarget": "13->14", "setupendtime": "9.57"}, {"type": "strippit", "task": "burner_hangover_stock_pot", "start": "2022-03-04 14:04:58.227111", "end": "2022-03-04 15:02:47.142804", "part_count": "10", "notes": "see paper notes"}, {"type": "strippit", "task": "Dbl ssp leg chanel ", "start": "2022-03-08 11:25:31.901522", "end": "2022-03-08 11:42", "part_count": "15", "time_type": "UpTime", "machine": "Strippit", "task_type": "Production"}, {"type": "strippit", "task": "Ssp back panel 18 h setup", "start": "2022-03-08 11:44:42.980743", "end": "2022-03-08 11:53:42.991292", "part_count": "1", "error downtime": "error caxis about half the time", "time_type": "UpTime", "machine": "Strippit", "task_type": "Production"}, {"type": "strippit", "task": "Ssp back panel 18 h ", "start": "2022-03-08 11:54:21.133359", "end": "2022-03-08 12:20:20.044097", "part_count": "0", "see notes for count": "1", "time_type": "UpTime", "machine": "Strippit", "task_type": "Production"}, {"type": "strippit", "task": "Back panel ssp 24 h", "start": "2022-03-08 12:22:21.459110", "end": "2022-03-08 12:34:50.010825", "part_count": "0", "time_type": "UpTime", "machine": "Strippit", "task_type": "Production"}, {"type": "error", "task": "Back panel ssp 24 h debug", "start": "2022-03-08 12:35:19.619677", "end": "2022-03-08 12:45:37.739563", "part_count": "0", "error wron part": "1", "time_type": "UpTime", "machine": "Strippit", "task_type": "Production"}, {"type": "strippit", "task": "Back panel ssp 24 h ", "start": "2022-03-08 12:46:01.326804", "end": "2022-03-08 13:22:36.110259", "part_count": "40", "time_type": "UpTime", "machine": "Strippit", "task_type": "Production"}, {"type": "break", "task": "Break", "start": "2022-03-08 13:22:51.538686", "end": "2022-03-08 13:48:36.799400", "part_count": "0", "time_type": "UpTime", "machine": "Strippit", "task_type": "Production"}, {"type": "strippit", "task": "Dbl ssp back panel 18 h", "start": "2022-03-08 08:58:12.161595", "end": "2022-03-08 09:26:57.968626", "part_count": "1", "setup finished": "1", "time_type": "UpTime", "machine": "Strippit", "task_type": "Production"}, {"type": "strippit", "task": "Dbl ssp back panel 18 h", "start": "2022-03-08 09:27:26.048676", "end": "2022-03-08 10:02:05.025927", "part_count": "22", "see paper notes": "1", "time_type": "UpTime", "machine": "Strippit", "task_type": "Production"}, {"type": "strippit", "task": "Dbbl ssp back panel 24 setup", "start": "2022-03-08 10:03:08.814439", "end": "2022-03-08 10:05:52.349527", "part_count": "1", "time_type": "UpTime", "machine": "Strippit", "task_type": "Production"}, {"type": "dbbl ssp back panel 24 ", "task": "Dbbl ssp back panel 24 ", "start": "2022-03-08 10:06:06.373951", "end": "2022-03-08 10:24:35.052299", "part_count": "6", "downtime": "start", "time_type": "UpTime", "machine": "Strippit", "task_type": "Production"}, {"type": "dbbl ssp back panel 24 down", "task": "Dbbl ssp back panel 24 down", "start": "2022-03-08 10:25:22.632382", "end": "2022-03-08 10:26:08.855263", "part_count": "0", "time_type": "UpTime", "machine": "Strippit", "task_type": "Production"}, {"type": "dbbl ssp back panel 24 ", "task": "Dbbl ssp back panel 24 ", "start": "2022-03-08 10:26:38.573316", "end": "2022-03-08 10:31:27.532623", "part_count": "2", "break": "start", "note": "check next for actual number", "time_type": "UpTime", "machine": "Strippit", "task_type": "Production"}, {"type": "dbbl ssp back panel 24 ", "task": "", "start": "2022-03-08 10:32:17.499511", "end": "2022-03-08 10:32:20.619516", "part_count": "0", "time_type": "UpTime", "machine": "Strippit", "task_type": "Production"}, {"type": "dbbl ssp back panel 24 break end", "task": "Dbbl ssp back panel 24 ", "start": "2022-03-08 11:06:08.186278", "end": "2022-03-08 11:18:20.123963", "part_count": "20", "time_type": "UpTime", "machine": "Strippit", "task_type": "Production"}, {"type": "strippit", "task": "Dbl ssp leg chanel setup", "start": "2022-03-08 11:19:19.435267", "end": "2022-03-08 11:24:52.823453", "part_count": "1", "setup including inspect ideal": "1", "time_type": "UpTime", "machine": "Strippit", "task_type": "Production"}, {"type": "ssp dbl side panel 24 h", "task": "Ssp dbl side panel 24 h", "start": "2022-03-07 11:58:34.925267", "end": "2022-03-07 12:16:35.804365", "part_count": "34", "time_type": "UpTime", "machine": "Strippit", "task_type": "Production"}, {"type": "strippit", "task": "Valve cover dbll ssp", "start": "2022-03-07 12:26:52.957049", "end": "2022-03-07 12:26:56.389055", "part_count": "0", "enddown": "start down is delta from last", "reason": "wrong part", "time_type": "UpTime", "machine": "Strippit", "task_type": "Production"}, {"type": "repair", "task": "Clamp hose", "start": "2022-03-07 12:37:36.192979", "end": "2022-03-07 12:39:41.351999", "part_count": "0", "enddowntime": "reason wrong part", "time_type": "UpTime", "machine": "Strippit", "task_type": "Production"}, {"type": "strippit", "task": "Ssp valve cover regular", "start": "2022-03-07 12:40:10.414850", "end": "2022-03-07 13:07:11.398097", "part_count": "45", "outputed embeded": "first task from today -> out", "time_type": "UpTime", "machine": "Strippit", "task_type": "Production"}, {"type": "strippit", "task": "Ssp valve cover jet", "start": "2022-03-07 13:12:28.901062", "end": "2022-03-07 13:21:08.662775", "part_count": "9", "error": "slug up", "time_type": "UpTime", "machine": "Strippit", "task_type": "Production"}, {"type": "strippit", "task": "Shp valve cover 12", "start": "2022-03-07 13:26:26.560133", "end": "2022-03-07 13:28:58.863201", "part_count": "0", "start downtime": "1", "time_type": "UpTime", "machine": "Strippit", "task_type": "Production"}, {"type": "search file", "task": "Shp valve cover 12", "start": "2022-03-07 13:29:29.142854", "end": "2022-03-07 13:49:24.728954", "part_count": "1", "time_type": "UpTime", "machine": "Strippit", "task_type": "Production"}, {"type": "strippit", "task": "Shp valve cover 12 dbl", "start": "2022-03-07 13:49:58.518613", "end": "2022-03-07 13:55:04.606751", "part_count": "0", "downtime start": "1", "time_type": "UpTime", "machine": "Strippit", "task_type": "Production"}, {"type": "repair", "task": "Error t17", "start": "2022-03-07 13:55:38.802011", "end": "2022-03-07 13:58:34.395919", "part_count": "0", "time_type": "UpTime", "machine": "Strippit", "task_type": "Production"}, {"type": "shp valve cover 12 dbl", "task": "Shp valve cover 12 dbl", "start": "2022-03-07 13:59:02.444769", "end": "2022-03-07 14:10:44.102801", "part_count": "10", "time_type": "UpTime", "machine": "Strippit", "task_type": "Production"}, {"type": "strippit", "task": "Ssp dbl side panel 18 h", "start": "2022-03-07 09:32:48.559503", "end": "2022-03-07 09:37:45.100424", "part_count": "0", "time_type": "UpTime", "machine": "Strippit", "task_type": "Production"}, {"type": "strippit", "task": "Scb valve cover 12 setup", "start": "2022-03-07 14:12:18.607767", "end": "2022-03-07 14:17:08.347076", "part_count": "0", "start inspect": "1", "time_type": "UpTime", "machine": "Strippit", "task_type": "Production"}, {"type": "scb valve cover 12 ", "task": "Scb valve cover 12 ", "start": "2022-03-07 14:17:30.623915", "end": "2022-03-07 14:26:31.788865", "part_count": "2", "cancveld": "code smell", "time_type": "UpTime", "machine": "Strippit", "task_type": "Production"}, {"type": "strippit", "task": "Shp or smg valve cover", "start": "2022-03-07 14:28:13.781845", "end": "2022-03-07 14:42:58.537399", "part_count": "11", "time_type": "UpTime", "machine": "Strippit", "task_type": "Production"}, {"type": "strippit", "task": "Valve cover 12 shp ", "start": "2022-03-07 14:44:58.142809", "end": "2022-03-07 14:50:51.592630", "part_count": "0", "wrong program": "scrap 1", "time_type": "UpTime", "machine": "Strippit", "task_type": "Production"}, {"type": "scb valve cover 1`2", "task": "Scb valve cover 12", "start": "2022-03-07 14:51:28.268294", "end": "2022-03-07 15:05:36.940985", "part_count": "9", "time_type": "UpTime", "machine": "Strippit", "task_type": "Production"}, {"type": "strippit", "task": "Ssp dbl sidew panel 18 h", "start": "2022-03-07 09:38:08.999666", "end": "2022-03-07 09:53:20.462467", "part_count": "1", "setup": "1", "time_type": "UpTime", "machine": "Strippit", "task_type": "Production"}, {"type": "strippit", "task": "Ssp dbl side panel 18 h", "start": "2022-03-07 09:53:55.843329", "end": "2022-03-07 10:14:26.935091", "part_count": "22", "scrap": "1", "time_type": "UpTime", "machine": "Strippit", "task_type": "Production"}, {"type": "strippit", "task": "Ssp dbl side panel 24 h", "start": "2022-03-07 10:15:12.986372", "end": "2022-03-07 10:27:42.848489", "part_count": "0", "time_type": "UpTime", "machine": "Strippit", "task_type": "Production"}, {"type": "repair", "task": "Strippit hose broke", "start": "2022-03-07 10:27:57.216114", "end": "2022-03-07 11:08:35.749997", "part_count": "0", "plus lunch": "1", "time_type": "UpTime", "machine": "Strippit", "task_type": "Production"}, {"type": "ssp dbl side panel 24 h", "task": "Ssp dbl side panel 24 h", "start": "2022-03-07 11:09:01.755243", "end": "2022-03-07 11:34:36.439139", "part_count": "use totals", "downstart": "1", "time_type": "UpTime", "machine": "Strippit", "task_type": "Production"}, {"type": "downtime", "task": "Strippit", "start": "2022-03-07 11:35:12.553202", "end": "2022-03-07 11:42:59.968824", "part_count": "0", "time_type": "UpTime", "machine": "Strippit", "task_type": "Production"}, {"type": "ssp dbl side panel 24 h", "task": "Ssp dbl side panel 24 h", "start": "2022-03-07 11:43:15.802852", "end": "2022-03-07 11:51:02.836473", "part_count": "use total", "down start": "1", "time_type": "UpTime", "machine": "Strippit", "task_type": "Production"}, {"type": "ssp dbl side panel 24 h", "task": "Downend", "start": "2022-03-07 11:51:45.736548", "end": "2022-03-07 11:58:23.069246", "part_count": "0", "time_type": "UpTime", "machine": "Strippit", "task_type": "Production"}, {"type": "strippit", "task": "shp back stop 12", "start": "2022-03-10 09:43:42.970096", "end": "2022-03-10 09:43:46.041968", "part_count": "5", "time_type": "UpTime", "machine": "Strippit", "task_type": "Production", "error_count": "", "error_type": "", "tool_change_count": "", "debur_time": "", "search_dir_time": "", "search_book_time": "", "name": "", "product_class": "", "width": "", "height": "", "material": ""}, {"type": "strippit", "task": "shp back 12 real", "start": "2022-03-10 09:44:00.938240", "end": "2022-03-10 10:09:51.618821", "part_count": "24", "error": "clamp too close", "time_type": "UpTime", "machine": "Strippit", "task_type": "Production", "error_count": "", "error_type": "", "tool_change_count": "", "debur_time": "", "search_dir_time": "", "search_book_time": "", "name": "", "product_class": "", "width": "", "height": "", "material": ""}, {"type": "Strippit", "task": "backstop dbl shp 12", "start": "2022-03-10 10:16:52.954979", "end": "2022-03-10 10:19:11.915089", "part_count": "0", "setup_finished": "1", "time_type": "UpTime", "machine": "Strippit", "task_type": "Production", "error_count": "", "error_type": "", "tool_change_count": "", "debur_time": "", "search_dir_time": "", "search_book_time": "", "name": "", "product_class": "", "width": "", "height": "", "material": ""}, {"type": "Strippit", "task": "samelast", "start": "2022-03-10 10:20:53.779099", "end": "2022-03-10 10:28:36.315248", "part_count": "15", "time_type": "UpTime", "machine": "Strippit", "task_type": "Production", "error_count": "", "error_type": "", "tool_change_count": "", "debur_time": "", "search_dir_time": "", "search_book_time": "", "name": "", "product_class": "", "width": "", "height": "", "material": ""}, {"type": "Strippit", "task": "ssp crumb tray", "start": "2022-03-10 10:29:27.003313", "end": "2022-03-10 10:31:20.091225", "part_count": "1", "lunch": "start", "time_type": "UpTime", "machine": "Strippit", "task_type": "Production", "error_count": "", "error_type": "", "tool_change_count": "", "debur_time": "", "search_dir_time": "", "search_book_time": "", "name": "", "product_class": "", "width": "", "height": "", "material": ""}, {"type": "Strippit", "task": "ssp crumb tray", "start": "2022-03-10 11:08:14.155977", "end": "2022-03-10 11:31:00.964463", "part_count": "28", "time_type": "UpTime", "machine": "Strippit", "task_type": "Production", "error_count": "", "error_type": "", "tool_change_count": "", "debur_time": "", "search_dir_time": "", "search_book_time": "", "name": "", "product_class": "", "width": "", "height": "", "material": ""}, {"type": "Strippit", "task": "front manifold support ", "start": "2022-03-10 11:36:23.428443", "end": "2022-03-10 11:39:30.876853", "part_count": "0", "setup continued": "confirm part", "time_type": "UpTime", "machine": "Strippit", "task_type": "Production", "error_count": "", "error_type": "", "tool_change_count": "", "debur_time": "", "search_dir_time": "", "search_book_time": "", "name": "", "product_class": "", "width": "", "height": "", "material": ""}, {"type": "Strippit", "task": "front manifold support 12", "start": "2022-03-10 11:40:03.404657", "end": "2022-03-10 12:04:33.349316", "part_count": "1", "setup continued": "current 16m", "time_type": "UpTime", "machine": "Strippit", "task_type": "Production", "error_count": "", "error_type": "", "tool_change_count": "", "debur_time": "", "search_dir_time": "", "search_book_time": "", "name": "", "product_class": "", "width": "", "height": "", "material": ""}, {"type": "Strippit", "task": "front manifold suppoprt 12", "start": "2022-03-10 12:08:26.989254", "end": "2022-03-10 12:52:28.502221", "part_count": "36", "theone": "1", "time_type": "UpTime", "machine": "Strippit", "task_type": "Production", "error_count": "", "error_type": "", "tool_change_count": "", "debur_time": "", "search_dir_time": "", "search_book_time": "", "name": "", "product_class": "", "width": "", "height": "", "material": ""}, {"type": "backstop dbl shp confirm part", "task": "above", "start": "2022-03-10 10:19:55.890947", "end": "2022-03-10 10:20:24.283031", "part_count": "1", "addto": "20", "time_type": "UpTime", "machine": "Strippit", "task_type": "Production", "error_count": "", "error_type": "", "tool_change_count": "", "debur_time": "", "search_dir_time": "", "search_book_time": "", "name": "", "product_class": "", "width": "", "height": "", "material": ""}, {"type": "lunchbreak", "task": "start", "start": "2022-03-10 10:31:38.187340", "end": "2022-03-10 11:07:25.540021", "part_count": "0", "breakend": "yes", "time_type": "UpTime", "machine": "Strippit", "task_type": "Production", "error_count": "", "error_type": "", "tool_change_count": "", "debur_time": "", "search_dir_time": "", "search_book_time": "", "name": "", "product_class": "", "width": "", "height": "", "material": ""}, {"type": "setup", "task": "searchfortask", "start": "2022-03-10 11:35:49.260659", "end": "2022-03-10 11:35:56.260588", "part_count": "0", "time_type": "UpTime", "machine": "Strippit", "task_type": "Production", "error_count": "", "error_type": "", "tool_change_count": "", "debur_time": "", "search_dir_time": "", "search_book_time": "", "name": "", "product_class": "", "width": "", "height": "", "material": ""}, {"type": "Debug", "task": "manifold support", "start": "2022-03-10 12:05:04.581256", "end": "2022-03-10 12:08:07.797456", "part_count": "1", "ttl": "end", "time_type": "UpTime", "machine": "Strippit", "task_type": "Production", "error_count": "", "error_type": "", "tool_change_count": "", "debur_time": "", "search_dir_time": "", "search_book_time": "", "name": "", "product_class": "", "width": "", "height": "", "material": ""}, {"type": "break", "task": "smoke", "start": "2022-03-10 12:52:55.246105", "end": "2022-03-10 12:54:51.214128", "part_count": "0", "waterbreak": "1", "time_type": "UpTime", "machine": "Strippit", "task_type": "Production", "error_count": "", "error_type": "", "tool_change_count": "", "debur_time": "", "search_dir_time": "", "search_book_time": "", "name": "", "product_class": "", "width": "", "height": "", "material": ""}, {"type": "break", "task": "smoke", "start": "2022-03-10 12:55:57.125746", "end": "2022-03-10 13:02:20.133906", "part_count": "0", "time_type": "UpTime", "machine": "Strippit", "task_type": "Production", "error_count": "", "error_type": "", "tool_change_count": "", "debur_time": "", "search_dir_time": "", "search_book_time": "", "name": "", "product_class": "", "width": "", "height": "", "material": ""}, {"type": "Strippit", "task": "manifold support 12 3", "start": "2022-03-10 13:02:38.078267", "end": "2022-03-10 13:16:30.846582", "part_count": "18", "time_type": "UpTime", "machine": "Strippit", "task_type": "Production", "error_count": "", "error_type": "", "tool_change_count": "", "debur_time": "", "search_dir_time": "", "search_book_time": "", "name": "", "product_class": "", "width": "", "height": "", "material": ""}, {"type": "Strippit", "task": "inside panel shp", "start": "2022-03-10 13:18:20.798236", "end": "2022-03-10 13:22:06.262415", "part_count": "0", "stop for repair": "start", "time_type": "UpTime", "machine": "Strippit", "task_type": "Production", "error_count": "", "error_type": "", "tool_change_count": "", "debur_time": "", "search_dir_time": "", "search_book_time": "", "name": "", "product_class": "", "width": "", "height": "", "material": ""}, {"type": "Strippit", "task": "inside panel shp", "start": "2022-03-10 13:54:11.319442", "end": "2022-03-10 14:03:11.271715", "part_count": "1", "t type": "setup and move clamps", "time_type": "UpTime", "machine": "Strippit", "task_type": "Production", "error_count": "", "error_type": "", "tool_change_count": "", "debur_time": "", "search_dir_time": "", "search_book_time": "", "name": "", "product_class": "", "width": "", "height": "", "material": ""}, {"type": "Strippit", "task": "inside panel shp", "start": "2022-03-10 14:03:41.144198", "end": "2022-03-10 14:13:34.431822", "part_count": "2", "additional": "clamp errors", "time_type": "UpTime", "machine": "Strippit", "task_type": "Production", "error_count": "", "error_type": "", "tool_change_count": "", "debur_time": "", "search_dir_time": "", "search_book_time": "", "name": "", "product_class": "", "width": "", "height": "", "material": ""}, {"type": "Repair", "task": "change screw", "start": "2022-03-10 13:22:40.806707", "end": "2022-03-10 13:30:40.374971", "part_count": "1", "additional": "toolchange 1 tool", "time_type": "UpTime", "machine": "Strippit", "task_type": "Production", "error_count": "", "error_type": "", "tool_change_count": "", "debur_time": "", "search_dir_time": "", "search_book_time": "", "name": "", "product_class": "", "width": "", "height": "", "material": ""}, {"type": "break", "task": "break 2", "start": "2022-03-10 13:31:17.246967", "end": "2022-03-10 13:42:43.063133", "part_count": "0", "time_type": "UpTime", "machine": "Strippit", "task_type": "Production", "error_count": "", "error_type": "", "tool_change_count": "", "debur_time": "", "search_dir_time": "", "search_book_time": "", "name": "", "product_class": "", "width": "", "height": "", "material": ""}, {"type": "Setup", "task": "tool change for shp inside panel", "start": "2022-03-10 13:44:40.247300", "end": "2022-03-10 13:50:13.871445", "part_count": "1", "time_type": "UpTime", "machine": "Strippit", "task_type": "Production", "error_count": "", "error_type": "", "tool_change_count": "", "debur_time": "", "search_dir_time": "", "search_book_time": "", "name": "", "product_class": "", "width": "", "height": "", "material": ""}, {"type": "Debug", "task": "Check punch ", "start": "2022-03-10 13:50:50.623461", "end": "2022-03-10 13:50:51.991385", "part_count": "0", "note": "last 2 are unscheduled type", "time_type": "UpTime", "machine": "Strippit", "task_type": "Production", "error_count": "", "error_type": "", "tool_change_count": "", "debur_time": "", "search_dir_time": "", "search_book_time": "", "name": "", "product_class": "", "width": "", "height": "", "material": ""}, {"type": "Debug", "task": "check punch thing", "start": "2022-03-10 13:51:17.679396", "end": "2022-03-10 13:53:53.431529", "part_count": "1", "time_type": "UpTime", "machine": "Strippit", "task_type": "Production", "error_count": "", "error_type": "", "tool_change_count": "", "debur_time": "", "search_dir_time": "", "search_book_time": "", "name": "", "product_class": "", "width": "", "height": "", "material": ""}, {"type": "Downtime", "task": "program alteration scheduled", "start": "2022-03-10 14:14:29.895846", "end": "2022-03-10 14:43:23.688318", "part_count": "2", "add": "i did 2 inbetween before sop", "time_type": "UpTime", "machine": "Strippit", "task_type": "Production", "error_count": "", "error_type": "", "tool_change_count": "", "debur_time": "", "search_dir_time": "", "search_book_time": "", "name": "", "product_class": "", "width": "", "height": "", "material": ""}, {"type": "part", "task": "last part", "start": "2022-03-10 14:43:48.720373", "end": "2022-03-10 14:54:11.128726", "part_count": "15", "time_type": "UpTime", "machine": "Strippit", "task_type": "Production", "error_count": "", "error_type": "", "tool_change_count": "", "debur_time": "", "search_dir_time": "", "search_book_time": "", "name": "", "product_class": "", "width": "", "height": "", "material": ""}, {"type": "end ealy", "task": "shit to do", "start": "2022-03-10 14:54:23.064731", "end": "2022-03-10 14:54:24.752577", "part_count": "0", "time_type": "UpTime", "machine": "Strippit", "task_type": "Production", "error_count": "", "error_type": "", "tool_change_count": "", "debur_time": "", "search_dir_time": "", "search_book_time": "", "name": "", "product_class": "", "width": "", "height": "", "material": ""}]