﻿F1,type,task,start,end,total_minutes,day,start_hour,start_minute,day_name,scrap,error_count,code_change_count,tool_change_count,part_count,duration,duration_minutes,program.name,program.punch_count,program.tools,program.part_flip_count,program.uid,program.yields,part.name,part.uid,part.width,part.height,part.material,part.size,setup_end,total_setup
1,Standard,back_burner_support_36,3/2/2022 10:11:06 AM,3/2/2022 10:21:59 AM,10.88,2,10,11,Wednesday,0,0,0,0,1,0 days 00:10:53.135357,10.89,Back burner support 36,26,"['T16', 'T11', 'T14']",0,07843a47-d691-4f12-a76d-ffff68625dcc,1,Back burner support 36,d02ba7e4-4f7e-4cf4-9d12-a683ef88e256,4,0,SS,4x4,,
2,Strippit,cross_support_12,3/2/2022 1:16:44 PM,3/2/2022 2:32:00 PM,75.27,2,13,16,Wednesday,0,0,0,0,45,0 days 01:15:15.784288,75.26,Cross support 12,20,"['T16', 'T04', 'T11', 'T14']",1,a64f3851-72d2-4ac6-b19e-6879eb6d5445,2,Cross support 12,28a80ffa-0841-4fcd-a2d0-a35af1a71131,2,0,14_hr,2x0,,
3,Standard,landing_ledge_36,3/2/2022 10:55:45 AM,3/2/2022 11:02:14 AM,6.48,2,10,55,Wednesday,0,0,0,0,5,0 days 00:06:28.815239,6.48,Landing ledge 36,33,"['T16', 'T11']",0,104cd5e3-83d2-40aa-919b-dde95e798132,1,Landing ledge 36,931d084a-39ab-48c9-a3cc-1661d7e4991d,47,9,16_ss,47x9,,
5,Strippit,high_front_36_low_range,3/2/2022 2:34:19 PM,3/2/2022 3:13:17 PM,38.97,2,14,34,Wednesday,0,0,2,1,0,0 days 00:38:57.768713,38.96,High front 36 low range,73,"['T03', 'T09', 'T01']",1,b2a55ecc-444f-431c-9246-2586ff9c7dd4,1,High front 36 low,0fc02a2b-b47a-4fe4-9cee-29183c2292b0,4,0,SS,4x4,,
6,Standard,landing_ledge_48,3/2/2022 11:02:48 AM,3/2/2022 11:10:25 AM,7.63,2,11,2,Wednesday,0,0,0,0,5,0 days 00:07:37.584173,7.63,Landing ledge 48,33,"['T16', 'T11']",0,da9f1a74-338b-4a3e-ad20-05071466a8e4,1,Landing ledge 48,45d0eb85-bc63-44c8-b413-849500eb8466,47,6,16_ss,47x6,,
9,Strippit,ssp_valve_cover_jet,3/2/2022 2:36:58 PM,3/2/2022 3:10:02 PM,33.07,2,14,36,Wednesday,0,0,0,0,10,0 days 00:33:03.932508,33.07,Ssp valve cover jet,24,[],0,866d4b71-b9b9-4289-9f4e-d63f33b4aa96,1,Valve cover jet,9cca8e14-c028-4199-93cb-75bca7ec1326,11,13,20_ss,11x13,,
10,Strippit,back_manifold_support_bracket,3/3/2022 9:31:05 AM,3/3/2022 11:52:03 AM,140.97,3,9,31,Thursday,0,0,0,2,36,0 days 02:20:57.858056,140.96,Back manifold support bracket,8,"['T20', 'T11', 'T19']",1,9fbf338a-9541-4650-80b5-f563c1135707,1,Back manifold support bracket,b1fb2f6e-6459-406a-b8c2-3f6fe6c9d8c1,16,5,18_GS,16x5,12/30/1899 9:50:00 AM,18.93
13,Strippit,back flue panel,3/3/2022 2:35:30 PM,3/3/2022 2:59:15 PM,23.73,3,14,35,Thursday,0,0,0,3,6,0 days 00:23:44.625702,23.74,Back flue panel,40,"['T01', 'T03', 'T08', 'T09', 'T17', 'T16']",0,ad04dd28-df98-4bdc-b6cd-642a2f2d881c,1,Back flue panel,c2e370ed-2a57-4388-9f39-cd59c8cac9c4,8,41,18_gs,8x41,12/30/1899 2:44:00 PM,8.5
15,Strippit,inside_panel_srb,3/4/2022 11:08:42 AM,3/4/2022 11:38:30 AM,29.78,4,11,8,Friday,1,2,0,3,19,0 days 00:29:47.388739,29.79,Inside panel srb,8,"['T04', 'T09', 'T11', 'T19', 'T08', 'T01', 'T03']",0,00aeaa66-2d36-4f9c-a43f-0bb9e18e5917,1,Inside panel,ab5c5a72-c5fe-43ac-a578-d5f0f4c90576,4,0,SS,4x4,,
17,Strippit,griddle_baffle_60,3/4/2022 9:14:52 AM,3/4/2022 9:46:29 AM,31.62,4,9,14,Friday,0,0,0,0,6,0 days 00:31:37.181732,31.62,Griddle baffle 60,80,"['T02', 'T04', 'T14', 'T10', 'T11']",0,cb621090-c924-4f1d-904a-e5a8b71b244d,1,Griddle baffle 60,74b4ac8d-6781-416c-b24d-45cf25cd9ade,59,11,14_hr,59x11,12/30/1899 9:28:00 AM,13.15
18,Strippit,srb_valve_cover_36,3/4/2022 9:48:23 AM,3/4/2022 10:05:25 AM,17.02,4,9,48,Friday,0,0,1,1,6,0 days 00:17:01.349394,17.02,Srb valve cover 36,30,"['T14', 'T10', 'T11', 'TO1']",0,d0fe67b6-33fc-4118-8550-f3adb1d2eb3c,1,Valve cover,1badce3a-a970-4fcc-9857-a8f275ddfa82,9,35,20_ss,9x35,12/30/1899 9:57:00 AM,8.62
19,Strippit,burner_hangover_stock_pot,3/4/2022 2:04:58 PM,3/4/2022 3:02:47 PM,57.82,4,14,4,Friday,0,0,0,1,10,0 days 00:57:48.915693,57.82,Burner hangover stock pot,8,"['T03', 'T14', 'T08', 'T01', 'T20', 'T05', 'T04', 'T09']",0,34af6a5c-30e9-442d-81a3-dfbcdde2ddfc,1,Burner hangover,2e842c55-bc98-496e-9679-730528f2a905,27,12,SS,27x12,12/30/1899 2:21:00 PM,16.03
