{
  "parts": [
    {
      "name": "SRB Valve Cover 36",
      "product_code": "SRB",
      "size": "9x35",
      "material": "20_ss"
    },
    {
      "name": "Griddle Baffle 60",
      "size": "59x11","material": "14_hr"
    },
    {
      "name": "Inside Panel SRB",
      "product_class": "radiant broiler",
      "size": "28x11","material": "0_as"
    },
    {
      "name": "Front Cross Support",
      "product_code": "SSP",
      "size": "4x18","material": "18_gs"
    },
    {
      "name": "Burner Hangover",
      "product_class": "stock pot",
      "size": "27x12"
    },
    {
      "name": "Landing Ledge 48",
      "size": "47x6","material": "16_ss"
    },
    {
      "name": "Back Burner Support 36"

    },
    {
      "name": "Landing Ledge 36",
      "size": "47x9","material": "16_ss"
    },
    {
      "name": "Cross Support 12",
      "size": "2x0","material": "14_hr"
    },
    {
      "name": "Valve Cover Jet",
      "product_code": "SSP",
      "size": "11x13","material": "20_ss"
    },

    {"name":"Valve Cover", "product_code":"SRB",
      "size": "9x35","material": "20_ss"
    },

    {
      "name": "High Front 36 Low",
      "product_class": "range",
      "size": "42x9","material": "18_ss"
    },
    {"name":"Inside Panel", "product_code":"SHP"},
    {"name":"High Front 36 Low", "product_class":"Range"},
    {"name": "back flue panel","size": "8x41","material": "18_gs"},
    {"name": "back manifold support bracket","product_class": "stock pot","size": "16x5","material": "18_GS"}
  ],
  "programs": [
     {"name":"SSP Valve Cover", "tools":[]},
    {"name": "back manifold support bracket", "tools": [20,11,19], "part_flip_count": 1},
    {"name":"back flue panel", "tools": [1,3,8,9,17,16], "punch_count": 40},
     {"name":"Inside Panel SHP", "tools":[19,8,9,4,1], "part_flip_count": 1},
    {
      "name": "burner hangover stock pot",
      "tools": [
        3,
        14,
        8,
        1,
        20,
        5,
        4,
        9
      ]
    },
    {
      "name": "SRB Valve Cover 36",
      "punch_count": 30,
      "tools": [
        "T14",
        "T10",
        "T11",
        "TO1"
      ]
    },
    {
      "name": "Griddle Baffle 60",
      "punch_count": 80,
      "tools": [
        "T02",
        "T04",
        "T14",
        "T10",
        "T11"
      ]
    },
    {
      "name": "Inside Panel SRB",
      "tools": [
        "T04",
        "T09",
        "T11",
        "T19",
        "T08",
        "T01",
        "T03"
      ]
    },
    {
      "name": "SSP Front Cross Support"
    },
    {
      "name": "Landing Ledge 48",
      "punch_count": 26
    },
    {
      "name": "Back Burner Support 36",
      "punch_count": 26,
      "tools": [16,11,14]
    },
    {
      "name": "Landing Ledge 36",
      "punch_count": 33,
      "tools": [16,11]
    },
    {
      "name": "Landing Ledge 48",
      "punch_count": 33,
      "tools": [16,11]
    },
    {
      "name": "Cross Support 12",
      "punch_count": 20,
      "tools": [16,4,11,14],
      "yields": 2,
      "part_flip": 1
    },
    {
      "name": "SSP Valve Cover Jet",
      "punch_count": 24
    },
    {
      "name": "High Front 36 Low Range",
      "punch_count": 73,
      "tools": [3,9,1],
      "part_flip_count": 1
    }
  ]
}

