name,product_code,product_class,size,material,uid,size_new.width,size_new.height,material_new.gage,material_new.steel,programs.0,program.name,program.punch_count,program.tools,program.yields,program.part_flip_count,program.uid
"Srb Valve Cover 36","SRB","","9x35","20_ss","23654a0b-fcd5-4876-90a3-20bad67c0c09",9,35,20,"ss","d0fe67b6-33fc-4118-8550-f3adb1d2eb3c","Srb valve cover 36",30,"[List]",1,0,"d0fe67b6-33fc-4118-8550-f3adb1d2eb3c"
"Griddle Baffle 60","","","59x11","14_hr","74b4ac8d-6781-416c-b24d-45cf25cd9ade",59,11,14,"hr","cb621090-c924-4f1d-904a-e5a8b71b244d","Griddle baffle 60",80,"[List]",1,0,"cb621090-c924-4f1d-904a-e5a8b71b244d"
"Inside Panel Srb","","Radiant broiler","28x11","0_as","75c3348a-0c2c-40d2-8ebc-fbdf841b781e",28,11,0,"as","00aeaa66-2d36-4f9c-a43f-0bb9e18e5917","Inside panel srb",,"[List]",1,0,"00aeaa66-2d36-4f9c-a43f-0bb9e18e5917"
"Front Cross Support","SSP","","4x18","18_gs","806f23c4-76f4-4535-9102-836c54d22b80",4,18,18,"gs","a64f3851-72d2-4ac6-b19e-6879eb6d5445","Cross support 12",20,"[List]",2,1,"a64f3851-72d2-4ac6-b19e-6879eb6d5445"
"Burner Hangover","","Stock pot","27x12","","2e842c55-bc98-496e-9679-730528f2a905",27,12,,"","34af6a5c-30e9-442d-81a3-dfbcdde2ddfc","Burner hangover stock pot",,"[List]",1,0,"34af6a5c-30e9-442d-81a3-dfbcdde2ddfc"
"Landing Ledge 48","","","47x6","16_ss","45d0eb85-bc63-44c8-b413-849500eb8466",47,6,16,"ss","da9f1a74-338b-4a3e-ad20-05071466a8e4","Landing ledge 48",33,"[List]",1,0,"da9f1a74-338b-4a3e-ad20-05071466a8e4"
"Back Burner Support 36","","","","","d02ba7e4-4f7e-4cf4-9d12-a683ef88e256",,,,"","07843a47-d691-4f12-a76d-ffff68625dcc","Back burner support 36",26,"[List]",1,0,"07843a47-d691-4f12-a76d-ffff68625dcc"
"Landing Ledge 36","","","47x9","16_ss","931d084a-39ab-48c9-a3cc-1661d7e4991d",47,9,16,"ss","104cd5e3-83d2-40aa-919b-dde95e798132","Landing ledge 36",33,"[List]",1,0,"104cd5e3-83d2-40aa-919b-dde95e798132"
"Cross Support 12","","","2x0","14_hr","28a80ffa-0841-4fcd-a2d0-a35af1a71131",2,0,14,"hr","a64f3851-72d2-4ac6-b19e-6879eb6d5445","Cross support 12",20,"[List]",2,1,"a64f3851-72d2-4ac6-b19e-6879eb6d5445"
"Valve Cover Jet","SSP","","11x13","20_ss","9cca8e14-c028-4199-93cb-75bca7ec1326",11,13,20,"ss","866d4b71-b9b9-4289-9f4e-d63f33b4aa96","Ssp valve cover jet",24,"",1,0,"866d4b71-b9b9-4289-9f4e-d63f33b4aa96"
"Valve Cover","SRB","","9x35","20_ss","1badce3a-a970-4fcc-9857-a8f275ddfa82",9,35,20,"ss","d0fe67b6-33fc-4118-8550-f3adb1d2eb3c","Srb valve cover 36",30,"[List]",1,0,"d0fe67b6-33fc-4118-8550-f3adb1d2eb3c"
"High Front 36 Low","","Range","42x9","18_ss","7c166564-6bec-4388-b016-c351e8d35fed",42,9,18,"ss","b2a55ecc-444f-431c-9246-2586ff9c7dd4","High front 36 low range",73,"[List]",1,1,"b2a55ecc-444f-431c-9246-2586ff9c7dd4"
"Inside Panel","SHP","","","","ab5c5a72-c5fe-43ac-a578-d5f0f4c90576",,,,"","00aeaa66-2d36-4f9c-a43f-0bb9e18e5917","Inside panel srb",,"[List]",1,0,"00aeaa66-2d36-4f9c-a43f-0bb9e18e5917"
"High Front 36 Low","","Range","","","0fc02a2b-b47a-4fe4-9cee-29183c2292b0",,,,"","b2a55ecc-444f-431c-9246-2586ff9c7dd4","High front 36 low range",73,"[List]",1,1,"b2a55ecc-444f-431c-9246-2586ff9c7dd4"
"Back Flue Panel","","","8x41","18_gs","c2e370ed-2a57-4388-9f39-cd59c8cac9c4",8,41,18,"gs","ad04dd28-df98-4bdc-b6cd-642a2f2d881c","Back flue panel",40,"[List]",1,0,"ad04dd28-df98-4bdc-b6cd-642a2f2d881c"
"Back Manifold Support Bracket","","Stock pot","16x5","18_gs","b1fb2f6e-6459-406a-b8c2-3f6fe6c9d8c1",16,5,18,"gs","9fbf338a-9541-4650-80b5-f563c1135707","Back manifold support bracket",,"[List]",1,1,"9fbf338a-9541-4650-80b5-f563c1135707"
