programs.name,programs.tools,programs.yields,programs.part_flip_count,programs.punch_count,programs.uid,tools_names,tool_numbers,tools - Copy,tool_list,tools,tools - Copy.1,tool_names,programs.punch_count - Copy,punch_count_guess
"Ssp valve cover","[List]","1",0,32,"c2e6b488-fbf7-416c-b0d1-79efb9f6c3fe",,"","","14,10,11,1","[List]","[List]","[List]",,"True"
"Back manifold support bracket","[List]","1",1,32,"9fbf338a-9541-4650-80b5-f563c1135707",201119,"20,11,19","20,11,19","20,11,19","[List]","[List]","[List]",,"True"
"Back flue panel","[List]","1",0,40,"ad04dd28-df98-4bdc-b6cd-642a2f2d881c",13891716,"1,3,8,9,17,16","1,3,8,9,17,16","1,3,8,9,17,16","[List]","[List]","[List]",40,"False"
"Inside panel shp","[List]","1",1,32,"d73f8a65-44fa-4fb6-9838-f7e2c12a2da2",198941,"19,8,9,4,1","19,8,9,4,1","19,8,9,4,1","[List]","[List]","[List]",,"True"
"Burner hangover stock pot","[List]","1",0,32,"34af6a5c-30e9-442d-81a3-dfbcdde2ddfc",3148120549,"3,14,8,1,20,5,4,9","3,14,8,1,20,5,4,9","3,14,8,1,20,5,4,9","[List]","[List]","[List]",,"True"
"Srb valve cover 36","[List]","1",0,30,"d0fe67b6-33fc-4118-8550-f3adb1d2eb3c",1410111,"14,10,11,1","14,10,11,1","14,10,11,1","[List]","[List]","[List]",30,"False"
"Griddle baffle 60","[List]","1",0,80,"cb621090-c924-4f1d-904a-e5a8b71b244d",24141011,"2,4,14,10,11","2,4,14,10,11","2,4,14,10,11","[List]","[List]","[List]",80,"False"
"Inside panel srb","[List]","1",0,32,"00aeaa66-2d36-4f9c-a43f-0bb9e18e5917",491119813,"4,9,11,19,8,1,3,","4,9,11,19,8,1,3,","4,9,11,19,8,1,3,","[List]","[List]","[List]",,"True"
"Ssp front cross support","","1",0,32,"ff632909-7d9e-4dd8-83f8-3766f847b447",,"","","16,11,","[List]","[List]","[List]",,"True"
"Landing ledge 48","","1",0,26,"dea3a5ad-ace1-4f9f-9875-2f8612abd3c1",,"","","16,11,","[List]","[List]","[List]",26,"False"
"Back burner support 36","[List]","1",0,26,"07843a47-d691-4f12-a76d-ffff68625dcc",161114,"16,11,14","16,11,14","16,11,14","[List]","[List]","[List]",26,"False"
"Landing ledge 36","[List]","1",0,33,"104cd5e3-83d2-40aa-919b-dde95e798132",1611,"16,11,","16,11,","16,11,","[List]","[List]","[List]",33,"False"
"Landing ledge 48","[List]","1",0,33,"da9f1a74-338b-4a3e-ad20-05071466a8e4",1611,"16,11,","16,11,","16,11,","[List]","[List]","[List]",33,"False"
"Cross support 12","[List]","2",1,20,"a64f3851-72d2-4ac6-b19e-6879eb6d5445",1641114,"16,4,11,14","16,4,11,14","16,4,11,14","[List]","[List]","[List]",20,"False"
"Ssp valve cover jet","","1",0,24,"866d4b71-b9b9-4289-9f4e-d63f33b4aa96",,"","","16,11,","[List]","[List]","[List]",24,"False"
"High front 36 low range","[List]","1",1,73,"b2a55ecc-444f-431c-9246-2586ff9c7dd4",391,"3,9,1","3,9,1","3,9,1","[List]","[List]","[List]",73,"False"
"Repair Or Other","[List]","1",0,0,"Q2a55ecc-4z9f-431c-9246-25safdsdfc7dd4",,"","","16,11,","[List]","[List]","[List]",0,"False"
