[
  {
    "type": "strippit",
    "task": "back_manifold_support_bracket",
    "start": "2022-03-03 09:31:04.803210",
    "end": "2022-03-03 11:52:02.661266",
    "part_count": 36,
    "setup_end": "09:50",
    "tool_change_count": 2
  },
  {
    "type": "strippit",
    "task": "Dbl ssp back panel 18 h",
    "start": "2022-03-08 09:27:26.048676",
    "end": "2022-03-08 10:02:05.025927",
    "part_count": "22"
  },
  {
    "type": "strippit",
    "task": "inside_panel_srb",
    "start": "2022-03-04 11:08:42.300732",
    "end": "2022-03-04 11:38:29.689471",
    "part_count": "19",
    "errors": "1",
    "scrap": "1"
  },
  {
    "time_type": "UpTime",
    "machine": "Strippit",
    "task_type": "Production",
    "task": "tracks hot plate srb shp",
    "start": "2022-03-09 11:18:12.602239",
    "end": "2022-03-09 11:18:14.053042",
    "part_count": "39"
  },
  {
    "time_type": "UpTime",
    "machine": "Strippit",
    "task_type": "Production",
    "task": "Big Burner ",
    "start": "2022-03-09 10:04:02.887622",
    "end": "2022-03-09 10:18:52.120384",
    "part_count": "15"
  },
  {
    "time_type": "UpTime",
    "machine": "Strippit",
    "task_type": "Production",
    "task": "tracks hot plate srb shp ",
    "start": "2022-03-09 10:21:34.672670",
    "end": "2022-03-09 10:32:40.965440",
    "part_count": "14"
  },
  {
    "type": "strippit",
    "task": "griddle_baffle_60",
    "start": "2022-03-04 09:14:51.592184",
    "end": "2022-03-04 09:46:28.773916",
    "part_count": "6"
  },
  {
    "type": "dbbl ssp back panel 24 ",
    "task": "Dbbl ssp back panel 24 ",
    "start": "2022-03-08 10:06:06.373951",
    "end": "2022-03-08 10:24:35.052299",
    "part_count": "6",
    "downtime": "start"
  },
  {
    "type": "strippit",
    "task": "ssp_front_cross_support",
    "start": "2022-03-04 11:40:23.850472",
    "end": "2022-03-04 12:10:06.762003",
    "part_count": "0",
    "error": "turret fault",
    "tool chaneg": "4",
    "tc count ": "1",
    "notess": "downtime for error"
  },
  {
    "type": "strippit",
    "task": "Ssp dbl side panel 18 h",
    "start": "2022-03-07 09:53:55.843329",
    "end": "2022-03-07 10:14:26.935091",
    "part_count": "22",
    "scrap": "1"
  },
  {
    "type": "strippit",
    "task": "Ssp dbl sidew panel 18 h",
    "start": "2022-03-07 09:38:08.999666",
    "end": "2022-03-07 09:53:20.462467",
    "part_count": "1",
    "setup": "1"
  },
  {
    "type": "strippit",
    "task": "Dbl ssp back panel 24 setup",
    "start": "2022-03-08 10:03:08.814439",
    "end": "2022-03-08 10:05:52.349527",
    "part_count": "1"
  },
  {
    "type": "strippit",
    "task": "inside_panel_shp_single",
    "start": "2022-03-03 11:57:21.650627",
    "end": "2022-03-03 13:04:45.505329",
    "part_count": 12,
    "scrap": 1,
    "setup_end": "13:01",
    "tool_change_count": 3
  },
  {
    "time_type": "UpTime",
    "task_type": "Production",
    "machine": "Strippit",
    "task": "tracks shp",
    "start": "2022-03-09 11:18:47.218700",
    "end": "2022-03-09 12:28:36.403258",
    "part_count": "160"
  },
  {
    "type": "Strippit",
    "task": "valvecover thermo 76 smg",
    "start": "2022-03-14 10:05:59.440264",
    "end": "2022-03-14 10:12:55.176298",
    "part_count": "3"
  },
  {
    "type": "Strippit",
    "task": "High Front Range 24",
    "start": "2022-03-14 11:03:46.321391",
    "end": "2022-03-14 11:25:37.489687",
    "part_count": "6",
    "tool_change": "3"
  },
  {
    "type": "strippit",
    "task": "Dbl ssp leg chanel ",
    "start": "2022-03-08 11:25:31.901522",
    "end": "2022-03-08 11:43:06.057773",
    "part_count": "15",
    "time_type": "UpTime",
    "machine": "Strippit",
    "task_type": "",
    "part": {
      "name": "null",
      "product_class": "SSP",
      "width": "null",
      "height": "null",
      "material": "null",
      "uid": "2b0603d2-c789-47a7-880e-ae3a08964f82"
    }
  },
  {
    "type": "strippit",
    "task": "Ssp back panel 18 h setup",
    "start": "2022-03-08 11:44:42.980743",
    "end": "2022-03-08 11:53:42.991292",
    "part_count": "1",
    "error downtime": "error caxis about half the time",
    "time_type": "DownTime",
    "machine": "Strippit",
    "task_type": "Setup",
    "part": {
      "name": "SSP back Panel 18 H ",
      "product_class": "SSP",
      "width": "null",
      "height": "nuul",
      "material": "null",
      "uid": "02978b29-1372-4297-b403-930c9fd9fbe0"
    }
  },
  {
    "type": "strippit",
    "task": "Ssp back panel 18 h ",
    "start": "2022-03-08 11:54:21.133359",
    "end": "2022-03-08 12:20:20.044097",
    "part_count": "0",
    "see notes for count": "1"
  },
  {
    "type": "strippit",
    "task": "Back panel ssp 24 h",
    "start": "2022-03-08 12:22:21.459110",
    "end": "2022-03-08 12:34:50.010825",
    "part_count": "0"
  },
  {
    "type": "error",
    "task": "Back panel ssp 24 h debug",
    "start": "2022-03-08 12:35:19.619677",
    "end": "2022-03-08 12:45:37.739563",
    "part_count": "0",
    "error wron part": "1",
    "time_type": "DownTime",
    "machine": "Strippit",
    "task_type": "Debug"
  },
  {
    "type": "strippit",
    "task": "Back panel ssp 24 h ",
    "start": "2022-03-08 12:46:01.326804",
    "end": "2022-03-08 13:22:36.110259",
    "part_count": "40",
    "time_type": "UpTime",
    "machine": "Strippit",
    "task_type": "Production",
    "part": {
      "name": "Back Panel SSP 24",
      "product_class": "SSP",
      "width": "null",
      "height": "null",
      "material": "null",
      "uid": "2b802aad-1f84-4a63-8a8e-4089987c61cb"
    }
  },
  {
    "type": "break",
    "task": "Break",
    "start": "2022-03-08 13:22:51.538686",
    "end": "2022-03-08 13:48:36.799400",
    "part_count": "0",
    "time_type": "DownTime",
    "machine": "Strippit",
    "task_type": "Scheduled"
  },
  {
    "type": "strippit",
    "task": "Dbl ssp back panel 18 h",
    "start": "2022-03-08 08:58:12.161595",
    "end": "2022-03-08 09:26:57.968626",
    "part_count": "1",
    "setup finished": "1",
    "time_type": "SSP back Panel 18",
    "machine": "Strippit",
    "task_type": "Production",
    "part": {
      "name": "Dbl SSP back Panel 18",
      "product_class": "SSP",
      "width": "null",
      "height": "null",
      "material": "null",
      "uid": "2fd5ec47-b7a5-4f52-b1a3-b402c723d894"
    }
  },
  {
    "type": "strippit",
    "task": "Dbl ssp back panel 18 h",
    "start": "2022-03-08 09:27:26.048676",
    "end": "2022-03-08 10:02:05.025927",
    "part_count": "22",
    "see paper notes": "1",
    "time_type": "UpTime",
    "machine": "Strippit",
    "task_type": "Production",
    "part": {
      "name": "Dbl SSP back panel 18",
      "product_class": "SSP",
      "width": "null",
      "height": "null",
      "material": "null",
      "uid": "fcc08d9b-deb5-42fb-9349-858ae158c741"
    }
  },
  {
    "type": "strippit",
    "task": "Dbbl ssp back panel 24 setup",
    "start": "2022-03-08 10:03:08.814439",
    "end": "2022-03-08 10:05:52.349527",
    "part_count": "1",
    "time_type": "DownTime",
    "machine": "Strippit",
    "task_type": "Setup",
    "part": {
      "name": "ssp back panel 24",
      "product_class": "SSP",
      "width": "null",
      "height": "null",
      "material": "null",
      "uid": "c7a38930-7ce7-43cb-9869-8862cabbae6e"
    }
  },
  {
    "type": "dbbl ssp back panel 24 ",
    "task": "Dbbl ssp back panel 24 ",
    "start": "2022-03-08 10:06:06.373951",
    "end": "2022-03-08 10:26:35.052299",
    "part_count": "6",
    "downtime": "start",
    "time_type": "DownTime",
    "machine": "Strippit",
    "task_type": "Debug"
  },
  {
    "type": "dbbl ssp back panel 24 break end",
    "task": "Dbbl ssp back panel 24 ",
    "start": "2022-03-08 10:26:08.186278",
    "end": "2022-03-08 11:18:20.123963",
    "part_count": "20",
    "time_type": "Uptime",
    "machine": "Strippit"
  },
  {
    "type": "strippit",
    "task": "Dbl ssp leg chanel setup",
    "start": "2022-03-08 11:19:19.435267",
    "end": "2022-03-08 11:24:52.823453",
    "part_count": "1",
    "time_type": "UpTime",
    "machine": "Strippit",
    "task_type": "Setup",
    "part": {
      "name": "DBBl SSP Leg Chanel ",
      "product_class": "SSP",
      "width": "null",
      "height": "null",
      "material": "null",
      "uid": "9835645a-ec05-4437-8ab8-0ea1aa706544"
    }
  },
  {
    "type": "strippt",
    "task": "cross_support_12",
    "start": "2022-03-02 13:16:43.746311",
    "end": "2022-03-02 14:31:59.530599",
    "part_count": 45
  },
  {
    "task": "back_burner_support_36",
    "start": "2022-03-02 10:22:14.601510",
    "end": "2022-03-02 10:42:15.674208",
    "part_count": 14
  },
  {
    "task": "landing_ledge_36",
    "start": "2022-03-02 10:55:44.938495",
    "end": "2022-03-02 11:02:13.753734",
    "part_count": 5
  },
  {
    "type": "strippit",
    "task": "ssp_valve_cover_jet",
    "start": "2022-03-02 14:36:58.067492",
    "end": "2022-03-02 15:10:02.000000",
    "part_count": 10
  },
  {
    "task": "landing_ledge_36_tchange",
    "start": "2022-03-02 10:45:53.729680",
    "end": "2022-03-02 10:55:23.874290",
    "part_count": 0
  },
  {
    "type": "setup",
    "task": "srb_valve_cover_36",
    "start": "2022-03-04 09:48:23.340517",
    "end": "2022-03-04 10:54:24.689911"
  },
  {
    "type": "repair",
    "task": "Strippit hose broke",
    "start": "2022-03-07 10:27:57.216114",
    "end": "2022-03-07 11:08:35.749997",
    "part_count": "0",
    "plus lunch": "1"
  },
  {
    "type": "strippit",
    "task": "srb_valve_cover_36",
    "start": "2022-03-04 09:48:23.340517",
    "end": "2022-03-04 10:05:24.689911",
    "part_count": 6,
    "tool_change_count": 1
  },
  {
    "type": "strippit",
    "task": "burner_hangover_stock_pot",
    "start": "2022-03-04 14:04:58.227111",
    "end": "2022-03-04 15:02:47.142804",
    "part_count": "10"
  },
  {
    "type": "strippit",
    "task": "landing ledge 36",
    "start": "2022-03-14 12:49:20.351332",
    "end": "2022-03-14 12:54:07.875437",
    "part_count": "8"
  },
  {
    "type": "strippit",
    "task": "valve cover thermo 36 SMG",
    "start": "2022-03-14 09:33:41.991655",
    "end": "2022-03-14 09:40:21.343773",
    "part_count": "5"
  },
  {
    "type": "strippit",
    "task": "valve cover 60",
    "start": "2022-03-14 09:55:22.744104",
    "end": "2022-03-14 10:03:46.544112",
    "part_count": "6"
  },
  {
    "type": "strippit",
    "task": "high front 24 range",
    "start": "2022-03-14 10:16:18.216517",
    "end": "2022-03-14 10:31:35.712973",
    "part_count": "0",
    "tool change": "3",
    "completed ": "2"
  },
  {
    "type": "Strippit",
    "task": "landing ledge 72 Ends here",
    "start": "2022-03-14 12:23:21.899040",
    "end": "2022-03-14 12:23:24.843086",
    "part_count": "6",
    "scrap ": "1"
  },
  {
    "type": "Strippit",
    "task": "landing ledge 48 End here",
    "start": "2022-03-14 12:34:58.195300",
    "end": "2022-03-14 12:35:04.443171",
    "part_count": "6"
  },
  {
    "type": "Strippit",
    "task": "landing ledge 60 griddle ",
    "start": "2022-03-14 12:37:07.147462",
    "end": "2022-03-14 12:42:15.411489",
    "part_count": "2"
  },
  {
    "type": "Back liner 24 RANGE",
    "task": "Strippit",
    "start": "2022-03-14 08:34:15.566215",
    "end": "2022-03-14 09:14:54.175115",
    "part_count": "13"
  },
  {
    "type": "Strippit",
    "task": "valve cover thewrmo 48",
    "start": "2022-03-14 09:42:21.351805",
    "end": "2022-03-14 09:52:58.184098",
    "part_count": "6",
    "tool_change": "1"
  },
  {
    "type": "Strippit",
    "task": "waiting _for_next",
    "start": "2022-03-14 09:22:09.279399",
    "end": "2022-03-14 09:33:30.687455",
    "part_count": "0"
  },
  {
    "type": "strippit",
    "task": "inside_panel_shp_single",
    "start": "2022-03-03 13:59:46.802728",
    "end": "2022-03-03 14:24:41.581754",
    "setup_end": "13:03",
    "part_count": 12,
    "scrap": 1,
    "tool_change_count": 3
  },
  {
    "type": "strippit",
    "task": "srb_valve_cover_36",
    "start": "2022-03-04 09:48:23.340517",
    "end": "2022-03-04 10:05:24.689911",
    "part_count": "6",
    "tool_change": "1"
  },
  {
    "type": "Strippit",
    "task": "back flue panel smg all ",
    "start": "2022-03-15 09:09:20.613902",
    "end": "2022-03-15 10:06:50.332762",
    "part_count": "14",
    "scrap": "1"
  },
  {
    "type": "Repair",
    "start": "2022-03-15 11:55:56.023861",
    "end": "2022-03-15 11:55:57.755465",
    "count": "2",
    "part": "clamps screw"
  },
  {
    "type": "Down",
    "task": "computer crash",
    "start": "2022-03-15 14:36:27.077263",
    "end": "2022-03-15 14:59:17.464890",
    "part_count": "0"
  },
  {
    "type": "Down",
    "task": "Maintainence",
    "start": "2022-03-15 14:59:31.595295",
    "end": "2022-03-15 15:21:51.684050",
    "part_count": "0",
    "description": "grinding die"
  },
  {
    "type": "Repair",
    "task": "clamp screw broke",
    "start": "2022-03-15 11:49:18.706762",
    "end": "2022-03-15 12:03:53.509500",
    "part_count": "2"
  },
  {
    "type": "repair",
    "task": "hose broke",
    "start": "2022-03-15 12:13:27.652909",
    "end": "2022-03-15 12:29:15.650974",
    "part_count": "1"
  },
  {
    "type": "strippit",
    "task": "outside panel hot plate part search",
    "start": "2022-03-15 11:46:40.148083",
    "end": "2022-03-15 11:47:54.731814",
    "part_count": "0"
  },
  {
    "type": "Strippit",
    "task": "manifold support 12",
    "start": "2022-03-10 13:02:38.078267",
    "end": "2022-03-10 13:16:30.846582",
    "part_count": "18"
  },
  {
    "type": "Oven base 60",
    "task": "Oven base 60",
    "start": "2022-03-15 10:11:29.789254",
    "end": "2022-03-15 11:44:51.727893",
    "part_count": "13"
  },
  {
    "time_type": "UpTime",
    "machine": "Strippit",
    "task_type": "Setup",
    "action": "De-burr",
    "task": "De-burr for valve cover regular",
    "start": "2022-03-09 12:34:17.841058",
    "end": "2022-03-09 12:39:14.319578",
    "part_count": "22"
  },
  {
    "time_type": "UpTime",
    "machine": "Strippit",
    "task_type": "Production",
    "task": "valve cover regular",
    "start": "2022-03-09 12:49:46.744689",
    "end": "2022-03-09 13:09:58.648418",
    "part_count": "8"
  },
  {
    "time_type": "DownTime",
    "scheduled": "Unscheduled",
    "state_type": "Searching",
    "task": "dbl ssp jet orific bracket",
    "start": "2022-03-09 13:11:12.748548",
    "end": "2022-03-09 13:15:59.071451",
    "part_count": "0"
  },
  {
    "time_type": "UpTime",
    "type": "Strippit",
    "task_type": "Production",
    "task": "dbl ssp jet orific bracket",
    "start": "2022-03-09 13:23:40.348661",
    "end": "2022-03-09 13:33:05.740454",
    "part_count": "see note"
  },
  {
    "time_type": "UpTime",
    "task_type": "Production",
    "machine": "Strippit",
    "task": "dbl ssp jet orific bracket",
    "start": "2022-03-09 13:44:45.011682",
    "end": "2022-03-09 14:02:46.873582",
    "part_count": "9",
    "yield": "4"
  },
  {
    "time_type": "DownTime",
    "scheduled": "Unscheduled",
    "task_type": "Setup",
    "state": "Searching",
    "task": "SSP burner connector",
    "start": "2022-03-09 14:05:18.537049",
    "end": "2022-03-09 14:09:35.297900",
    "part_count": "1",
    "search ": "and run",
    "notes": "Time here is search for, identify, test run, confirm"
  },
  {
    "time_type": "UpTime",
    "task_type": "Production",
    "type": "Strippit",
    "task": "SSP burner connector",
    "start": "2022-03-09 14:09:59.711943",
    "end": "2022-03-09 14:34:24.808918",
    "part_count": "11",
    "yield": 4
  },
  {
    "time_type": "UpTime",
    "task_type": "Setup",
    "machine": "Strippit",
    "task": "dbl ssp back spacer",
    "start": "2022-03-09 14:38:06.313707",
    "end": "2022-03-09 14:48:30.580003",
    "part_count": "1",
    "tool_change": 1
  },
  {
    "time_type": "UpTime",
    "task_type": "Production",
    "machine": "Strippit",
    "task": "dbl ssp back spacer",
    "start": "2022-03-09 14:49:12.809278",
    "end": "2022-03-09 14:54:59.317086",
    "part_count": "0"
  },
  {
    "time_type": "UpTime",
    "task_type": "Production",
    "machine": "Strippit",
    "task": "crumb tray 12",
    "start": "2022-03-09 14:55:49.814375",
    "end": "2022-03-09 15:03:19.048364",
    "part_count": "10"
  },
  {
    "time_type": "UpTime",
    "machine": "Strippit",
    "task": "dbl ssp back spacer",
    "start": "2022-03-09 15:03:49.811618",
    "end": "2022-03-09 15:23:41.045310",
    "part_count": "18"
  },
  {
    "time_type": "DownTime",
    "scheduled": "Unscheduled",
    "task": "debug",
    "state": "error",
    "start": "2022-03-09 12:40:13.584082",
    "end": "2022-03-09 12:49:20.458643"
  },
  {
    "time_type": "DownTime",
    "scheduled": "unscheduled",
    "task": "tool_change",
    "start": "2022-03-09 13:16:20.365488",
    "end": "2022-03-09 13:22:29.540137",
    "part_count": "1",
    "tool": "T7"
  }
]