[
  {
    "parts": [
      {
        "name": "Srb valve cover 36",
        "product_code": "SRB",
        "size": "9x35",
        "material": "20_ss",
        "uid": "23654a0b-fcd5-4876-90a3-20bad67c0c09",
        "size_new": {
          "width": "9",
          "height": "35"
        },
        "material_new": {
          "gage": "20",
          "steel": "ss"
        },
        "programs": [
          "d0fe67b6-33fc-4118-8550-f3adb1d2eb3c"
        ]
      },
      {
        "name": "Griddle baffle 60",
        "size": "59x11",
        "material": "14_hr",
        "uid": "74b4ac8d-6781-416c-b24d-45cf25cd9ade",
        "size_new": {
          "width": "59",
          "height": "11"
        },
        "material_new": {
          "gage": "14",
          "steel": "hr"
        },
        "programs": [
          "cb621090-c924-4f1d-904a-e5a8b71b244d"
        ]
      },
      {
        "name": "Inside panel srb",
        "product_class": "Radiant broiler",
        "size": "28x11",
        "material": "0_as",
        "uid": "75c3348a-0c2c-40d2-8ebc-fbdf841b781e",
        "size_new": {
          "width": "28",
          "height": "11"
        },
        "material_new": {
          "gage": "0",
          "steel": "as"
        },
        "programs": [
          "00aeaa66-2d36-4f9c-a43f-0bb9e18e5917"
        ]
      },
      {
        "name": "Front cross support",
        "product_code": "SSP",
        "size": "4x18",
        "material": "18_gs",
        "uid": "806f23c4-76f4-4535-9102-836c54d22b80",
        "size_new": {
          "width": "4",
          "height": "18"
        },
        "material_new": {
          "gage": "18",
          "steel": "gs"
        },
        "programs": [
          "a64f3851-72d2-4ac6-b19e-6879eb6d5445"
        ]
      },
      {
        "name": "Burner hangover",
        "product_class": "Stock pot",
        "size": "27x12",
        "uid": "2e842c55-bc98-496e-9679-730528f2a905",
        "size_new": {
          "width": "27",
          "height": "12"
        },
        "programs": [
          "34af6a5c-30e9-442d-81a3-dfbcdde2ddfc"
        ]
      },
      {
        "name": "Landing ledge 48",
        "size": "47x6",
        "material": "16_ss",
        "uid": "45d0eb85-bc63-44c8-b413-849500eb8466",
        "size_new": {
          "width": "47",
          "height": "6"
        },
        "material_new": {
          "gage": "16",
          "steel": "ss"
        },
        "programs": [
          "da9f1a74-338b-4a3e-ad20-05071466a8e4"
        ]
      },
      {
        "name": "Back burner support 36",
        "uid": "d02ba7e4-4f7e-4cf4-9d12-a683ef88e256",
        "programs": [
          "07843a47-d691-4f12-a76d-ffff68625dcc"
        ]
      },
      {
        "name": "Landing ledge 36",
        "size": "47x9",
        "material": "16_ss",
        "uid": "931d084a-39ab-48c9-a3cc-1661d7e4991d",
        "size_new": {
          "width": "47",
          "height": "9"
        },
        "material_new": {
          "gage": "16",
          "steel": "ss"
        },
        "programs": [
          "104cd5e3-83d2-40aa-919b-dde95e798132"
        ]
      },
      {
        "name": "Cross support 12",
        "size": "2x0",
        "material": "14_hr",
        "uid": "28a80ffa-0841-4fcd-a2d0-a35af1a71131",
        "size_new": {
          "width": "2",
          "height": "0"
        },
        "material_new": {
          "gage": "14",
          "steel": "hr"
        },
        "programs": [
          "a64f3851-72d2-4ac6-b19e-6879eb6d5445"
        ]
      },
      {
        "name": "Valve cover jet",
        "product_code": "SSP",
        "size": "11x13",
        "material": "20_ss",
        "uid": "9cca8e14-c028-4199-93cb-75bca7ec1326",
        "size_new": {
          "width": "11",
          "height": "13"
        },
        "material_new": {
          "gage": "20",
          "steel": "ss"
        },
        "programs": [
          "866d4b71-b9b9-4289-9f4e-d63f33b4aa96"
        ]
      },
      {
        "name": "Valve cover",
        "product_code": "SRB",
        "size": "9x35",
        "material": "20_ss",
        "uid": "1badce3a-a970-4fcc-9857-a8f275ddfa82",
        "size_new": {
          "width": "9",
          "height": "35"
        },
        "material_new": {
          "gage": "20",
          "steel": "ss"
        },
        "programs": [
          "d0fe67b6-33fc-4118-8550-f3adb1d2eb3c"
        ]
      },
      {
        "name": "High front 36 low",
        "product_class": "Range",
        "size": "42x9",
        "material": "18_ss",
        "uid": "7c166564-6bec-4388-b016-c351e8d35fed",
        "size_new": {
          "width": "42",
          "height": "9"
        },
        "material_new": {
          "gage": "18",
          "steel": "ss"
        },
        "programs": [
          "b2a55ecc-444f-431c-9246-2586ff9c7dd4"
        ]
      },
      {
        "name": "Inside panel",
        "product_code": "SHP",
        "uid": "ab5c5a72-c5fe-43ac-a578-d5f0f4c90576",
        "programs": [
          "00aeaa66-2d36-4f9c-a43f-0bb9e18e5917"
        ]
      },
      {
        "name": "High front 36 low",
        "product_class": "Range",
        "uid": "0fc02a2b-b47a-4fe4-9cee-29183c2292b0",
        "programs": [
          "b2a55ecc-444f-431c-9246-2586ff9c7dd4"
        ]
      },
      {
        "name": "Back flue panel",
        "size": "8x41",
        "material": "18_gs",
        "uid": "c2e370ed-2a57-4388-9f39-cd59c8cac9c4",
        "size_new": {
          "width": "8",
          "height": "41"
        },
        "material_new": {
          "gage": "18",
          "steel": "gs"
        },
        "programs": [
          "ad04dd28-df98-4bdc-b6cd-642a2f2d881c"
        ]
      },
      {
        "name": "Back manifold support bracket",
        "product_class": "Stock pot",
        "size": "16x5",
        "material": "18_GS",
        "uid": "b1fb2f6e-6459-406a-b8c2-3f6fe6c9d8c1",
        "size_new": {
          "width": "16",
          "height": "5"
        },
        "material_new": {
          "gage": "18",
          "steel": "GS"
        },
        "programs": [
          "9fbf338a-9541-4650-80b5-f563c1135707"
        ]
      }
    ]
  },
  {
    "programs": [
      {
        "name": "Ssp valve cover",
        "tools": [],
        "uid": "c2e6b488-fbf7-416c-b0d1-79efb9f6c3fe"
      },
      {
        "name": "Back manifold support bracket",
        "tools": [
          "T20",
          "T11",
          "T19"
        ],
        "part_flip_count": 1,
        "uid": "9fbf338a-9541-4650-80b5-f563c1135707"
      },
      {
        "name": "Back flue panel",
        "tools": [
          "T01",
          "T03",
          "T08",
          "T09",
          "T17",
          "T16"
        ],
        "punch_count": 40,
        "uid": "ad04dd28-df98-4bdc-b6cd-642a2f2d881c"
      },
      {
        "name": "Inside panel shp",
        "tools": [
          "T19",
          "T08",
          "T09",
          "T04",
          "T01"
        ],
        "part_flip_count": 1,
        "uid": "d73f8a65-44fa-4fb6-9838-f7e2c12a2da2"
      },
      {
        "name": "Burner hangover stock pot",
        "tools": [
          "T03",
          "T14",
          "T08",
          "T01",
          "T20",
          "T05",
          "T04",
          "T09"
        ],
        "uid": "34af6a5c-30e9-442d-81a3-dfbcdde2ddfc"
      },
      {
        "name": "Srb valve cover 36",
        "punch_count": 30,
        "tools": [
          "TT14",
          "TT10",
          "TT11",
          "TTO1"
        ],
        "uid": "d0fe67b6-33fc-4118-8550-f3adb1d2eb3c"
      },
      {
        "name": "Griddle baffle 60",
        "punch_count": 80,
        "tools": [
          "TT02",
          "TT04",
          "TT14",
          "TT10",
          "TT11"
        ],
        "uid": "cb621090-c924-4f1d-904a-e5a8b71b244d"
      },
      {
        "name": "Inside panel srb",
        "tools": [
          "TT04",
          "TT09",
          "TT11",
          "TT19",
          "TT08",
          "TT01",
          "TT03"
        ],
        "uid": "00aeaa66-2d36-4f9c-a43f-0bb9e18e5917"
      },
      {
        "name": "Ssp front cross support",
        "uid": "ff632909-7d9e-4dd8-83f8-3766f847b447"
      },
      {
        "name": "Landing ledge 48",
        "punch_count": 26,
        "uid": "dea3a5ad-ace1-4f9f-9875-2f8612abd3c1"
      },
      {
        "name": "Back burner support 36",
        "punch_count": 26,
        "tools": [
          "T16",
          "T11",
          "T14"
        ],
        "uid": "07843a47-d691-4f12-a76d-ffff68625dcc"
      },
      {
        "name": "Landing ledge 36",
        "punch_count": 33,
        "tools": [
          "T16",
          "T11"
        ],
        "uid": "104cd5e3-83d2-40aa-919b-dde95e798132"
      },
      {
        "name": "Landing ledge 48",
        "punch_count": 33,
        "tools": [
          "T16",
          "T11"
        ],
        "uid": "da9f1a74-338b-4a3e-ad20-05071466a8e4"
      },
      {
        "name": "Cross support 12",
        "punch_count": 20,
        "tools": [
          "T16",
          "T04",
          "T11",
          "T14"
        ],
        "yields": 2,
        "part_flip_count": 1,
        "uid": "a64f3851-72d2-4ac6-b19e-6879eb6d5445"
      },
      {
        "name": "Ssp valve cover jet",
        "punch_count": 24,
        "uid": "866d4b71-b9b9-4289-9f4e-d63f33b4aa96"
      },
      {
        "name": "High front 36 low range",
        "punch_count": 73,
        "tools": [
          "T03",
          "T09",
          "T01"
        ],
        "part_flip_count": 1,
        "uid": "b2a55ecc-444f-431c-9246-2586ff9c7dd4"
      }
    ]
  }
]